<?xml version="1.0" encoding="UTF-8"?><measure><measureDetails><uuid>40280581-50f8-d482-0151-ef05161c026b</uuid><title>simple discharged on antithrombotic therapy</title><shortTitle>_cms104v2</shortTitle><emeasureid>522</emeasureid><guid>7a34c0c1-6684-4c6b-b9a5-e8350b57e3ff</guid><version>0.0.004</version><nqfid root="2.16.840.1.113883.3.560.1"/><period calenderYear="true" uuid="e9aecb2a-46de-4c34-9629-f60c72ac95e8"><startDate>00000101</startDate><stopDate>00001231</stopDate></period><scoring id="PROPOR">Proportion</scoring><componentMeasures/><itemCount/></measureDetails><supplementalDataElements><elementRef id="9d4a33e4-0f0f-4a51-88f1-9265fb94be27" name="ONC Administrative Sex"/><elementRef id="a0f0168e-149a-474d-a4d1-f7c6f96f815f" name="Race"/><elementRef id="a42b1375-9c59-4568-b1fa-cf67d6490deb" name="Ethnicity"/><elementRef id="0eb3a006-ca28-4ca1-974a-f3fbbacd66af" name="Payer"/></supplementalDataElements><riskAdjustmentVariables/><measureGrouping><group sequence="1"><clause displayName="Initial Population 1" type="initialPopulation" uuid="0A86BDD8-A3A6-4BB1-B275-66BFC14DAF58"><logicalOp displayName="AND" type="and"><subTreeRef displayName="over 18 for MP" id="845690C5-8DFF-4D35-AC6D-263BC9767B9B" type="subTree"/><subTreeRef displayName="encounter during measurement" id="1A4A7048-46CB-40C6-8DBD-CDFA63243416" type="subTree"/><subTreeRef displayName="diagnosis during encounter" id="F35F0E29-5F0F-42BE-98D9-69E5B74B2D21" type="subTree"/></logicalOp></clause><clause displayName="Denominator 1" type="denominator" uuid="5F7F170E-AF80-4CD6-BFDA-66AD6F41C8A3"><logicalOp displayName="AND" type="and"/></clause><clause displayName="Denominator Exclusions 1" type="denominatorExclusions" uuid="196D0167-2F28-422B-8590-9E15B465CD01"><logicalOp displayName="OR" type="or"><subTreeRef displayName="left against advice" id="6A832A2A-3C01-4951-AAE5-44DA60A7E3F4" type="subTree"/></logicalOp></clause><clause displayName="Denominator Exceptions 1" type="denominatorExceptions" uuid="35F84A3C-3E88-4D58-B276-AE96586B8F15"><logicalOp displayName="OR" type="or"><subTreeRef displayName="medication refused" id="8672A848-4C95-4126-A417-50261A6830CE" type="subTree"/></logicalOp></clause><clause displayName="Numerator 1" type="numerator" uuid="6BE2E804-A6D3-4270-8854-F249921F5EB8"><logicalOp displayName="AND" type="and"><subTreeRef displayName="medication during encounter" id="8B07BEE6-07DC-4A74-B8B2-0F522A2675E6" type="subTree"/></logicalOp></clause><clause displayName="numeratorExclusions" type="numeratorExclusions" uuid="a3d03ca3-6ecc-4900-b7d1-c4b369f86685"><logicalOp displayName="AND" type="and"/></clause><clause displayName="stratum" type="stratum" uuid="b6048c56-a047-48cc-b4e6-a14c15fcf19f"/></group></measureGrouping><subTreeLookUp><subTree displayName="encounter during measurement" qdmVariable="false" uuid="1A4A7048-46CB-40C6-8DBD-CDFA63243416"><relationalOp displayName="During" type="DURING"><elementRef displayName="Occurrence A of Inpatient Encounter : Encounter, Performed" id="49c598ce-8ad2-416e-901b-7421e2a2acf3" type="qdm"/><elementRef displayName="Measurement Period : Timing Element" id="e9aecb2a-46de-4c34-9629-f60c72ac95e8" type="qdm"/></relationalOp></subTree><subTree displayName="diagnosis during encounter" qdmVariable="false" uuid="F35F0E29-5F0F-42BE-98D9-69E5B74B2D21"><relationalOp displayName="Starts During" type="SDU"><elementRef displayName="Ischemic Stroke : Diagnosis" id="87cc6fcc-7a33-496e-b4e0-85959e4a0293" type="qdm"/><elementRef displayName="Occurrence A of Inpatient Encounter : Encounter, Performed" id="49c598ce-8ad2-416e-901b-7421e2a2acf3" type="qdm"/></relationalOp></subTree><subTree displayName="medication during encounter" qdmVariable="false" uuid="8B07BEE6-07DC-4A74-B8B2-0F522A2675E6"><relationalOp displayName="During" type="DURING"><elementRef displayName="Antithrombotic Therapy : Medication, Discharge" id="aeaa6341-c5d3-4555-8186-656ac38ff977" type="qdm"/><elementRef displayName="Occurrence A of Inpatient Encounter : Encounter, Performed" id="49c598ce-8ad2-416e-901b-7421e2a2acf3" type="qdm"/></relationalOp></subTree><subTree displayName="left against advice" qdmVariable="false" uuid="6A832A2A-3C01-4951-AAE5-44DA60A7E3F4"><elementRef displayName="Occurrence A of Inpatient Encounter : Encounter, Performed" id="49c598ce-8ad2-416e-901b-7421e2a2acf3" type="qdm"><attribute attrUUID="b22b1d17-56ac-40f5-bbfb-c69eb309875f" mode="Value Set" name="discharge status" qdmUUID="10c4258b-8bdc-4eee-8bd5-2cc1d2436a49"/></elementRef></subTree><subTree displayName="medication refused" qdmVariable="false" uuid="8672A848-4C95-4126-A417-50261A6830CE"><relationalOp displayName="During" type="DURING"><elementRef displayName="Antithrombotic Therapy : Medication, Discharge" id="aeaa6341-c5d3-4555-8186-656ac38ff977" type="qdm"><attribute attrUUID="c99eb2d9-7e68-4bf4-bf74-853b33a77c39" mode="Value Set" name="negation rationale" qdmUUID="79082e1d-c621-40d9-a8c3-3172edc801ca"/></elementRef><elementRef displayName="Occurrence A of Inpatient Encounter : Encounter, Performed" id="49c598ce-8ad2-416e-901b-7421e2a2acf3" type="qdm"/></relationalOp></subTree><subTree displayName="over 18 for MP" qdmVariable="false" uuid="845690C5-8DFF-4D35-AC6D-263BC9767B9B"><relationalOp displayName="&gt;= 18 years Starts Before Start Of" operatorType="Greater Than or Equal To" quantity="18" type="SBS" unit="years"><elementRef displayName="Birthdate : Patient Characteristic Birthdate" id="89890972-28c6-451b-892c-579a7756ca04" type="qdm"/><elementRef displayName="Measurement Period : Timing Element" id="e9aecb2a-46de-4c34-9629-f60c72ac95e8" type="qdm"/></relationalOp></subTree></subTreeLookUp><elementLookUp><qdm datatype="Timing Element" id="e9aecb2a-46de-4c34-9629-f60c72ac95e8" name="Measurement Period" oid="2.16.840.1.113883.3.67.1.101.1.53" suppDataElement="false" taxonomy="NQF" uuid="e9aecb2a-46de-4c34-9629-f60c72ac95e8" version="1.0"/><qdm datatype="Patient Characteristic Expired" id="14a73de0-edd3-46d6-a0e3-55133bb73ba5" name="Expired" oid="419099009" suppDataElement="false" taxonomy="SNOMED-CT" uuid="14a73de0-edd3-46d6-a0e3-55133bb73ba5" version="1.0"/><qdm datatype="Patient Characteristic Birthdate" id="89890972-28c6-451b-892c-579a7756ca04" name="Birthdate" oid="21112-8" suppDataElement="false" taxonomy="SNOMED-CT" uuid="89890972-28c6-451b-892c-579a7756ca04" version="1.0"/><qdm datatype="Patient Characteristic Sex" id="9d4a33e4-0f0f-4a51-88f1-9265fb94be27" name="ONC Administrative Sex" oid="2.16.840.1.113762.1.4.1" suppDataElement="true" taxonomy="AdministrativeGender" uuid="9d4a33e4-0f0f-4a51-88f1-9265fb94be27" version="1.0"/><qdm datatype="Patient Characteristic Race" id="a0f0168e-149a-474d-a4d1-f7c6f96f815f" name="Race" oid="2.16.840.1.114222.4.11.836" suppDataElement="true" taxonomy="CDCREC" uuid="a0f0168e-149a-474d-a4d1-f7c6f96f815f" version="1.0"/><qdm datatype="Patient Characteristic Ethnicity" id="a42b1375-9c59-4568-b1fa-cf67d6490deb" name="Ethnicity" oid="2.16.840.1.114222.4.11.837" suppDataElement="true" taxonomy="CDCREC" uuid="a42b1375-9c59-4568-b1fa-cf67d6490deb" version="1.0"/><qdm datatype="Patient Characteristic Payer" id="0eb3a006-ca28-4ca1-974a-f3fbbacd66af" name="Payer" oid="2.16.840.1.114222.4.11.3591" suppDataElement="true" taxonomy="SOP" uuid="0eb3a006-ca28-4ca1-974a-f3fbbacd66af" version="1.0"/><qdm datatype="Encounter, Performed" id="49c598ce-8ad2-416e-901b-7421e2a2acf3" instance="Occurrence A" name="Inpatient Encounter" oid="2.16.840.1.113883.3.464.1003.101.12.1060" suppDataElement="false" taxonomy="Grouping" uuid="49c598ce-8ad2-416e-901b-7421e2a2acf3" version="1.0"/><qdm datatype="Diagnosis" id="87cc6fcc-7a33-496e-b4e0-85959e4a0293" name="Ischemic Stroke" oid="2.16.840.1.113883.3.117.1.7.1.247" suppDataElement="false" taxonomy="Grouping" uuid="87cc6fcc-7a33-496e-b4e0-85959e4a0293" version="1.0"/><qdm datatype="Medication, Discharge" id="aeaa6341-c5d3-4555-8186-656ac38ff977" name="Antithrombotic Therapy" oid="2.16.840.1.113883.3.117.1.7.1.201" suppDataElement="false" taxonomy="RXNORM" uuid="aeaa6341-c5d3-4555-8186-656ac38ff977" version="1.0"/><qdm datatype="attribute" id="10c4258b-8bdc-4eee-8bd5-2cc1d2436a49" name="Left Against Medical Advice" oid="2.16.840.1.113883.3.3157.1002.22" suppDataElement="false" taxonomy="SNOMEDCT" uuid="10c4258b-8bdc-4eee-8bd5-2cc1d2436a49" version="1.0"/><qdm datatype="attribute" id="79082e1d-c621-40d9-a8c3-3172edc801ca" name="Patient Refusal" oid="2.16.840.1.113883.3.117.1.7.1.93" suppDataElement="false" taxonomy="SNOMEDCT" uuid="79082e1d-c621-40d9-a8c3-3172edc801ca" version="1.0"/><qdm datatype="Encounter, Performed" id="b601051b-694e-4439-bb74-3e1b17261910" name="Inpatient Encounter" oid="2.16.840.1.113883.3.464.1003.101.12.1060" suppDataElement="false" taxonomy="Grouping" uuid="b601051b-694e-4439-bb74-3e1b17261910" version="1.0"/></elementLookUp></measure>