<?xml version="1.0" encoding="UTF-8" standalone="yes"?>
<!-- 
           ******************* 
           QDM Version Used: QDM 4.2 
           *******************  
        --><QualityMeasureDocument xmlns="urn:hl7-org:v3" xmlns:qdm="urn:hhs-qdm:hqmf-r2-extensions:v1"
                        xmlns:xsi="http://www.w3.org/2001/XMLSchema-instance"><!--
            **************************************************************
            Measure Details Section
            **************************************************************
        --><typeId extension="POQM_HD000001UV02" root="2.16.840.1.113883.1.3"/>
   <templateId>
      <item extension="2015-09-30" root="2.16.840.1.113883.10.20.28.1.1"/>
   </templateId>
   <id root="40280581-50f8-d482-0151-ef05161c026b"/>
   <code code="57024-2" codeSystem="2.16.840.1.113883.6.1">
      <displayName value="Health Quality Measure Document"/>
   </code>
   <title value="simple discharged on antithrombotic therapy"/>
   <text value=""/>
   <statusCode code="COMPLETED"/>
   <setId root="7a34c0c1-6684-4c6b-b9a5-e8350b57e3ff"/>
   <versionNumber value="0.0.004"/>
   <custodian>
      <responsibleParty classCode="ASSIGNED">
         <representedResponsibleOrganization classCode="ORG" determinerCode="INSTANCE">
            <id>
               <item root=""/>
            </id>
            <name>
               <item>
                  <part value=""/>
               </item>
            </name>
         </representedResponsibleOrganization>
      </responsibleParty>
   </custodian>
   <controlVariable>
      <measurePeriod>
         <id extension="measureperiod" root="e9aecb2a-46de-4c34-9629-f60c72ac95e8"/>
         <code code="MSRTP" codeSystem="2.16.840.1.113883.5.4">
            <originalText value="Measurement Period"/>
         </code>
         <value xsi:type="PIVL_TS">
            <phase highClosed="true" lowClosed="true">
               <low value="20150101"/>
               <width unit="a" value="1" xsi:type="PQ"/>
            </phase>
            <period unit="a" value="1"/>
         </value>
      </measurePeriod>
   </controlVariable>
   <subjectOf>
      <measureAttribute>
         <code nullFlavor="OTH">
            <originalText value="eMeasure Identifier (Measure Authoring Tool)"/>
         </code>
         <value mediaType="text/plain" value="522" xsi:type="ED"/>
      </measureAttribute>
   </subjectOf>
   <subjectOf>
      <measureAttribute>
         <code nullFlavor="OTH">
            <originalText value="NQF Number"/>
         </code>
         <value mediaType="text/plain" value="" xsi:type="ED"/>
      </measureAttribute>
   </subjectOf>
   <subjectOf>
      <measureAttribute>
         <code code="COPY" codeSystem="2.16.840.1.113883.5.4">
            <displayName value="Copyright"/>
         </code>
         <value mediaType="text/plain" value="" xsi:type="ED"/>
      </measureAttribute>
   </subjectOf>
   <subjectOf>
      <measureAttribute>
         <code code="DISC" codeSystem="2.16.840.1.113883.5.4">
            <displayName value="Disclaimer"/>
         </code>
         <value mediaType="text/plain" value="" xsi:type="ED"/>
      </measureAttribute>
   </subjectOf>
   <subjectOf>
      <measureAttribute>
         <code code="MSRSCORE" codeSystem="2.16.840.1.113883.5.4">
            <displayName value="Measure Scoring"/>
         </code>
         <value code="PROPOR" codeSystem="2.16.840.1.113883.1.11.20367" xsi:type="CD">
            <displayName value="Proportion"/>
         </value>
      </measureAttribute>
   </subjectOf>
   <subjectOf>
      <measureAttribute>
         <code code="STRAT" codeSystem="2.16.840.1.113883.5.4">
            <displayName value="Stratification"/>
         </code>
         <value mediaType="text/plain" value="" xsi:type="ED"/>
      </measureAttribute>
   </subjectOf>
   <subjectOf>
      <measureAttribute>
         <code code="MSRADJ" codeSystem="2.16.840.1.113883.5.4">
            <displayName value="Risk Adjustment"/>
         </code>
         <value mediaType="text/plain" value="" xsi:type="ED"/>
      </measureAttribute>
   </subjectOf>
   <subjectOf>
      <measureAttribute>
         <code code="MSRAGG" codeSystem="2.16.840.1.113883.5.4">
            <displayName value="Rate Aggregation"/>
         </code>
         <value mediaType="text/plain" value="" xsi:type="ED"/>
      </measureAttribute>
   </subjectOf>
   <subjectOf>
      <measureAttribute>
         <code code="RAT" codeSystem="2.16.840.1.113883.5.4">
            <displayName value="Rationale"/>
         </code>
         <value mediaType="text/plain" value="" xsi:type="ED"/>
      </measureAttribute>
   </subjectOf>
   <subjectOf>
      <measureAttribute>
         <code code="CRS" codeSystem="2.16.840.1.113883.5.4">
            <displayName value="Clinical Recommendation Statement"/>
         </code>
         <value mediaType="text/plain" value="" xsi:type="ED"/>
      </measureAttribute>
   </subjectOf>
   <subjectOf>
      <measureAttribute>
         <code code="IDUR" codeSystem="2.16.840.1.113883.5.4">
            <displayName value="Improvement Notation"/>
         </code>
         <value mediaType="text/plain" value="" xsi:type="ED"/>
      </measureAttribute>
   </subjectOf>
   <subjectOf>
      <measureAttribute>
         <code code="REF" codeSystem="2.16.840.1.113883.5.4">
            <displayName value="Reference"/>
         </code>
         <value mediaType="text/plain" xsi:type="ED"/>
      </measureAttribute>
   </subjectOf>
   <subjectOf>
      <measureAttribute>
         <code code="DEF" codeSystem="2.16.840.1.113883.5.4">
            <displayName value="Definition"/>
         </code>
         <value mediaType="text/plain" xsi:type="ED"/>
      </measureAttribute>
   </subjectOf>
   <subjectOf>
      <measureAttribute>
         <code code="GUIDE" codeSystem="2.16.840.1.113883.5.4">
            <displayName value="Guidance"/>
         </code>
         <value mediaType="text/plain" value="" xsi:type="ED"/>
      </measureAttribute>
   </subjectOf>
   <subjectOf>
      <measureAttribute>
         <code code="TRANF" codeSystem="2.16.840.1.113883.5.4">
            <displayName value="Transmission Format"/>
         </code>
         <value mediaType="text/plain" value="" xsi:type="ED"/>
      </measureAttribute>
   </subjectOf>
   <subjectOf>
      <measureAttribute>
         <code code="IPOP" codeSystem="2.16.840.1.113883.5.1063">
            <displayName value="Initial Population"/>
         </code>
         <value mediaType="text/plain" value="" xsi:type="ED"/>
      </measureAttribute>
   </subjectOf>
   <subjectOf>
      <measureAttribute>
         <code code="DENOM" codeSystem="2.16.840.1.113883.5.1063">
            <displayName value="Denominator"/>
         </code>
         <value mediaType="text/plain" value="" xsi:type="ED"/>
      </measureAttribute>
   </subjectOf>
   <subjectOf>
      <measureAttribute>
         <code code="DENEX" codeSystem="2.16.840.1.113883.5.1063">
            <displayName value="Denominator Exclusions"/>
         </code>
         <value mediaType="text/plain" value="" xsi:type="ED"/>
      </measureAttribute>
   </subjectOf>
   <subjectOf>
      <measureAttribute>
         <code code="NUMER" codeSystem="2.16.840.1.113883.5.1063">
            <displayName value="Numerator"/>
         </code>
         <value mediaType="text/plain" value="" xsi:type="ED"/>
      </measureAttribute>
   </subjectOf>
   <subjectOf>
      <measureAttribute>
         <code code="NUMEX" codeSystem="2.16.840.1.113883.5.1063">
            <displayName value="Numerator Exclusions"/>
         </code>
         <value mediaType="text/plain" value="" xsi:type="ED"/>
      </measureAttribute>
   </subjectOf>
   <subjectOf>
      <measureAttribute>
         <code code="DENEXCEP" codeSystem="2.16.840.1.113883.5.1063">
            <displayName value="Denominator Exceptions"/>
         </code>
         <value mediaType="text/plain" value="" xsi:type="ED"/>
      </measureAttribute>
   </subjectOf>
   <subjectOf>
      <measureAttribute>
         <code code="SDE" codeSystem="2.16.840.1.113883.5.1063">
            <displayName value="Supplemental Data Elements"/>
         </code>
         <value mediaType="text/plain" value="" xsi:type="ED"/>
      </measureAttribute>
   </subjectOf>
   <componentOf>
      <qualityMeasureSet classCode="ACT">
         <id root=""/>
         <title value=""/>
      </qualityMeasureSet>
   </componentOf>
   <!--Data Criteria Section--><component>
      <dataCriteriaSection>
         <templateId>
            <item extension="2015-09-30" root="2.16.840.1.113883.10.20.28.2.2"/>
         </templateId>
         <code code="57025-9" codeSystem="2.16.840.1.113883.6.1"/>
         <title value="Data Criteria Section"/>
         <text>
            <xml>
               <item>
                  <list>
                     <item>
                        <content styleCode="Bold">Data Criteria (QDM Variables)</content>
                        <list>
                           <item>None</item>
                        </list>
                     </item>
                     <item>
                        <content styleCode="Bold">Data Criteria (QDM Data Elements)</content>
                        <list>
                           <item>"Diagnosis: Ischemic Stroke" using "Ischemic Stroke Grouping Value Set (2.16.840.1.113883.3.117.1.7.1.247)"</item>
                           <item>"Encounter, Performed: Inpatient Encounter" using "Inpatient Encounter Grouping Value Set (2.16.840.1.113883.3.464.1003.101.12.1060)"</item>
                           <item>"Medication, Discharge: Antithrombotic Therapy" using "Antithrombotic Therapy RXNORM Value Set (2.16.840.1.113883.3.117.1.7.1.201)"</item>
                           <item>"Medication, Discharge not done: Patient Refusal" using "Patient Refusal SNOMEDCT Value Set (2.16.840.1.113883.3.117.1.7.1.93)"</item>
                           <item>Attribute: "Discharge status: Left Against Medical Advice" using "Left Against Medical Advice SNOMEDCT Value Set (2.16.840.1.113883.3.3157.1002.22)"</item>
                        </list>
                     </item>
                     <item>
                        <content styleCode="Bold">Supplemental Data Elements</content>
                        <list>
                           <item>"Patient Characteristic Ethnicity: Ethnicity" using "Ethnicity CDCREC Value Set (2.16.840.1.114222.4.11.837)"</item>
                           <item>"Patient Characteristic Payer: Payer" using "Payer SOP Value Set (2.16.840.1.114222.4.11.3591)"</item>
                           <item>"Patient Characteristic Race: Race" using "Race CDCREC Value Set (2.16.840.1.114222.4.11.836)"</item>
                           <item>"Patient Characteristic Sex: ONC Administrative Sex" using "ONC Administrative Sex AdministrativeGender Value Set (2.16.840.1.113762.1.4.1)"</item>
                        </list>
                     </item>
                     <item>
                        <content styleCode="Bold">Risk Adjustment Variables</content>
                        <list>
                           <item>None</item>
                        </list>
                     </item>
                  </list>
               </item>
            </xml>
         </text>
         <entry typeCode="DRIV">
            <localVariableName value="OccurrenceA_InpatientEncounter_EncounterPerformed_SQOAN"/>
            <encounterCriteria classCode="ENC" moodCode="EVN">
               <templateId>
                  <item extension="2015-09-30" root="2.16.840.1.113883.10.20.28.3.5"/>
               </templateId>
               <id extension="OccurrenceA_InpatientEncounter_EncounterPerformed"
                   root="b601051b-694e-4439-bb74-3e1b17261910"/>
               <code valueSet="2.16.840.1.113883.3.464.1003.101.12.1060">
                  <displayName value="Inpatient Encounter Grouping Value Set"/>
               </code>
               <title value="Encounter, Performed"/>
               <statusCode code="COMPLETED"/>
            </encounterCriteria>
         </entry>
         <entry typeCode="DRIV">
            <localVariableName value="OccurrenceAofInpatientEncounter_EncounterPerformed_Gj8V8"/>
            <encounterCriteria classCode="ENC" moodCode="EVN">
               <id extension="OccurrenceA_InpatientEncounter_EncounterPerformed"
                   root="49c598ce-8ad2-416e-901b-7421e2a2acf3"/>
               <outboundRelationship typeCode="OCCR">
                  <criteriaReference classCode="ENC" moodCode="EVN">
                     <id extension="OccurrenceA_InpatientEncounter_EncounterPerformed"
                         root="b601051b-694e-4439-bb74-3e1b17261910"/>
                  </criteriaReference>
               </outboundRelationship>
            </encounterCriteria>
         </entry>
         <entry typeCode="DRIV">
            <localVariableName value="ONCAdministrativeSex_PatientCharacteristicSex_voZRo"/>
            <observationCriteria classCode="OBS" moodCode="EVN">
               <templateId>
                  <item extension="2015-09-30" root="2.16.840.1.113883.10.20.28.3.55"/>
               </templateId>
               <id extension="ONCAdministrativeSex_PatientCharacteristicSex"
                   root="9d4a33e4-0f0f-4a51-88f1-9265fb94be27"/>
               <code code="263495000" codeSystem="2.16.840.1.113883.6.96" codeSystemName="SNOMED CT">
                  <displayName value="Gender"/>
               </code>
               <title value="Patient Characteristic Sex"/>
               <statusCode code="COMPLETED"/>
               <value valueSet="2.16.840.1.113762.1.4.1" xsi:type="CD">
                  <displayName value="ONC Administrative Sex AdministrativeGender Value Set"/>
               </value>
            </observationCriteria>
         </entry>
         <entry typeCode="DRIV">
            <localVariableName value="Race_PatientCharacteristicRace_7QuoC"/>
            <observationCriteria classCode="OBS" moodCode="EVN">
               <templateId>
                  <item root="2.16.840.1.113883.10.20.28.3.59"/>
               </templateId>
               <id extension="Race_PatientCharacteristicRace"
                   root="a0f0168e-149a-474d-a4d1-f7c6f96f815f"/>
               <code code="32624-9" codeSystem="2.16.840.1.113883.6.1" codeSystemName="LOINC">
                  <displayName value="Race"/>
               </code>
               <title value="Patient Characteristic Race"/>
               <statusCode code="COMPLETED"/>
               <value valueSet="2.16.840.1.114222.4.11.836" xsi:type="CD">
                  <displayName value="Race CDCREC Value Set"/>
               </value>
            </observationCriteria>
         </entry>
         <entry typeCode="DRIV">
            <localVariableName value="Ethnicity_PatientCharacteristicEthnicity_7HvAI"/>
            <observationCriteria classCode="OBS" moodCode="EVN">
               <templateId>
                  <item extension="2015-09-30" root="2.16.840.1.113883.10.20.28.3.56"/>
               </templateId>
               <id extension="Ethnicity_PatientCharacteristicEthnicity"
                   root="a42b1375-9c59-4568-b1fa-cf67d6490deb"/>
               <code code="54133-4" codeSystem="2.16.840.1.113883.6.1" codeSystemName="LOINC">
                  <displayName value="Ethnicity"/>
               </code>
               <title value="Patient Characteristic Ethnicity"/>
               <statusCode code="COMPLETED"/>
               <value valueSet="2.16.840.1.114222.4.11.837" xsi:type="CD">
                  <displayName value="Ethnicity CDCREC Value Set"/>
               </value>
            </observationCriteria>
         </entry>
         <entry typeCode="DRIV">
            <localVariableName value="Payer_PatientCharacteristicPayer_aTlcu"/>
            <observationCriteria classCode="OBS" moodCode="EVN">
               <templateId>
                  <item root="2.16.840.1.113883.10.20.28.3.58"/>
               </templateId>
               <id extension="Payer_PatientCharacteristicPayer"
                   root="0eb3a006-ca28-4ca1-974a-f3fbbacd66af"/>
               <code code="48768-6" codeSystem="2.16.840.1.113883.6.1" codeSystemName="LOINC">
                  <displayName value="Payer"/>
               </code>
               <title value="Patient Characteristic Payer"/>
               <statusCode code="COMPLETED"/>
               <value valueSet="2.16.840.1.114222.4.11.3591" xsi:type="CD">
                  <displayName value="Payer SOP Value Set"/>
               </value>
            </observationCriteria>
         </entry>
         <entry typeCode="DRIV">
            <localVariableName value="encounterduringmeasurement_oYm13"/>
            <encounterCriteria classCode="ENC" moodCode="EVN">
               <id extension="During_90F275D5-B9F5-495E-830B-FB21ABBB1B87"
                   root="1A4A7048-46CB-40C6-8DBD-CDFA63243416"/>
               <temporallyRelatedInformation typeCode="DURING">
                  <qdm:temporalInformation precisionUnit="min"/>
                  <criteriaReference classCode="OBS" moodCode="EVN">
                     <id extension="measureperiod" root="e9aecb2a-46de-4c34-9629-f60c72ac95e8"/>
                  </criteriaReference>
               </temporallyRelatedInformation>
               <outboundRelationship typeCode="OCCR">
                  <criteriaReference classCode="ENC" moodCode="EVN">
                     <id extension="OccurrenceA_InpatientEncounter_EncounterPerformed"
                         root="b601051b-694e-4439-bb74-3e1b17261910"/>
                  </criteriaReference>
               </outboundRelationship>
            </encounterCriteria>
         </entry>
         <entry typeCode="DRIV">
            <localVariableName value="diagnosisduringencounter_aDJJ9"/>
            <observationCriteria classCode="OBS" moodCode="EVN">
               <templateId>
                  <item root="2.16.840.1.113883.10.20.28.3.110"/>
               </templateId>
               <id extension="StartsDuring_FFD6AB03-A4DE-4C2C-ACF0-E078B9F9D0B6"
                   root="F35F0E29-5F0F-42BE-98D9-69E5B74B2D21"/>
               <code code="282291009" codeSystem="2.16.840.1.113883.6.96" codeSystemName="SNOMED CT">
                  <displayName value="Diagnosis"/>
               </code>
               <title value="Diagnosis"/>
               <statusCode code="COMPLETED"/>
               <value valueSet="2.16.840.1.113883.3.117.1.7.1.247" xsi:type="CD">
                  <displayName value="Ischemic Stroke Grouping Value Set"/>
               </value>
               <temporallyRelatedInformation typeCode="SDU">
                  <qdm:temporalInformation precisionUnit="min"/>
                  <criteriaReference classCode="ENC" moodCode="EVN">
                     <id extension="OccurrenceA_InpatientEncounter_EncounterPerformed"
                         root="49c598ce-8ad2-416e-901b-7421e2a2acf3"/>
                  </criteriaReference>
               </temporallyRelatedInformation>
            </observationCriteria>
         </entry>
         <entry typeCode="DRIV">
            <localVariableName value="medicationduringencounter_3htLZ"/>
            <substanceAdministrationCriteria classCode="SBADM" moodCode="RQO">
               <templateId>
                  <item extension="2015-09-30" root="2.16.840.1.113883.10.20.28.3.48"/>
               </templateId>
               <id extension="During_A373EA17-1E41-492B-8D4D-6F2DB7193440"
                   root="8B07BEE6-07DC-4A74-B8B2-0F522A2675E6"/>
               <code code="10183-2" codeSystem="2.16.840.1.113883.6.1"/>
               <title value="Medication, Discharge"/>
               <statusCode code="ACTIVE"/>
               <participation typeCode="CSM">
                  <role classCode="MANU">
                     <playingManufacturedMaterial classCode="MMAT" determinerCode="KIND">
                        <code valueSet="2.16.840.1.113883.3.117.1.7.1.201">
                           <displayName value="Antithrombotic Therapy RXNORM value set"/>
                        </code>
                     </playingManufacturedMaterial>
                  </role>
               </participation>
               <temporallyRelatedInformation typeCode="DURING">
                  <qdm:temporalInformation precisionUnit="min"/>
                  <criteriaReference classCode="ENC" moodCode="EVN">
                     <id extension="OccurrenceA_InpatientEncounter_EncounterPerformed"
                         root="49c598ce-8ad2-416e-901b-7421e2a2acf3"/>
                  </criteriaReference>
               </temporallyRelatedInformation>
            </substanceAdministrationCriteria>
         </entry>
         <entry typeCode="DRIV">
            <localVariableName value="b22b1d17-56ac-40f5-bbfb-c69eb309875f"/>
            <encounterCriteria classCode="ENC" moodCode="EVN">
               <id extension="b22b1d17-56ac-40f5-bbfb-c69eb309875f"
                   root="6A832A2A-3C01-4951-AAE5-44DA60A7E3F4"/>
               <dischargeDispositionCode valueSet="2.16.840.1.113883.3.3157.1002.22">
                  <displayName value="Left Against Medical Advice SNOMEDCT Value Set"/>
               </dischargeDispositionCode>
               <outboundRelationship typeCode="OCCR">
                  <criteriaReference classCode="ENC" moodCode="EVN">
                     <id extension="OccurrenceA_InpatientEncounter_EncounterPerformed"
                         root="b601051b-694e-4439-bb74-3e1b17261910"/>
                  </criteriaReference>
               </outboundRelationship>
            </encounterCriteria>
         </entry>
         <entry typeCode="DRIV">
            <localVariableName value="medicationrefused_kJ64l"/>
            <substanceAdministrationCriteria actionNegationInd="true" classCode="SBADM" moodCode="RQO">
               <templateId>
                  <item extension="2015-09-30" root="2.16.840.1.113883.10.20.28.3.48"/>
               </templateId>
               <id extension="During_D90797DD-FF43-468F-8C3E-999FE737CA02"
                   root="8672A848-4C95-4126-A417-50261A6830CE"/>
               <code code="10183-2" codeSystem="2.16.840.1.113883.6.1"/>
               <title value="Medication, Discharge"/>
               <statusCode code="ACTIVE"/>
               <participation typeCode="CSM">
                  <role classCode="MANU">
                     <playingManufacturedMaterial classCode="MMAT" determinerCode="KIND">
                        <code valueSet="2.16.840.1.113883.3.117.1.7.1.201">
                           <displayName value="Antithrombotic Therapy RXNORM value set"/>
                        </code>
                     </playingManufacturedMaterial>
                  </role>
               </participation>
               <temporallyRelatedInformation typeCode="DURING">
                  <qdm:temporalInformation precisionUnit="min"/>
                  <criteriaReference classCode="ENC" moodCode="EVN">
                     <id extension="OccurrenceA_InpatientEncounter_EncounterPerformed"
                         root="49c598ce-8ad2-416e-901b-7421e2a2acf3"/>
                  </criteriaReference>
               </temporallyRelatedInformation>
               <outboundRelationship typeCode="RSON">
                  <observationCriteria classCode="OBS" moodCode="EVN">
                     <templateId>
                        <item extension="2014-11-24" root="2.16.840.1.113883.10.20.28.3.88"/>
                     </templateId>
                     <id extension="PatientRefusal" root="c99eb2d9-7e68-4bf4-bf74-853b33a77c39"/>
                     <code code="410666004" codeSystem="2.16.840.1.113883.6.96">
                        <displayName value="Reason"/>
                     </code>
                     <title value="Reason"/>
                     <value valueSet="2.16.840.1.113883.3.117.1.7.1.93" xsi:type="CD">
                        <displayName value="Patient Refusal SNOMEDCT Value Set"/>
                     </value>
                  </observationCriteria>
               </outboundRelationship>
            </substanceAdministrationCriteria>
         </entry>
         <entry typeCode="DRIV">
            <localVariableName value="over18forMP_G3Vyj"/>
            <observationCriteria classCode="OBS" moodCode="EVN">
               <templateId>
                  <item extension="2015-09-30" root="2.16.840.1.113883.10.20.28.3.54"/>
               </templateId>
               <id extension="grtr_thn_eql_18yearsStartsBeforeStartOf_F0700CE9-26FC-4CCF-9A32-6ACA51402056"
                   root="845690C5-8DFF-4D35-AC6D-263BC9767B9B"/>
               <code code="21112-8" codeSystem="2.16.840.1.113883.6.1" codeSystemName="LOINC">
                  <displayName value="Birth Date"/>
               </code>
               <title value="Patient Characteristic Birthdate"/>
               <statusCode code="COMPLETED"/>
               <temporallyRelatedInformation typeCode="SBS">
                  <qdm:temporalInformation precisionUnit="d">
                     <qdm:delta lowClosed="true">
                        <low unit="a" value="18"/>
                        <high nullFlavor="PINF"/>
                     </qdm:delta>
                  </qdm:temporalInformation>
                  <criteriaReference classCode="OBS" moodCode="EVN">
                     <id extension="measureperiod" root="e9aecb2a-46de-4c34-9629-f60c72ac95e8"/>
                  </criteriaReference>
               </temporallyRelatedInformation>
            </observationCriteria>
         </entry>
      </dataCriteriaSection>
   </component>
   <component>
      <populationCriteriaSection>
         <templateId>
            <item root="2.16.840.1.113883.10.20.28.2.1"/>
         </templateId>
         <id extension="PopulationCriteria1" root="39B989D3-2BFE-47C2-A5C0-4DFFE9EE1E87"/>
         <code code="57026-7" codeSystem="2.16.840.1.113883.6.1"/>
         <title value="Population Criteria Section"/>
         <text>
            <xml>
               <item>
                  <list>
                     <item>
                        <content styleCode="Bold">Population Criteria</content>
                        <list>
                           <item>
                              <content styleCode="Bold">Initial Population =</content>
                              <list>
                                 <item>AND: "Birthdate : Patient Characteristic Birthdate" &gt;= 18 year(s) starts before start of "Measurement Period"</item>
                                 <item>AND: "Occurrence A of Encounter, Performed: Inpatient Encounter" during "Measurement Period"</item>
                                 <item>AND: "Diagnosis: Ischemic Stroke" starts during "Occurrence A of Encounter, Performed: Inpatient Encounter"</item>
                              </list>
                           </item>
                           <item>
                              <content styleCode="Bold">Denominator =</content>
                              <list>
                                 <item>AND: Initial Population</item>
                              </list>
                           </item>
                           <item>
                              <content styleCode="Bold">Denominator Exclusions =</content>
                              <list>
                                 <item>OR: "Occurrence A of Encounter, Performed: Inpatient Encounter (discharge status: Left Against Medical Advice)"</item>
                              </list>
                           </item>
                           <item>
                              <content styleCode="Bold">Numerator =</content>
                              <list>
                                 <item>AND: "Medication, Discharge: Antithrombotic Therapy" during "Occurrence A of Encounter, Performed: Inpatient Encounter"</item>
                              </list>
                           </item>
                           <item>
                              <content styleCode="Bold">Numerator Exclusions =</content>
                              <list>
                                 <item>None</item>
                              </list>
                           </item>
                           <item>
                              <content styleCode="Bold">Denominator Exceptions =</content>
                              <list>
                                 <item>OR: "Medication, Discharge not done: Patient Refusal" for "Antithrombotic Therapy" during "Occurrence A of Encounter, Performed: Inpatient Encounter"</item>
                              </list>
                           </item>
                           <item>
                              <content styleCode="Bold">Stratification =</content>
                              <list>
                                 <item>None</item>
                              </list>
                           </item>
                        </list>
                     </item>
                  </list>
               </item>
            </xml>
         </text>
         <component typeCode="COMP">
            <initialPopulationCriteria classCode="OBS" moodCode="EVN">
               <id extension="initialPopulation" root="0A86BDD8-A3A6-4BB1-B275-66BFC14DAF58"/>
               <code code="IPOP" codeSystem="2.16.840.1.113883.5.1063"
                     codeSystemName="HL7 Observation Value">
                  <displayName value="initialPopulation"/>
               </code>
               <precondition typeCode="PRCN">
                  <criteriaReference classCode="OBS" moodCode="EVN">
                     <id extension="grtr_thn_eql_18yearsStartsBeforeStartOf_F0700CE9-26FC-4CCF-9A32-6ACA51402056"
                         root="845690C5-8DFF-4D35-AC6D-263BC9767B9B"/>
                  </criteriaReference>
               </precondition>
               <precondition typeCode="PRCN">
                  <criteriaReference classCode="ENC" moodCode="EVN">
                     <id extension="During_90F275D5-B9F5-495E-830B-FB21ABBB1B87"
                         root="1A4A7048-46CB-40C6-8DBD-CDFA63243416"/>
                  </criteriaReference>
               </precondition>
               <precondition typeCode="PRCN">
                  <criteriaReference classCode="OBS" moodCode="EVN">
                     <id extension="StartsDuring_FFD6AB03-A4DE-4C2C-ACF0-E078B9F9D0B6"
                         root="F35F0E29-5F0F-42BE-98D9-69E5B74B2D21"/>
                  </criteriaReference>
               </precondition>
            </initialPopulationCriteria>
         </component>
         <component typeCode="COMP">
            <denominatorCriteria classCode="OBS" moodCode="EVN">
               <id extension="denominator" root="5F7F170E-AF80-4CD6-BFDA-66AD6F41C8A3"/>
               <code code="DENOM" codeSystem="2.16.840.1.113883.5.1063"
                     codeSystemName="HL7 Observation Value">
                  <displayName value="denominator"/>
               </code>
               <precondition typeCode="PRCN">
                  <criteriaReference classCode="OBS" moodCode="EVN">
                     <id extension="initialPopulation" root="0A86BDD8-A3A6-4BB1-B275-66BFC14DAF58"/>
                  </criteriaReference>
               </precondition>
            </denominatorCriteria>
         </component>
         <component typeCode="COMP">
            <denominatorExclusionCriteria classCode="OBS" moodCode="EVN">
               <id extension="denominatorExclusions" root="196D0167-2F28-422B-8590-9E15B465CD01"/>
               <code code="DENEX" codeSystem="2.16.840.1.113883.5.1063"
                     codeSystemName="HL7 Observation Value">
                  <displayName value="denominatorExclusions"/>
               </code>
               <precondition typeCode="PRCN">
                  <criteriaReference classCode="ENC" moodCode="EVN">
                     <id extension="b22b1d17-56ac-40f5-bbfb-c69eb309875f"
                         root="6A832A2A-3C01-4951-AAE5-44DA60A7E3F4"/>
                  </criteriaReference>
               </precondition>
            </denominatorExclusionCriteria>
         </component>
         <component typeCode="COMP">
            <denominatorExceptionCriteria classCode="OBS" moodCode="EVN">
               <id extension="denominatorExceptions" root="35F84A3C-3E88-4D58-B276-AE96586B8F15"/>
               <code code="DENEXCEP" codeSystem="2.16.840.1.113883.5.1063"
                     codeSystemName="HL7 Observation Value">
                  <displayName value="denominatorExceptions"/>
               </code>
               <precondition typeCode="PRCN">
                  <criteriaReference classCode="SBADM" moodCode="RQO">
                     <id extension="During_D90797DD-FF43-468F-8C3E-999FE737CA02"
                         root="8672A848-4C95-4126-A417-50261A6830CE"/>
                  </criteriaReference>
               </precondition>
            </denominatorExceptionCriteria>
         </component>
         <component typeCode="COMP">
            <numeratorCriteria classCode="OBS" moodCode="EVN">
               <id extension="numerator" root="6BE2E804-A6D3-4270-8854-F249921F5EB8"/>
               <code code="NUMER" codeSystem="2.16.840.1.113883.5.1063"
                     codeSystemName="HL7 Observation Value">
                  <displayName value="numerator"/>
               </code>
               <precondition typeCode="PRCN">
                  <criteriaReference classCode="SBADM" moodCode="RQO">
                     <id extension="During_A373EA17-1E41-492B-8D4D-6F2DB7193440"
                         root="8B07BEE6-07DC-4A74-B8B2-0F522A2675E6"/>
                  </criteriaReference>
               </precondition>
            </numeratorCriteria>
         </component>
         <component typeCode="COMP">
            <stratifierCriteria>
               <id extension="Stratifiers" root="69F36E2E-6A23-495C-9AA2-923C1365841C"/>
               <code code="STRAT" codeSystem="2.16.840.1.113883.5.1063"
                     codeSystemName="HL7 Observation Value">
                  <displayName value="Stratification"/>
               </code>
               <precondition typeCode="PRCN">
                  <criteriaReference classCode="OBS" moodCode="EVN">
                     <id extension="ONCAdministrativeSex_PatientCharacteristicSex"
                         root="9d4a33e4-0f0f-4a51-88f1-9265fb94be27"/>
                  </criteriaReference>
               </precondition>
               <component typeCode="COMP">
                  <measureAttribute>
                     <code code="SDE" codeSystem="2.16.840.1.113883.5.4">
                        <displayName value="Supplemental Data Element"/>
                     </code>
                     <value mediaType="text/plain" value="Supplemental Data Elements" xsi:type="ED"/>
                  </measureAttribute>
               </component>
            </stratifierCriteria>
         </component>
         <component typeCode="COMP">
            <stratifierCriteria>
               <id extension="Stratifiers" root="0F7240D3-BB11-4B21-9637-F686A844E279"/>
               <code code="STRAT" codeSystem="2.16.840.1.113883.5.1063"
                     codeSystemName="HL7 Observation Value">
                  <displayName value="Stratification"/>
               </code>
               <precondition typeCode="PRCN">
                  <criteriaReference classCode="OBS" moodCode="EVN">
                     <id extension="Race_PatientCharacteristicRace"
                         root="a0f0168e-149a-474d-a4d1-f7c6f96f815f"/>
                  </criteriaReference>
               </precondition>
               <component typeCode="COMP">
                  <measureAttribute>
                     <code code="SDE" codeSystem="2.16.840.1.113883.5.4">
                        <displayName value="Supplemental Data Element"/>
                     </code>
                     <value mediaType="text/plain" value="Supplemental Data Elements" xsi:type="ED"/>
                  </measureAttribute>
               </component>
            </stratifierCriteria>
         </component>
         <component typeCode="COMP">
            <stratifierCriteria>
               <id extension="Stratifiers" root="87C95B8E-B8C6-4145-9106-EDBF38F2E0A5"/>
               <code code="STRAT" codeSystem="2.16.840.1.113883.5.1063"
                     codeSystemName="HL7 Observation Value">
                  <displayName value="Stratification"/>
               </code>
               <precondition typeCode="PRCN">
                  <criteriaReference classCode="OBS" moodCode="EVN">
                     <id extension="Ethnicity_PatientCharacteristicEthnicity"
                         root="a42b1375-9c59-4568-b1fa-cf67d6490deb"/>
                  </criteriaReference>
               </precondition>
               <component typeCode="COMP">
                  <measureAttribute>
                     <code code="SDE" codeSystem="2.16.840.1.113883.5.4">
                        <displayName value="Supplemental Data Element"/>
                     </code>
                     <value mediaType="text/plain" value="Supplemental Data Elements" xsi:type="ED"/>
                  </measureAttribute>
               </component>
            </stratifierCriteria>
         </component>
         <component typeCode="COMP">
            <stratifierCriteria>
               <id extension="Stratifiers" root="24ED908E-3FC2-4729-B971-15A7455A0154"/>
               <code code="STRAT" codeSystem="2.16.840.1.113883.5.1063"
                     codeSystemName="HL7 Observation Value">
                  <displayName value="Stratification"/>
               </code>
               <precondition typeCode="PRCN">
                  <criteriaReference classCode="OBS" moodCode="EVN">
                     <id extension="Payer_PatientCharacteristicPayer"
                         root="0eb3a006-ca28-4ca1-974a-f3fbbacd66af"/>
                  </criteriaReference>
               </precondition>
               <component typeCode="COMP">
                  <measureAttribute>
                     <code code="SDE" codeSystem="2.16.840.1.113883.5.4">
                        <displayName value="Supplemental Data Element"/>
                     </code>
                     <value mediaType="text/plain" value="Supplemental Data Elements" xsi:type="ED"/>
                  </measureAttribute>
               </component>
            </stratifierCriteria>
         </component>
      </populationCriteriaSection>
   </component>
</QualityMeasureDocument>