<?xml version="1.0" encoding="UTF-8" standalone="yes"?>
<QualityMeasureDocument xmlns="urn:hl7-org:v3" xmlns:xsi="http://www.w3.org/2001/XMLSchema-instance">
         
      <!--
            **************************************************************
            Measure Details Section
            **************************************************************
        -->
         
      <typeId extension="POQM_HD000001UV02" root="2.16.840.1.113883.1.3"/>
   <templateId>
      <item extension="2016-12-01" root="2.16.840.1.113883.10.20.28.1.1"/>
   </templateId>
   <id root="40280582-5801-9ee4-0158-310e539d0327"/>
   <code code="57024-2" codeSystem="2.16.840.1.113883.6.1">
      <displayName value="Health Quality Measure Document"/>
   </code>
   <title value="Test 158"/>
   <text
         value="This measure identifies pregnant women who had a HBsAg (hepatitis B) test during their pregnancy"/>
   <statusCode code="COMPLETED"/>
   <setId root="8f010dbb-cb52-47cd-8fe8-03a4f223d87f"/>
   <versionNumber value="0.0.008"/>
   <author>
      <responsibleParty classCode="ASSIGNED">
         <representedResponsibleOrganization classCode="ORG" determinerCode="INSTANCE">
            <id>
               <item root="2.16.840.1.113883.3.67"/>
            </id>
            <name>
               <item>
                  <part value="Telligen"/>
               </item>
            </name>
         </representedResponsibleOrganization>
      </responsibleParty>
   </author>
   <custodian>
      <responsibleParty classCode="ASSIGNED">
         <representedResponsibleOrganization classCode="ORG" determinerCode="INSTANCE">
            <id>
               <item root="2.16.840.1.113883.3.67"/>
            </id>
            <name>
               <item>
                  <part value="Telligen"/>
               </item>
            </name>
         </representedResponsibleOrganization>
      </responsibleParty>
   </custodian>
   <relatedDocument typeCode="COMP">
      <expressionDocument>
         <id root="7C5DB15D-6AF5-4FD8-B748-748519AF3A02"/>
         <text mediaType="application/cql">
            <reference value="PregnantwomenthathadHBsAGtesting_CQL.cql"/>
            <translation mediaType="application/elm+xml">
               <reference value="PregnantwomenthathadHBsAGtesting_ELM.xml"/>
            </translation>
         </text>
      </expressionDocument>
   </relatedDocument>
   <controlVariable>
      <measurePeriod>
         <id extension="measureperiod" root="66eadddd-f5e1-4c3a-b7c7-a9c125073a07"/>
         <code code="MSRTP" codeSystem="2.16.840.1.113883.5.4">
            <originalText value="Measurement Period"/>
         </code>
         <value xsi:type="PIVL_TS">
            <phase highClosed="true" lowClosed="true">
               <low value="20170101"/>
               <width unit="a" value="1" xsi:type="PQ"/>
            </phase>
            <period unit="a" value="1"/>
         </value>
      </measurePeriod>
   </controlVariable>
   <subjectOf>
      <measureAttribute>
         <code nullFlavor="OTH">
            <originalText value="eMeasure Identifier (Measure Authoring Tool)"/>
         </code>
         <value mediaType="text/plain" value="5" xsi:type="ED"/>
      </measureAttribute>
   </subjectOf>
   <subjectOf>
      <measureAttribute>
         <code nullFlavor="OTH">
            <originalText value="NQF Number"/>
         </code>
         <value mediaType="text/plain" value="" xsi:type="ED"/>
      </measureAttribute>
   </subjectOf>
   <subjectOf>
      <measureAttribute>
         <code code="COPY" codeSystem="2.16.840.1.113883.5.4">
            <displayName value="Copyright"/>
         </code>
         <value mediaType="text/plain"
                value="This measure is copyrighted by Optum, Inc.  All rights reserved."
                xsi:type="ED"/>
      </measureAttribute>
   </subjectOf>
   <subjectOf>
      <measureAttribute>
         <code code="DISC" codeSystem="2.16.840.1.113883.5.4">
            <displayName value="Disclaimer"/>
         </code>
         <value mediaType="text/plain"
                value="The information in this document is subject to change without notice. This documentation contains proprietary information, and is protected by U.S. and international copyright. All rights reserved. No part of this documentation may be reproduced or transmitted in any form or by any means, electronic or mechanical, including photocopying, modifying, or recording, without the prior written permission of Optum, Inc. No part of this documentation may be translated to another program language without the prior written consent of Optum, Inc.&#xA;&#xA;Optum(R), Symmetry(R), EBM Connect(R), service marks and logos are registered and unregistered trademarks of Optum and its affiliates in the United States and other countries. &#xA;&#xA;CMS has contracted with Mathematica Policy Research and its subcontractor, Telligen, for the continued maintenance of this electronic measure.&#xA;&#xA;EBM Connect(R), Release 9.0, 2015.&#xA;&#xA;Due to technical limitations, registered trademarks are indicated by (R) or [R]."
                xsi:type="ED"/>
      </measureAttribute>
   </subjectOf>
   <subjectOf>
      <measureAttribute>
         <code code="MSRSCORE" codeSystem="2.16.840.1.113883.5.4">
            <displayName value="Measure Scoring"/>
         </code>
         <value code="PROPOR" codeSystem="2.16.840.1.113883.1.11.20367" xsi:type="CD">
            <displayName value="Proportion"/>
         </value>
      </measureAttribute>
   </subjectOf>
   <subjectOf>
      <measureAttribute>
         <code code="MSRTYPE" codeSystem="2.16.840.1.113883.5.4">
            <displayName value="Measure Type"/>
         </code>
         <value code="PROCESS" codeSystem="2.16.840.1.113883.1.11.20368" xsi:type="CD">
            <displayName value="PROCESS"/>
         </value>
      </measureAttribute>
   </subjectOf>
   <subjectOf>
      <measureAttribute>
         <code code="STRAT" codeSystem="2.16.840.1.113883.5.4">
            <displayName value="Stratification"/>
         </code>
         <value mediaType="text/plain" value="None" xsi:type="ED"/>
      </measureAttribute>
   </subjectOf>
   <subjectOf>
      <measureAttribute>
         <code code="MSRADJ" codeSystem="2.16.840.1.113883.5.4">
            <displayName value="Risk Adjustment"/>
         </code>
         <value mediaType="text/plain" value="None" xsi:type="ED"/>
      </measureAttribute>
   </subjectOf>
   <subjectOf>
      <measureAttribute>
         <code code="MSRAGG" codeSystem="2.16.840.1.113883.5.4">
            <displayName value="Rate Aggregation"/>
         </code>
         <value mediaType="text/plain" value="None" xsi:type="ED"/>
      </measureAttribute>
   </subjectOf>
   <subjectOf>
      <measureAttribute>
         <code code="RAT" codeSystem="2.16.840.1.113883.5.4">
            <displayName value="Rationale"/>
         </code>
         <value mediaType="text/plain"
                value="The U.S. Preventive Services Task Force (USPSTF) found good evidence that universal prenatal screening for hepatitis B virus (HBV) infection using hepatitis B surface antigen (HBsAg) substantially reduces prenatal transmission of HBV and the subsequent development of chronic HBV infection (USPSTF 2004). The current practice of vaccinating all infants against HBV infection and post-exposure prophylaxis with hepatitis B immune globulin administered at birth to infants of HBV-infected mothers substantially reduces the risk for acquiring HBV infection"
                xsi:type="ED"/>
      </measureAttribute>
   </subjectOf>
   <subjectOf>
      <measureAttribute>
         <code code="CRS" codeSystem="2.16.840.1.113883.5.4">
            <displayName value="Clinical Recommendation Statement"/>
         </code>
         <value mediaType="text/plain"
                value="The U.S. Preventive Services Task Force (USPSTF) strongly recommends screening for hepatitis B virus (HBV) infection in pregnant women at their first prenatal visit (USPSTF 2004). This is a grade A* recommendation from the USPSTF. In addition, the American College of Obstetricians and Gynecologists (ACOG) recommend screening all pregnant women for HBV infection (ACOG 2002)."
                xsi:type="ED"/>
      </measureAttribute>
   </subjectOf>
   <subjectOf>
      <measureAttribute>
         <code code="IDUR" codeSystem="2.16.840.1.113883.5.4">
            <displayName value="Improvement Notation"/>
         </code>
         <value mediaType="text/plain" value="Higher score indicates better quality"
                xsi:type="ED"/>
      </measureAttribute>
   </subjectOf>
   <subjectOf>
      <measureAttribute>
         <code code="REF" codeSystem="2.16.840.1.113883.5.4">
            <displayName value="Reference"/>
         </code>
         <value mediaType="text/plain"
                value="American College of Obstetricians and Gynecologists. ACOG Practice Bulletin No. 86: Viral hepatitis in pregnancy. Obstet Gynecol 2007;110:941-56.[PMID: 17906043]"
                xsi:type="ED"/>
      </measureAttribute>
   </subjectOf>
   <subjectOf>
      <measureAttribute>
         <code code="DEF" codeSystem="2.16.840.1.113883.5.4">
            <displayName value="Definition"/>
         </code>
         <value mediaType="text/plain" value="None" xsi:type="ED"/>
      </measureAttribute>
   </subjectOf>
   <subjectOf>
      <measureAttribute>
         <code code="GUIDE" codeSystem="2.16.840.1.113883.5.4">
            <displayName value="Guidance"/>
         </code>
         <value mediaType="text/plain" value="None" xsi:type="ED"/>
      </measureAttribute>
   </subjectOf>
   <subjectOf>
      <measureAttribute>
         <code code="TRANF" codeSystem="2.16.840.1.113883.5.4">
            <displayName value="Transmission Format"/>
         </code>
         <value mediaType="text/plain" value="TBD" xsi:type="ED"/>
      </measureAttribute>
   </subjectOf>
   <subjectOf>
      <measureAttribute>
         <code code="IPOP" codeSystem="2.16.840.1.113883.5.4">
            <displayName value="Initial Population"/>
         </code>
         <value mediaType="text/plain"
                value="All female patients aged 12 and older who had a live birth or delivery during the measurement period"
                xsi:type="ED"/>
      </measureAttribute>
   </subjectOf>
   <subjectOf>
      <measureAttribute>
         <code code="DENOM" codeSystem="2.16.840.1.113883.5.4">
            <displayName value="Denominator"/>
         </code>
         <value mediaType="text/plain" value="Equals Initial Population" xsi:type="ED"/>
      </measureAttribute>
   </subjectOf>
   <subjectOf>
      <measureAttribute>
         <code code="DENEX" codeSystem="2.16.840.1.113883.5.4">
            <displayName value="Denominator Exclusions"/>
         </code>
         <value mediaType="text/plain" value="None" xsi:type="ED"/>
      </measureAttribute>
   </subjectOf>
   <subjectOf>
      <measureAttribute>
         <code code="NUMER" codeSystem="2.16.840.1.113883.5.4">
            <displayName value="Numerator"/>
         </code>
         <value mediaType="text/plain"
                value="Patients who were tested for hepatitis B surface antigen (HBsAg) during pregnancy within 280 days prior to delivery"
                xsi:type="ED"/>
      </measureAttribute>
   </subjectOf>
   <subjectOf>
      <measureAttribute>
         <code code="NUMEX" codeSystem="2.16.840.1.113883.5.4">
            <displayName value="Numerator Exclusions"/>
         </code>
         <value mediaType="text/plain" value="Not Applicable" xsi:type="ED"/>
      </measureAttribute>
   </subjectOf>
   <subjectOf>
      <measureAttribute>
         <code code="DENEXCEP" codeSystem="2.16.840.1.113883.5.4">
            <displayName value="Denominator Exceptions"/>
         </code>
         <value mediaType="text/plain"
                value="Patients with a diagnosis of hepatitis B that started or ended within 365 days prior to delivery"
                xsi:type="ED"/>
      </measureAttribute>
   </subjectOf>
   <subjectOf>
      <measureAttribute>
         <code code="SDE" codeSystem="2.16.840.1.113883.5.4">
            <displayName value="Supplemental Data Elements"/>
         </code>
         <value mediaType="text/plain"
                value="Supplemental Data Elements&#x9;For every patient evaluated by this measure also identify payer, race, ethnicity and sex"
                xsi:type="ED"/>
      </measureAttribute>
   </subjectOf>
   <componentOf>
      <qualityMeasureSet classCode="ACT">
         <id root=""/>
         <title value=""/>
      </qualityMeasureSet>
   </componentOf>
   <!--Data Criteria Section-->
   <component>
      <dataCriteriaSection>
         <templateId>
            <item extension="2016-12-01" root="2.16.840.1.113883.10.20.28.2.2"/>
         </templateId>
         <code code="57025-9" codeSystem="2.16.840.1.113883.6.1"/>
         <title value="Data Criteria Section"/>
         <text/>
         <entry typeCode="DRIV">
            <localVariableName value="Female_PatientCharacteristicSex_B7q7b"/>
            <observationCriteria classCode="OBS" moodCode="EVN">
               <templateId>
                  <item extension="2014-11-24" root="2.16.840.1.113883.10.20.28.3.55"/>
               </templateId>
               <id extension="Female_PatientCharacteristicSex"
                   root="5fb660dc-735a-4a60-96bd-3f62b689eecc"/>
               <code code="263495000" codeSystem="2.16.840.1.113883.6.96" codeSystemName="SNOMED CT">
                  <displayName value="Gender"/>
               </code>
               <title value="Patient Characteristic Sex"/>
               <statusCode code="COMPLETED"/>
               <value valueSet="2.16.840.1.113883.3.560.100.2" xsi:type="CD">
                  <displayName value="Female AdministrativeGender Value Set"/>
               </value>
            </observationCriteria>
         </entry>
         <entry typeCode="DRIV">
            <localVariableName value="HepatitisB_Diagnosis_w6RSo"/>
            <observationCriteria classCode="OBS" moodCode="EVN">
               <templateId>
                  <item extension="2016-12-01" root="2.16.840.1.113883.10.20.28.3.110"/>
               </templateId>
               <id extension="HepatitisB_Diagnosis" root="3f7c5482-d95f-438c-9c37-26515f3183c1"/>
               <code code="282291009" codeSystem="2.16.840.1.113883.6.96" codeSystemName="SNOMED CT">
                  <displayName value="Diagnosis"/>
               </code>
               <title value="Diagnosis"/>
               <statusCode code="COMPLETED"/>
               <value valueSet="2.16.840.1.113883.3.67.1.101.1.269" xsi:type="CD">
                  <displayName value="Hepatitis B Grouping Value Set"/>
               </value>
            </observationCriteria>
         </entry>
         <entry typeCode="DRIV">
            <localVariableName value="HBsAg_LaboratoryTestPerformed_sxH00"/>
            <observationCriteria classCode="OBS" moodCode="EVN">
               <templateId>
                  <item extension="2016-12-01" root="2.16.840.1.113883.10.20.28.3.42"/>
               </templateId>
               <id extension="HBsAg_LaboratoryTestPerformed"
                   root="797b3ff7-687c-4567-8a84-107ae94487dc"/>
               <code valueSet="2.16.840.1.113883.3.67.1.101.1.279">
                  <displayName value="HBsAg Grouping Value Set"/>
               </code>
               <title value="Laboratory Test, Performed"/>
               <statusCode code="COMPLETED"/>
            </observationCriteria>
         </entry>
         <entry typeCode="DRIV">
            <localVariableName value="Delivery-Diagnosis_Diagnosis_sfHBj"/>
            <observationCriteria classCode="OBS" moodCode="EVN">
               <templateId>
                  <item extension="2016-12-01" root="2.16.840.1.113883.10.20.28.3.110"/>
               </templateId>
               <id extension="Delivery-Diagnosis_Diagnosis"
                   root="d63a6ff0-641b-4157-af9f-f4cc43f4e692"/>
               <code code="282291009" codeSystem="2.16.840.1.113883.6.96" codeSystemName="SNOMED CT">
                  <displayName value="Diagnosis"/>
               </code>
               <title value="Diagnosis"/>
               <statusCode code="COMPLETED"/>
               <value valueSet="2.16.840.1.113883.3.67.1.101.1.278" xsi:type="CD">
                  <displayName value="Delivery - Diagnosis Grouping Value Set"/>
               </value>
            </observationCriteria>
         </entry>
         <entry typeCode="DRIV">
            <localVariableName value="Delivery-Procedure_ProcedurePerformed_HaGrH"/>
            <procedureCriteria classCode="PROC" moodCode="EVN">
               <templateId>
                  <item extension="2016-12-01" root="2.16.840.1.113883.10.20.28.3.67"/>
               </templateId>
               <id extension="Delivery-Procedure_ProcedurePerformed"
                   root="5f6d5494-7732-46cb-9064-0baf08131007"/>
               <code valueSet="2.16.840.1.113762.1.4.1078.5">
                  <displayName value="Delivery - Procedure Grouping Value Set"/>
               </code>
               <title value="Procedure, Performed"/>
               <statusCode code="COMPLETED"/>
            </procedureCriteria>
         </entry>
         <entry typeCode="DRIV">
            <localVariableName value="Race_PatientCharacteristicRace_RYZQE"/>
            <observationCriteria classCode="OBS" moodCode="EVN">
               <templateId>
                  <item root="2.16.840.1.113883.10.20.28.3.59"/>
               </templateId>
               <id extension="Race_PatientCharacteristicRace"
                   root="d2947eae-3e25-4675-a13a-453cc8a1129f"/>
               <code code="32624-9" codeSystem="2.16.840.1.113883.6.1" codeSystemName="LOINC">
                  <displayName value="Race"/>
               </code>
               <title value="Patient Characteristic Race"/>
               <statusCode code="COMPLETED"/>
               <value valueSet="2.16.840.1.114222.4.11.836" xsi:type="CD">
                  <displayName value="Race CDCREC Value Set"/>
               </value>
            </observationCriteria>
         </entry>
         <entry typeCode="DRIV">
            <localVariableName value="ONCAdministrativeSex_PatientCharacteristicSex_RCYNx"/>
            <observationCriteria classCode="OBS" moodCode="EVN">
               <templateId>
                  <item extension="2014-11-24" root="2.16.840.1.113883.10.20.28.3.55"/>
               </templateId>
               <id extension="ONCAdministrativeSex_PatientCharacteristicSex"
                   root="9802fbe7-1c4f-40e1-a488-d59aee044762"/>
               <code code="263495000" codeSystem="2.16.840.1.113883.6.96" codeSystemName="SNOMED CT">
                  <displayName value="Gender"/>
               </code>
               <title value="Patient Characteristic Sex"/>
               <statusCode code="COMPLETED"/>
               <value valueSet="2.16.840.1.113762.1.4.1" xsi:type="CD">
                  <displayName value="ONC Administrative Sex AdministrativeGender Value Set"/>
               </value>
            </observationCriteria>
         </entry>
         <entry typeCode="DRIV">
            <localVariableName value="Ethnicity_PatientCharacteristicEthnicity_ayVtS"/>
            <observationCriteria classCode="OBS" moodCode="EVN">
               <templateId>
                  <item root="2.16.840.1.113883.10.20.28.3.56"/>
               </templateId>
               <id extension="Ethnicity_PatientCharacteristicEthnicity"
                   root="266ea26a-c3f4-4348-8e9e-922c9ccdcf80"/>
               <code code="54133-4" codeSystem="2.16.840.1.113883.6.1" codeSystemName="LOINC">
                  <displayName value="Ethnicity"/>
               </code>
               <title value="Patient Characteristic Ethnicity"/>
               <statusCode code="COMPLETED"/>
               <value valueSet="2.16.840.1.114222.4.11.837" xsi:type="CD">
                  <displayName value="Ethnicity CDCREC Value Set"/>
               </value>
            </observationCriteria>
         </entry>
         <entry typeCode="DRIV">
            <localVariableName value="Payer_PatientCharacteristicPayer_sEuOD"/>
            <observationCriteria classCode="OBS" moodCode="EVN">
               <templateId>
                  <item extension="2016-12-01" root="2.16.840.1.113883.10.20.28.3.58"/>
               </templateId>
               <id extension="Payer_PatientCharacteristicPayer"
                   root="62cc098d-4665-444b-8668-7023a77ce43f"/>
               <code code="48768-6" codeSystem="2.16.840.1.113883.6.1" codeSystemName="LOINC">
                  <displayName value="Payer"/>
               </code>
               <title value="Patient Characteristic Payer"/>
               <statusCode code="COMPLETED"/>
               <value valueSet="2.16.840.1.114222.4.11.3591" xsi:type="CD">
                  <displayName value="Payer SOP Value Set"/>
               </value>
            </observationCriteria>
         </entry>
      </dataCriteriaSection>
   </component>
   <component>
      <populationCriteriaSection>
         <templateId>
            <item extension="2015-12-01" root="2.16.840.1.113883.10.20.28.2.1"/>
         </templateId>
         <id extension="PopulationCriteria1" root="44EF36E2-01E8-4715-9E0E-28405446B9B7"/>
         <code code="57026-7" codeSystem="2.16.840.1.113883.6.1"/>
         <title value="Population Criteria Section"/>
         <text/>
         <component typeCode="COMP">
            <initialPopulationCriteria classCode="OBS" moodCode="EVN">
               <id extension="initialPopulation" root="79B9FB93-3FE5-4C5E-9D52-0C8C0A68FDA6"/>
               <code code="IPOP" codeSystem="2.16.840.1.113883.5.4" codeSystemName="Act Code"/>
               <precondition typeCode="PRCN">
                  <criteriaReference classCode="OBS" moodCode="EVN">
                     <id extension="PregnantwomenthathadHBsAGtesting.&quot;Initial Population&quot;"
                         root="7C5DB15D-6AF5-4FD8-B748-748519AF3A02"/>
                  </criteriaReference>
               </precondition>
            </initialPopulationCriteria>
         </component>
         <component typeCode="COMP">
            <denominatorCriteria classCode="OBS" moodCode="EVN">
               <id extension="denominator" root="D7D5AFB5-ED97-4277-B295-99CD380EFBEB"/>
               <code code="DENOM" codeSystem="2.16.840.1.113883.5.4" codeSystemName="Act Code"/>
               <precondition typeCode="PRCN">
                  <criteriaReference classCode="OBS" moodCode="EVN">
                     <id extension="PregnantwomenthathadHBsAGtesting.&quot;Initial Population&quot;"
                         root="7C5DB15D-6AF5-4FD8-B748-748519AF3A02"/>
                  </criteriaReference>
               </precondition>
            </denominatorCriteria>
         </component>
         <component typeCode="COMP">
            <denominatorExceptionCriteria classCode="OBS" moodCode="EVN">
               <id extension="denominatorExceptions" root="E89AA922-1212-42D9-9E72-308A8FF395DC"/>
               <code code="DENEXCEP" codeSystem="2.16.840.1.113883.5.4" codeSystemName="Act Code"/>
               <precondition typeCode="PRCN">
                  <criteriaReference classCode="OBS" moodCode="EVN">
                     <id extension="PregnantwomenthathadHBsAGtesting.&quot;Denominator Exceptions&quot;"
                         root="7C5DB15D-6AF5-4FD8-B748-748519AF3A02"/>
                  </criteriaReference>
               </precondition>
            </denominatorExceptionCriteria>
         </component>
         <component typeCode="COMP">
            <numeratorCriteria classCode="OBS" moodCode="EVN">
               <id extension="numerator" root="F48B96B8-9B78-4BB2-9216-4AE558432FBA"/>
               <code code="NUMER" codeSystem="2.16.840.1.113883.5.4" codeSystemName="Act Code"/>
               <precondition typeCode="PRCN">
                  <criteriaReference classCode="OBS" moodCode="EVN">
                     <id extension="PregnantwomenthathadHBsAGtesting.&quot;Numerator&quot;"
                         root="7C5DB15D-6AF5-4FD8-B748-748519AF3A02"/>
                  </criteriaReference>
               </precondition>
            </numeratorCriteria>
         </component>
         <component typeCode="COMP">
            <stratifierCriteria>
               <id extension="Stratifiers" root="FEB66A64-6BB7-4707-9A10-7BD636E36F03"/>
               <code code="STRAT" codeSystem="2.16.840.1.113883.5.4" codeSystemName="Act Code"/>
               <precondition typeCode="PRCN">
                  <criteriaReference classCode="OBS" moodCode="EVN">
                     <id extension="PregnantwomenthathadHBsAGtesting.&quot;SDE Ethnicity&quot;"
                         root="7C5DB15D-6AF5-4FD8-B748-748519AF3A02"/>
                  </criteriaReference>
               </precondition>
               <component typeCode="COMP">
                  <measureAttribute>
                     <code code="SDE" codeSystem="2.16.840.1.113883.5.4" codeSystemName="Act Code"/>
                     <value mediaType="text/plain" value="Supplemental Data Elements" xsi:type="ED"/>
                  </measureAttribute>
               </component>
            </stratifierCriteria>
         </component>
         <component typeCode="COMP">
            <stratifierCriteria>
               <id extension="Stratifiers" root="671ADD1B-FB48-4AC5-8742-9AD6F040A655"/>
               <code code="STRAT" codeSystem="2.16.840.1.113883.5.4" codeSystemName="Act Code"/>
               <precondition typeCode="PRCN">
                  <criteriaReference classCode="OBS" moodCode="EVN">
                     <id extension="PregnantwomenthathadHBsAGtesting.&quot;SDE Payer&quot;"
                         root="7C5DB15D-6AF5-4FD8-B748-748519AF3A02"/>
                  </criteriaReference>
               </precondition>
               <component typeCode="COMP">
                  <measureAttribute>
                     <code code="SDE" codeSystem="2.16.840.1.113883.5.4" codeSystemName="Act Code"/>
                     <value mediaType="text/plain" value="Supplemental Data Elements" xsi:type="ED"/>
                  </measureAttribute>
               </component>
            </stratifierCriteria>
         </component>
         <component typeCode="COMP">
            <stratifierCriteria>
               <id extension="Stratifiers" root="34E8F411-95F7-4FE8-BEBE-07F7A67C8783"/>
               <code code="STRAT" codeSystem="2.16.840.1.113883.5.4" codeSystemName="Act Code"/>
               <precondition typeCode="PRCN">
                  <criteriaReference classCode="OBS" moodCode="EVN">
                     <id extension="PregnantwomenthathadHBsAGtesting.&quot;SDE Race&quot;"
                         root="7C5DB15D-6AF5-4FD8-B748-748519AF3A02"/>
                  </criteriaReference>
               </precondition>
               <component typeCode="COMP">
                  <measureAttribute>
                     <code code="SDE" codeSystem="2.16.840.1.113883.5.4" codeSystemName="Act Code"/>
                     <value mediaType="text/plain" value="Supplemental Data Elements" xsi:type="ED"/>
                  </measureAttribute>
               </component>
            </stratifierCriteria>
         </component>
         <component typeCode="COMP">
            <stratifierCriteria>
               <id extension="Stratifiers" root="9F6318E9-DFA5-4DD1-B003-0316B403760F"/>
               <code code="STRAT" codeSystem="2.16.840.1.113883.5.4" codeSystemName="Act Code"/>
               <precondition typeCode="PRCN">
                  <criteriaReference classCode="OBS" moodCode="EVN">
                     <id extension="PregnantwomenthathadHBsAGtesting.&quot;SDE Sex&quot;"
                         root="7C5DB15D-6AF5-4FD8-B748-748519AF3A02"/>
                  </criteriaReference>
               </precondition>
               <component typeCode="COMP">
                  <measureAttribute>
                     <code code="SDE" codeSystem="2.16.840.1.113883.5.4" codeSystemName="Act Code"/>
                     <value mediaType="text/plain" value="Supplemental Data Elements" xsi:type="ED"/>
                  </measureAttribute>
               </component>
            </stratifierCriteria>
         </component>
      </populationCriteriaSection>
   </component>
</QualityMeasureDocument>