<?xml version="1.0" encoding="UTF-8"?>
<library xmlns="urn:hl7-org:elm:r1" xmlns:t="urn:hl7-org:elm-types:r1" xmlns:xsi="http://www.w3.org/2001/XMLSchema-instance" xmlns:xsd="http://www.w3.org/2001/XMLSchema" xmlns:fhir="http://hl7.org/fhir" xmlns:a="urn:hl7-org:cql-annotations:r1">
   <identifier id="PregnantwomenthathadHBsAGtesting" version="0.0.008"/>
   <schemaIdentifier id="urn:hl7-org:elm" version="r1"/>
   <usings>
      <def localIdentifier="System" uri="urn:hl7-org:elm-types:r1"/>
      <def localIdentifier="QDM" uri="urn:healthit-gov:qdm:v5_0_draft" version="5.0"/>
   </usings>
   <parameters>
      <def name="Measurement Period" accessLevel="Public">
         <parameterTypeSpecifier xsi:type="IntervalTypeSpecifier">
            <pointType name="t:DateTime" xsi:type="NamedTypeSpecifier"/>
         </parameterTypeSpecifier>
      </def>
   </parameters>
   <valueSets>
      <def name="Female" id="urn:oid:2.16.840.1.113883.3.560.100.2" accessLevel="Public"/>
      <def name="Hepatitis B" id="urn:oid:2.16.840.1.113883.3.67.1.101.1.269" accessLevel="Public"/>
      <def name="Race" id="urn:oid:2.16.840.1.114222.4.11.836" accessLevel="Public"/>
      <def name="ONC Administrative Sex" id="urn:oid:2.16.840.1.113762.1.4.1" accessLevel="Public"/>
      <def name="HBsAg" id="urn:oid:2.16.840.1.113883.3.67.1.101.1.279" accessLevel="Public"/>
      <def name="Ethnicity" id="urn:oid:2.16.840.1.114222.4.11.837" accessLevel="Public"/>
      <def name="Delivery - Diagnosis" id="urn:oid:2.16.840.1.113883.3.67.1.101.1.278" accessLevel="Public"/>
      <def name="Payer" id="urn:oid:2.16.840.1.114222.4.11.3591" accessLevel="Public"/>
      <def name="Delivery - Procedure" id="urn:oid:2.16.840.1.113762.1.4.1078.5" accessLevel="Public"/>
   </valueSets>
   <statements>
      <def name="Patient" context="Patient">
         <expression xsi:type="SingletonFrom">
            <operand xmlns:ns0="urn:healthit-gov:qdm:v5_0_draft" dataType="ns0:Patient" templateId="Patient" xsi:type="Retrieve"/>
         </expression>
      </def>
      <def name="SDE Ethnicity" context="Patient" accessLevel="Public">
         <expression xmlns:ns1="urn:healthit-gov:qdm:v5_0_draft" dataType="ns1:PatientCharacteristicEthnicity" xsi:type="Retrieve">
            <codes name="Ethnicity" xsi:type="ValueSetRef"/>
         </expression>
      </def>
      <def name="SDE Payer" context="Patient" accessLevel="Public">
         <expression xmlns:ns2="urn:healthit-gov:qdm:v5_0_draft" dataType="ns2:PatientCharacteristicPayer" xsi:type="Retrieve">
            <codes name="Payer" xsi:type="ValueSetRef"/>
         </expression>
      </def>
      <def name="SDE Race" context="Patient" accessLevel="Public">
         <expression xmlns:ns3="urn:healthit-gov:qdm:v5_0_draft" dataType="ns3:PatientCharacteristicRace" xsi:type="Retrieve">
            <codes name="Race" xsi:type="ValueSetRef"/>
         </expression>
      </def>
      <def name="SDE Sex" context="Patient" accessLevel="Public">
         <expression xmlns:ns4="urn:healthit-gov:qdm:v5_0_draft" dataType="ns4:PatientCharacteristicSex" xsi:type="Retrieve">
            <codes name="ONC Administrative Sex" xsi:type="ValueSetRef"/>
         </expression>
      </def>
      <def name="Most Recent Delivery" context="Patient" accessLevel="Public">
         <expression xsi:type="Last">
            <source xsi:type="Query">
               <source alias="DeliveryProcedure">
                  <expression xmlns:ns5="urn:healthit-gov:qdm:v5_0_draft" dataType="ns5:ProcedurePerformed" templateId="PositiveProcedurePerformed" codeProperty="code" xsi:type="Retrieve">
                     <codes name="Delivery - Procedure" xsi:type="ValueSetRef"/>
                  </expression>
               </source>
               <where xsi:type="IncludedIn">
                  <operand path="relevantPeriod" scope="DeliveryProcedure" xsi:type="Property"/>
                  <operand name="Measurement Period" xsi:type="ParameterRef"/>
               </where>
               <sort>
                  <by direction="asc" xsi:type="ByExpression">
                     <expression path="relevantPeriod" scope="DeliveryProcedure" xsi:type="Property"/>
                  </by>
               </sort>
            </source>
         </expression>
      </def>
      <def name="Most Recent Delivery Overlaps Diagnosis" context="Patient" accessLevel="Public">
         <expression xsi:type="Query">
            <source alias="Mostrecentdelivery">
               <expression xsi:type="List">
                  <element name="Most Recent Delivery" xsi:type="ExpressionRef"/>
               </expression>
            </source>
            <relationship alias="Deliverydiagnosis" xsi:type="With">
               <expression xmlns:ns6="urn:healthit-gov:qdm:v5_0_draft" dataType="ns6:Diagnosis" xsi:type="Retrieve">
                  <codes name="Delivery - Diagnosis" xsi:type="ValueSetRef"/>
               </expression>
               <suchThat xsi:type="Overlaps">
                  <operand path="relevantPeriod" scope="Mostrecentdelivery" xsi:type="Property"/>
                  <operand path="prevalencePeriod" scope="Deliverydiagnosis" xsi:type="Property"/>
               </suchThat>
            </relationship>
         </expression>
      </def>
      <def name="Initial Population" context="Patient" accessLevel="Public">
         <expression xsi:type="And">
            <operand xsi:type="And">
               <operand xsi:type="Exists">
                  <operand name="Most Recent Delivery Overlaps Diagnosis" xsi:type="ExpressionRef"/>
               </operand>
               <operand xsi:type="GreaterOrEqual">
                  <operand precision="Year" xsi:type="CalculateAgeAt">
                     <operand path="birthDatetime" xsi:type="Property">
                        <source name="Patient" xsi:type="ExpressionRef"/>
                     </operand>
                     <operand xsi:type="Start">
                        <operand name="Measurement Period" xsi:type="ParameterRef"/>
                     </operand>
                  </operand>
                  <operand valueType="t:Integer" value="12" xsi:type="Literal"/>
               </operand>
            </operand>
            <operand xsi:type="Exists">
               <operand xmlns:ns7="urn:healthit-gov:qdm:v5_0_draft" dataType="ns7:PatientCharacteristicSex" xsi:type="Retrieve">
                  <codes name="Female" xsi:type="ValueSetRef"/>
               </operand>
            </operand>
         </expression>
      </def>
      <def name="Numerator" context="Patient" accessLevel="Public">
         <expression xsi:type="Exists">
            <operand xsi:type="Query">
               <source alias="LabTest">
                  <expression xmlns:ns8="urn:healthit-gov:qdm:v5_0_draft" dataType="ns8:LaboratoryTestPerformed" templateId="PositiveLaboratoryTestPerformed" codeProperty="code" xsi:type="Retrieve">
                     <codes name="HBsAg" xsi:type="ValueSetRef"/>
                  </expression>
               </source>
               <relationship alias="DeliveryOverlapsDiagnosis" xsi:type="With">
                  <expression name="Most Recent Delivery Overlaps Diagnosis" xsi:type="ExpressionRef"/>
                  <suchThat xsi:type="In">
                     <operand precision="Day" xsi:type="DurationBetween">
                        <operand xsi:type="Start">
                           <operand path="relevantPeriod" scope="LabTest" xsi:type="Property"/>
                        </operand>
                        <operand xsi:type="Start">
                           <operand path="relevantPeriod" scope="DeliveryOverlapsDiagnosis" xsi:type="Property"/>
                        </operand>
                     </operand>
                     <operand lowClosed="false" highClosed="true" xsi:type="Interval">
                        <low valueType="t:Integer" value="0" xsi:type="Literal"/>
                        <high valueType="t:Integer" value="280" xsi:type="Literal"/>
                     </operand>
                  </suchThat>
               </relationship>
            </operand>
         </expression>
      </def>
      <def name="Denominator Exceptions" context="Patient" accessLevel="Public">
         <expression xsi:type="Or">
            <operand xsi:type="Exists">
               <operand xsi:type="Query">
                  <source alias="HepB">
                     <expression xmlns:ns9="urn:healthit-gov:qdm:v5_0_draft" dataType="ns9:Diagnosis" xsi:type="Retrieve">
                        <codes name="Hepatitis B" xsi:type="ValueSetRef"/>
                     </expression>
                  </source>
                  <relationship alias="DeliveryOverlapsDiagnosis" xsi:type="With">
                     <expression name="Most Recent Delivery Overlaps Diagnosis" xsi:type="ExpressionRef"/>
                     <suchThat xsi:type="In">
                        <operand precision="Day" xsi:type="DurationBetween">
                           <operand xsi:type="Start">
                              <operand path="prevalencePeriod" scope="HepB" xsi:type="Property"/>
                           </operand>
                           <operand xsi:type="Start">
                              <operand path="relevantPeriod" scope="DeliveryOverlapsDiagnosis" xsi:type="Property"/>
                           </operand>
                        </operand>
                        <operand lowClosed="false" highClosed="true" xsi:type="Interval">
                           <low valueType="t:Integer" value="0" xsi:type="Literal"/>
                           <high valueType="t:Integer" value="365" xsi:type="Literal"/>
                        </operand>
                     </suchThat>
                  </relationship>
               </operand>
            </operand>
            <operand xsi:type="Exists">
               <operand xsi:type="Query">
                  <source alias="HepB">
                     <expression xmlns:ns10="urn:healthit-gov:qdm:v5_0_draft" dataType="ns10:Diagnosis" xsi:type="Retrieve">
                        <codes name="Hepatitis B" xsi:type="ValueSetRef"/>
                     </expression>
                  </source>
                  <relationship alias="DeliveryOverlapsDiagnosis" xsi:type="With">
                     <expression name="Most Recent Delivery Overlaps Diagnosis" xsi:type="ExpressionRef"/>
                     <suchThat xsi:type="In">
                        <operand precision="Day" xsi:type="DurationBetween">
                           <operand xsi:type="End">
                              <operand path="prevalencePeriod" scope="HepB" xsi:type="Property"/>
                           </operand>
                           <operand xsi:type="Start">
                              <operand path="relevantPeriod" scope="DeliveryOverlapsDiagnosis" xsi:type="Property"/>
                           </operand>
                        </operand>
                        <operand lowClosed="false" highClosed="true" xsi:type="Interval">
                           <low valueType="t:Integer" value="0" xsi:type="Literal"/>
                           <high valueType="t:Integer" value="365" xsi:type="Literal"/>
                        </operand>
                     </suchThat>
                  </relationship>
               </operand>
            </operand>
         </expression>
      </def>
   </statements>
</library>
