<?xml version="1.0" encoding="UTF-8"?><measure><measureDetails><uuid>40280381-528a-60ff-0152-987e4eb10969</uuid><title>Discharged on Antithrombotic Therapy</title><shortTitle>CMS104</shortTitle><emeasureid>104</emeasureid><guid>42bf391f-38a3-4c0f-9ece-dcd47e9609d9</guid><version>5.1.000</version><nqfid extension="0435" root="2.16.840.1.113883.3.560.1"/><period calenderYear="true" uuid="40280381-3d27-5493-013d-4dca4b996aeb"><startDate>00000101</startDate><stopDate>00001231</stopDate></period><steward id="1.3.6.1.4.1.33895">The Joint Commission</steward><developers><developer id="1.3.6.1.4.1.33895">The Joint Commission</developer></developers><endorsement id="2.16.840.1.113883.3.560">National Quality Forum</endorsement><description>Ischemic stroke patients prescribed antithrombotic therapy at hospital discharge</description><copyright>Measure specifications are in the Public Domain

LOINC(R) is a registered trademark of the Regenstrief Institute.

This material contains SNOMED Clinical Terms (R) (SNOMED CT(C)) copyright 2004-2015 International Health Terminology Standards Development Organization. All rights reserved.</copyright><disclaimer>These performance measures are not clinical guidelines and do not establish a standard of medical care, and have not been tested for all potential applications. The measures and specifications are provided without warranty.</disclaimer><scoring id="PROPOR">Proportion</scoring><types><type id="PROCESS">Process</type></types><componentMeasures/><itemCount><elementRef dataType="Encounter, Performed" id="40280381-3d61-56a7-013d-7f1466b6554b" name="Non-Elective Inpatient Encounter" oid="2.16.840.1.113883.3.117.1.7.1.424"/></itemCount><stratification>None</stratification><riskAdjustment>None</riskAdjustment><aggregation>None</aggregation><rationale>The effectiveness of antithrombotic agents in reducing stroke mortality, stroke-related morbidity and recurrence rates has been studied in several large clinical trials. While the use of these agents for patients with acute ischemic stroke and transient ischemic attacks continues to be the subject of study, substantial evidence is available from completed studies. Data at this time suggest that antithrombotic therapy should be prescribed at discharge following acute ischemic stroke to reduce stroke mortality and morbidity as long as no contraindications exist.

For patients with a stroke due to a cardioembolic source (eg atrial fibrillation, mechanical heart valve), warfarin is recommended unless contraindicated. In recent years, novel oral anticoagulant agents (NOACs) have been developed and approved by the U.S. Food and Drug Administration (FDA) for stroke prevention, and may be considered as an alternative to warfarin for select patients. Anticoagulation therapy is not generally recommended for secondary stroke prevention in patients presumed to have a non-cardioembolic stroke.
Anticoagulants at doses to prevent venous thromboembolism are insufficient antithrombotic therapy to prevent recurrent ischemic stroke or TIA.</rationale><recommendations>Clinical trial results suggest that antithrombotic therapy should be prescribed at discharge following acute ischemic stroke to reduce stroke mortality and morbidity as long as no contraindications exist</recommendations><improvementNotations>Improvement noted as an increase in rate</improvementNotations><references><reference>Adams HP, del Zoppo G, Alberts MJ, Bhatt DL, Brass L, Furlan A, Grubb RL, Higashida RT, Jauch EC, Kidwell C, Lyden PD, Morgenstern LB, Qureshi AI, Rosenwasser RH, Scott PA, Wijdicks E. Guidelines for the Early Management of Adults with Ischemic Stroke: A Guideline From the American Heart Association/American Stroke Association Stroke Council, Clinical CardiologyCouncil, Cardiovascular Radiology and Intervention Council, and the Atherosclerotic Peripheral Vascular Disease and Quality of Care Outcomes in Research Interdisciplinary Working Groups. Stroke. 2007;38:1655-1711.</reference><reference>Adams H, Adams R, Del Zoppo G, Goldstein LB. Guidelines for the Early Management of Patients With Ischemic Stroke: Guidelines Update A Scientific Statement From the Stroke Council of the American Heart Association/American Stroke Association. Stroke Vol. 36, 2005: 916:923.</reference><reference>Albers GW, Amarenco P, Easton JD, Sacco RL, Teal P. Antithrombotic and Thrombolytic Therapy for Ischemic Stroke. Chest Vol. 119, 2001: 300-320.</reference><reference>Brott TG, Clark WM, Grotta JC, et al. Stroke the first hours. Guidelines for acute treatment. Consensus Statement. National Stroke Association. 2000.</reference><reference>Chen ZM, Sandercock P, Pan HC, et al. Indications for early aspirin use in acute ischemic stroke: a combined analysis of 40,000 randomized patients from the Chinese acute stroke trial and the international stroke trial. On behalf of the CAST and IST collaborative groups, Stroke 2000;31:1240-1249.</reference><reference>Coull BM, Williams LS, Goldstein LB, et al. Anticoagulants and Antiplatelet Agents in Acute Ischemic Stroke. Report of the Joint Stroke Guideline Development Committee of the American Academy of Neurology and the American Stroke Association (a Division of the American Heart Association) Stroke. 2002;33:1934 - 1942.</reference><reference>Guideline on the Use of Aspirin as Secondary Prophylaxis for Vascular Disease in Primary Care, Centre for Health Services Research University of Newcastle upon Tyne, &amp; Centre for Health Economics of York, 1998.</reference><reference>Kernan, W.N., B. Ovbiagele, H. R. Black, D. M. Bravata, M. I. Chimowitz, M. D. Ezekowitz, M. C. Fang, M. Fisher, K. L. Furie, D. V. Heck, S. C. Johnston, S. E. Kasner, S. J. Kittner, P. H. Mitchell, M. W. Rich, D. Richardson, L. H. Schwamm, J. A. Wilson. "Guidelines for the Prevention of Stroke in Patients with Stroke and Transient Ischemic Attack: A Guideline for Healthcare Professionals from the American Heart Association/American Stroke Association." [in eng.]  Stroke 45, no. 7 (May 2014): 2160-223. </reference></references><definitions>None</definitions><guidance>The "Non-elective Inpatient Encounter" value set intends to capture all non-scheduled hospitalizations. This value set is a subset of the "Inpatient encounter" value set, excluding concepts that specifically refer to elective hospital admissions. Non-elective admissions include emergency, urgent and unplanned admissions.</guidance><transmissionFormat>TBD</transmissionFormat><initialPopDescription>Patients age 18 and older discharged from inpatient care (non-elective admissions) with a principal diagnosis of ischemic or hemorrhagic stroke and a length of stay less than or equal to 120 days.</initialPopDescription><denominatorDescription>Patients with a principal diagnosis of Ischemic stroke</denominatorDescription><denominatorExclusionsDescription>*Patients with comfort measures documented
*Patients admitted for elective carotid intervention. This exclusion is implicitly modeled by only including non-elective hospitalizations.
*Patients discharged to another hospital
*Patients who left against medical advice
*Patients who expired
*Patients discharged to home for hospice care
*Patients discharged to a health care facility for hospice care</denominatorExclusionsDescription><numeratorDescription>Patients prescribed antithrombotic therapy at hospital discharge</numeratorDescription><numeratorExclusionsDescription>Not Applicable</numeratorExclusionsDescription><denominatorExceptionsDescription>Patients with a documented reason for not prescribing antithrombotic therapy at discharge</denominatorExceptionsDescription><supplementalData>For every patient evaluated by this measure also identify payer, race, ethnicity, and sex</supplementalData><qualityMeasureSet uuid="64e5d867-e0e8-4c56-a5fd-b963a9ca4bec">eMeasure Stroke (eSTK)</qualityMeasureSet>
<finalizedDate value="201601311030-0600"/>
</measureDetails><supplementalDataElements><elementRef id="40280381-3d27-5493-013d-4dca4b986ae5" name="ONC Administrative Sex"/><elementRef id="40280381-3d27-5493-013d-4dca4b986ae6" name="Race"/><elementRef id="40280381-3d27-5493-013d-4dca4b986ae7" name="Ethnicity"/><elementRef id="40280381-3d27-5493-013d-4dca4b986ae8" name="Payer"/></supplementalDataElements><riskAdjustmentVariables/><subTreeLookUp><subTree displayName="Occurrence A of $EncounterInpatientNonElective" instance="A" instanceOf="F40376F3-CF11-4988-B68A-8684FDF5E580" qdmVariable="true" uuid="E3DE1AAA-C974-45D5-B2EB-4386960A7D31"><functionalOp displayName="Satisfies All" type="SATISFIES ALL"><elementRef displayName="Non-Elective Inpatient Encounter : Encounter, Performed" id="40280381-3d61-56a7-013d-7f1466b6554b" type="qdm"/><elementRef displayName="Non-Elective Inpatient Encounter : Encounter, Performed" id="40280381-3d61-56a7-013d-7f1466b6554b" type="qdm"><attribute attrUUID="C8FE4397-C976-44B5-8D44-621F53B4C2C0" comparisonValue="120" mode="Less Than Or Equal To" name="length of stay" unit="days"/></elementRef><relationalOp displayName="Ends During" type="EDU"><elementRef displayName="Non-Elective Inpatient Encounter : Encounter, Performed" id="40280381-3d61-56a7-013d-7f1466b6554b" type="qdm"/><elementRef displayName="Measurement Period : Timing Element" id="40280381-3d27-5493-013d-4dca4b996aeb" type="qdm"/></relationalOp></functionalOp></subTree><subTree displayName="Age at OccA Enc Variable" qdmVariable="false" uuid="96768611-9D0A-4609-B0F8-5865FF785EB9"><functionalOp displayName="Age&gt;= 18 years at" operatorType="Greater Than or Equal To" quantity="18" type="AGE AT" unit="years"><subTreeRef displayName="Occurrence A of EncounterInpatientNonElective" id="E3DE1AAA-C974-45D5-B2EB-4386960A7D31" type="subTree"/></functionalOp></subTree><subTree displayName="Comfort Measures during Encounter Inpatient" qdmVariable="false" uuid="1FE34E5B-8603-436E-93AD-E74D7FCA0CAD"><relationalOp displayName="Starts During" type="SDU"><subTreeRef displayName="InterventionComfortMeasures" id="04FC8CF3-ACB6-4BCD-B439-4F4803F650C6" type="subTree"/><subTreeRef displayName="Occurrence A of EncounterInpatientNonElective" id="E3DE1AAA-C974-45D5-B2EB-4386960A7D31" type="subTree"/></relationalOp></subTree><subTree displayName="Comfort Measures starts during ED Visit" qdmVariable="false" uuid="A75C4504-44CB-4F92-918F-F20366D64A21"><relationalOp displayName="Starts During" type="SDU"><subTreeRef displayName="InterventionComfortMeasures" id="04FC8CF3-ACB6-4BCD-B439-4F4803F650C6" type="subTree"/><relationalOp displayName="&lt;= 1 hours Ends Before Or Concurrent With Start Of" operatorType="Less Than or Equal To" quantity="1" type="EBSORECWS" unit="hours"><elementRef displayName="Emergency Department Visit : Encounter, Performed" id="1266d4a7-2ac1-4c7e-aedc-fa64bb3a8ca8" type="qdm"/><subTreeRef displayName="Occurrence A of EncounterInpatientNonElective" id="E3DE1AAA-C974-45D5-B2EB-4386960A7D31" type="subTree"/></relationalOp></relationalOp></subTree><subTree displayName="EncounterInpatientNonElective" qdmVariable="true" uuid="F40376F3-CF11-4988-B68A-8684FDF5E580"><functionalOp displayName="Satisfies All" type="SATISFIES ALL"><elementRef displayName="Non-Elective Inpatient Encounter : Encounter, Performed" id="40280381-3d61-56a7-013d-7f1466b6554b" type="qdm"/><elementRef displayName="Non-Elective Inpatient Encounter : Encounter, Performed" id="40280381-3d61-56a7-013d-7f1466b6554b" type="qdm"><attribute attrUUID="464c2c3b-d2a3-4cdf-898f-c562a20a21ca" comparisonValue="120" mode="Less Than Or Equal To" name="length of stay" unit="days"/></elementRef><relationalOp displayName="Ends During" type="EDU"><elementRef displayName="Non-Elective Inpatient Encounter : Encounter, Performed" id="40280381-3d61-56a7-013d-7f1466b6554b" type="qdm"/><elementRef displayName="Measurement Period : Timing Element" id="40280381-3d27-5493-013d-4dca4b996aeb" type="qdm"/></relationalOp></functionalOp></subTree><subTree displayName="Intersection OccA Enc Princ Dx Hemorrhagic Stroke" qdmVariable="false" uuid="70D03163-F7A2-4A98-91B3-7C8F78DE0B53"><setOp displayName="Intersection" type="intersection"><subTreeRef displayName="Occurrence A of EncounterInpatientNonElective" id="E3DE1AAA-C974-45D5-B2EB-4386960A7D31" type="subTree"/><elementRef displayName="Non-Elective Inpatient Encounter : Encounter, Performed" id="40280381-3d61-56a7-013d-7f1466b6554b" type="qdm"><attribute attrUUID="c9e8f682-9866-40ba-8283-37cf00e22f9b" mode="Value Set" name="principal diagnosis" qdmUUID="9113daac-fab1-483b-a1b4-d6c2539b15ab"/></elementRef></setOp></subTree><subTree displayName="Intersection OccA Enc Princ Dx Ischemic Stroke" qdmVariable="false" uuid="11E30979-3F80-45C8-BC8A-26C8A66FDC09"><setOp displayName="Intersection" type="intersection"><subTreeRef displayName="Occurrence A of EncounterInpatientNonElective" id="E3DE1AAA-C974-45D5-B2EB-4386960A7D31" type="subTree"/><elementRef displayName="Non-Elective Inpatient Encounter : Encounter, Performed" id="40280381-3d61-56a7-013d-7f1466b6554b" type="qdm"><attribute attrUUID="423a534d-6120-4d39-a2b0-a691aaa6288c" mode="Value Set" name="principal diagnosis" qdmUUID="2e339ef2-9b1b-4d62-9118-8dde06646684"/></elementRef></setOp></subTree><subTree displayName="Intersection of Inpatient and discharge status" qdmVariable="false" uuid="10A0E93C-203C-48D5-8D02-F280346B3373"><setOp displayName="Intersection" type="intersection"><subTreeRef displayName="Occurrence A of EncounterInpatientNonElective" id="E3DE1AAA-C974-45D5-B2EB-4386960A7D31" type="subTree"/><functionalOp displayName="Satisfies Any" type="SATISFIES ANY"><elementRef displayName="Non-Elective Inpatient Encounter : Encounter, Performed" id="40280381-3d61-56a7-013d-7f1466b6554b" type="qdm"/><elementRef displayName="Non-Elective Inpatient Encounter : Encounter, Performed" id="40280381-3d61-56a7-013d-7f1466b6554b" type="qdm"><attribute attrUUID="aee655ac-d760-4709-8bf3-c0241ded3236" mode="Value Set" name="discharge status" qdmUUID="40280381-3d27-5493-013d-4dca4b996b03"/></elementRef><elementRef displayName="Non-Elective Inpatient Encounter : Encounter, Performed" id="40280381-3d61-56a7-013d-7f1466b6554b" type="qdm"><attribute attrUUID="7fab8d4b-82e8-437f-88c7-b2abfb2dac07" mode="Value Set" name="discharge status" qdmUUID="40280381-3d27-5493-013d-4dca4b996afa"/></elementRef><elementRef displayName="Non-Elective Inpatient Encounter : Encounter, Performed" id="40280381-3d61-56a7-013d-7f1466b6554b" type="qdm"><attribute attrUUID="848b49ef-1aad-4342-8cba-ec5a1325d957" mode="Value Set" name="discharge status" qdmUUID="40280381-3d27-5493-013d-4dca4b996b01"/></elementRef><elementRef displayName="Non-Elective Inpatient Encounter : Encounter, Performed" id="40280381-3d61-56a7-013d-7f1466b6554b" type="qdm"><attribute attrUUID="5fcaeb66-7e56-4191-bb54-afe4b1e57269" mode="Value Set" name="discharge status" qdmUUID="40280381-3d27-5493-013d-4dca4b996afc"/></elementRef><elementRef displayName="Non-Elective Inpatient Encounter : Encounter, Performed" id="40280381-3d61-56a7-013d-7f1466b6554b" type="qdm"><attribute attrUUID="6a0de02e-3847-446b-887f-b564619d3eeb" mode="Value Set" name="discharge status" qdmUUID="40280381-3d27-5493-013d-4dca4b996afd"/></elementRef></functionalOp></setOp></subTree><subTree displayName="InterventionComfortMeasures" qdmVariable="true" uuid="04FC8CF3-ACB6-4BCD-B439-4F4803F650C6"><setOp displayName="Union" type="union"><elementRef displayName="Comfort Measures : Intervention, Order" id="5d155dc6-ca9c-471c-89b6-979128f685d9" type="qdm"/><elementRef displayName="Comfort Measures : Intervention, Performed" id="59f1730e-0898-4660-a67e-47d423133853" type="qdm"/></setOp></subTree><subTree displayName="Medication Discharge during Inpatient Encounter" qdmVariable="false" uuid="06FDF898-8860-4397-9524-9D9D85081ED4"><relationalOp displayName="Starts During" type="SDU"><elementRef displayName="Antithrombotic Therapy : Medication, Discharge" id="40280381-3d27-5493-013d-4dca4b9a6b0d" type="qdm"/><subTreeRef displayName="Occurrence A of EncounterInpatientNonElective" id="E3DE1AAA-C974-45D5-B2EB-4386960A7D31" type="subTree"/></relationalOp></subTree><subTree displayName="Union of Medication Discharge not done" qdmVariable="false" uuid="E3CD2E36-C6CA-4B89-AFAC-A24470D00EC2"><relationalOp displayName="Starts During" type="SDU"><setOp displayName="Union" type="union"><elementRef displayName="Antithrombotic ingredient specific : Medication, Discharge" id="000931f8-5fe8-4d03-a306-9a02bdc462da" type="qdm"><attribute attrUUID="38e31a77-3c8f-43f4-9278-73223b0d4698" mode="Value Set" name="negation rationale" qdmUUID="40280381-3d27-5493-013d-4dca4b996b05"/></elementRef><elementRef displayName="Antithrombotic ingredient specific : Medication, Discharge" id="000931f8-5fe8-4d03-a306-9a02bdc462da" type="qdm"><attribute attrUUID="13b990b9-2796-4d9c-a5fa-1c39a2776240" mode="Value Set" name="negation rationale" qdmUUID="40280381-3d27-5493-013d-4dca4b996b04"/></elementRef></setOp><subTreeRef displayName="Occurrence A of EncounterInpatientNonElective" id="E3DE1AAA-C974-45D5-B2EB-4386960A7D31" type="subTree"/></relationalOp></subTree></subTreeLookUp><measureGrouping><group sequence="1"><clause displayName="Initial Population 1" type="initialPopulation" uuid="BE65C159-118C-4793-9840-0C4CA4F7EBFD"><logicalOp displayName="AND" type="and"><subTreeRef displayName="Age at OccA Enc Variable" id="96768611-9D0A-4609-B0F8-5865FF785EB9" type="subTree"/><logicalOp displayName="OR" type="or"><subTreeRef displayName="Intersection OccA Enc Princ Dx Ischemic Stroke" id="11E30979-3F80-45C8-BC8A-26C8A66FDC09" type="subTree"/><subTreeRef displayName="Intersection OccA Enc Princ Dx Hemorrhagic Stroke" id="70D03163-F7A2-4A98-91B3-7C8F78DE0B53" type="subTree"/></logicalOp></logicalOp></clause><clause displayName="Denominator 1" type="denominator" uuid="89CA4385-74C8-45EF-A525-BC9AECC179F0"><logicalOp displayName="AND" type="and"><subTreeRef displayName="Intersection OccA Enc Princ Dx Ischemic Stroke" id="11E30979-3F80-45C8-BC8A-26C8A66FDC09" type="subTree"/></logicalOp></clause><clause displayName="Denominator Exclusions 1" type="denominatorExclusions" uuid="1B572108-6E78-4A49-A45E-2897DA4E27F2"><logicalOp displayName="OR" type="or"><subTreeRef displayName="Intersection of Inpatient and discharge status" id="10A0E93C-203C-48D5-8D02-F280346B3373" type="subTree"/><subTreeRef displayName="Comfort Measures starts during ED Visit" id="A75C4504-44CB-4F92-918F-F20366D64A21" type="subTree"/><subTreeRef displayName="Comfort Measures during Encounter Inpatient" id="1FE34E5B-8603-436E-93AD-E74D7FCA0CAD" type="subTree"/></logicalOp></clause><clause displayName="Denominator Exceptions 1" type="denominatorExceptions" uuid="253EB09C-BDC6-43BC-B54E-37216C7FECBE"><logicalOp displayName="OR" type="or"><subTreeRef displayName="Union of Medication Discharge not done" id="E3CD2E36-C6CA-4B89-AFAC-A24470D00EC2" type="subTree"/></logicalOp></clause><clause displayName="Numerator 1" type="numerator" uuid="2AFB75AC-7119-4FE2-A1BD-DC161870F005"><logicalOp displayName="AND" type="and"><subTreeRef displayName="Medication Discharge during Inpatient Encounter" id="06FDF898-8860-4397-9524-9D9D85081ED4" type="subTree"/></logicalOp></clause><clause displayName="numeratorExclusions" type="numeratorExclusions" uuid="9e1308a7-7a30-4b9f-9fed-65c42ac8f92d"><logicalOp displayName="AND" type="and"/></clause><clause displayName="stratum" type="stratum" uuid="4e32709e-df4a-4c5c-9684-0c069bcc4b80"/></group></measureGrouping><elementLookUp><qdm datatype="Medication, Discharge" id="000931f8-5fe8-4d03-a306-9a02bdc462da" name="Antithrombotic ingredient specific" oid="2.16.840.1.113762.1.4.1021.8" suppDataElement="false" taxonomy="RXNORM" uuid="000931f8-5fe8-4d03-a306-9a02bdc462da" version="1.0"/><qdm codeSystemName="Joint Commission" datatype="Medication, Discharge" id="40280381-3d27-5493-013d-4dca4b9a6b0d" name="Antithrombotic Therapy" oid="2.16.840.1.113883.3.117.1.7.1.201" suppDataElement="false" taxonomy="RXNORM" uuid="40280381-3d27-5493-013d-4dca4b9a6b0d" version="1"/><qdm datatype="Patient Characteristic Birthdate" id="e718f3e2-2a61-42d2-8f77-9e37a710112d" name="Birthdate" oid="21112-8" suppDataElement="false" taxonomy="SNOMED-CT" uuid="e718f3e2-2a61-42d2-8f77-9e37a710112d" version="1.0"/><qdm datatype="Intervention, Performed" id="59f1730e-0898-4660-a67e-47d423133853" name="Comfort Measures" oid="1.3.6.1.4.1.33895.1.3.0.45" suppDataElement="false" taxonomy="SNOMEDCT" uuid="59f1730e-0898-4660-a67e-47d423133853" version="1.0"/><qdm datatype="Intervention, Order" id="5d155dc6-ca9c-471c-89b6-979128f685d9" name="Comfort Measures" oid="1.3.6.1.4.1.33895.1.3.0.45" suppDataElement="false" taxonomy="SNOMEDCT" uuid="5d155dc6-ca9c-471c-89b6-979128f685d9" version="1.0"/><qdm codeSystemName="Joint Commission" datatype="attribute" id="40280381-3d27-5493-013d-4dca4b996b03" name="Discharge To Acute Care Facility" oid="2.16.840.1.113883.3.117.1.7.1.87" suppDataElement="false" taxonomy="SNOMEDCT" uuid="40280381-3d27-5493-013d-4dca4b996b03" version="1"/><qdm codeSystemName="Joint Commission" datatype="attribute" id="40280381-3d27-5493-013d-4dca4b996afd" name="Discharged to Health Care Facility for Hospice Care" oid="2.16.840.1.113883.3.117.1.7.1.207" suppDataElement="false" taxonomy="SNOMEDCT" uuid="40280381-3d27-5493-013d-4dca4b996afd" version="1"/><qdm codeSystemName="Joint Commission" datatype="attribute" id="40280381-3d27-5493-013d-4dca4b996afc" name="Discharged to Home for Hospice Care" oid="2.16.840.1.113883.3.117.1.7.1.209" suppDataElement="false" taxonomy="SNOMEDCT" uuid="40280381-3d27-5493-013d-4dca4b996afc" version="1"/><qdm datatype="Encounter, Performed" id="1266d4a7-2ac1-4c7e-aedc-fa64bb3a8ca8" name="Emergency Department Visit" oid="2.16.840.1.113883.3.117.1.7.1.292" suppDataElement="false" taxonomy="SNOMEDCT" uuid="1266d4a7-2ac1-4c7e-aedc-fa64bb3a8ca8" version="1.0"/><qdm codeSystemName="CDC NCHS" datatype="Patient Characteristic Ethnicity" id="40280381-3d27-5493-013d-4dca4b986ae7" name="Ethnicity" oid="2.16.840.1.114222.4.11.837" suppDataElement="true" taxonomy="CDCREC" uuid="40280381-3d27-5493-013d-4dca4b986ae7" version="1"/><qdm datatype="Patient Characteristic Expired" id="aa64712b-7b2b-4f33-87a5-738aefa032f7" name="Expired" oid="419099009" suppDataElement="false" taxonomy="SNOMED-CT" uuid="aa64712b-7b2b-4f33-87a5-738aefa032f7" version="1.0"/><qdm datatype="attribute" id="9113daac-fab1-483b-a1b4-d6c2539b15ab" name="Hemorrhagic Stroke" oid="2.16.840.1.113883.3.117.1.7.1.212" suppDataElement="false" taxonomy="Grouping" uuid="9113daac-fab1-483b-a1b4-d6c2539b15ab" version="1.0"/><qdm datatype="attribute" id="2e339ef2-9b1b-4d62-9118-8dde06646684" name="Ischemic Stroke" oid="2.16.840.1.113883.3.117.1.7.1.247" suppDataElement="false" taxonomy="Grouping" uuid="2e339ef2-9b1b-4d62-9118-8dde06646684" version="1.0"/><qdm codeSystemName="Joint Commission" datatype="attribute" id="40280381-3d27-5493-013d-4dca4b996afa" name="Left Against Medical Advice" oid="2.16.840.1.113883.3.117.1.7.1.308" suppDataElement="false" taxonomy="SNOMEDCT" uuid="40280381-3d27-5493-013d-4dca4b996afa" version="1"/><qdm codeSystemName="National Quality Forum" datatype="Timing Element" id="40280381-3d27-5493-013d-4dca4b996aeb" name="Measurement Period" oid="2.16.840.1.113883.3.67.1.101.1.53" suppDataElement="false" taxonomy="NQF" uuid="40280381-3d27-5493-013d-4dca4b996aeb" version="1"/><qdm codeSystemName="Joint Commission" datatype="attribute" id="40280381-3d27-5493-013d-4dca4b996b05" name="Medical Reason" oid="2.16.840.1.113883.3.117.1.7.1.473" suppDataElement="false" taxonomy="SNOMEDCT" uuid="40280381-3d27-5493-013d-4dca4b996b05" version="1"/><qdm codeSystemName="Joint Commission" datatype="Encounter, Performed" id="40280381-3d61-56a7-013d-7f1466b6554b" name="Non-Elective Inpatient Encounter" oid="2.16.840.1.113883.3.117.1.7.1.424" suppDataElement="false" taxonomy="SNOMEDCT" uuid="40280381-3d61-56a7-013d-7f1466b6554b" version="1.0"/><qdm codeSystemName="National Library of Medicine" datatype="Patient Characteristic Sex" id="40280381-3d27-5493-013d-4dca4b986ae5" name="ONC Administrative Sex" oid="2.16.840.1.113762.1.4.1" suppDataElement="true" taxonomy="AdministrativeGender" uuid="40280381-3d27-5493-013d-4dca4b986ae5" version="1"/><qdm codeSystemName="Joint Commission" datatype="attribute" id="40280381-3d27-5493-013d-4dca4b996b01" name="Patient Expired" oid="2.16.840.1.113883.3.117.1.7.1.309" suppDataElement="false" taxonomy="SNOMEDCT" uuid="40280381-3d27-5493-013d-4dca4b996b01" version="1"/><qdm codeSystemName="Joint Commission" datatype="attribute" id="40280381-3d27-5493-013d-4dca4b996b04" name="Patient Refusal" oid="2.16.840.1.113883.3.117.1.7.1.93" suppDataElement="false" taxonomy="SNOMEDCT" uuid="40280381-3d27-5493-013d-4dca4b996b04" version="1"/><qdm codeSystemName="PHDSC" datatype="Patient Characteristic Payer" id="40280381-3d27-5493-013d-4dca4b986ae8" name="Payer" oid="2.16.840.1.114222.4.11.3591" suppDataElement="true" taxonomy="SOP" uuid="40280381-3d27-5493-013d-4dca4b986ae8" version="1"/><qdm codeSystemName="CDC NCHS" datatype="Patient Characteristic Race" id="40280381-3d27-5493-013d-4dca4b986ae6" name="Race" oid="2.16.840.1.114222.4.11.836" suppDataElement="true" taxonomy="CDCREC" uuid="40280381-3d27-5493-013d-4dca4b986ae6" version="1"/></elementLookUp></measure>