<?xml version="1.0" encoding="UTF-8" standalone="yes"?>
<!-- 
           ******************* 
           QDM Version Used: QDM 4.2 
           *******************  
        --><QualityMeasureDocument xmlns="urn:hl7-org:v3" xmlns:qdm="urn:hhs-qdm:hqmf-r2-extensions:v1"
                        xmlns:xsi="http://www.w3.org/2001/XMLSchema-instance"><!--
            **************************************************************
            Measure Details Section
            **************************************************************
        --><typeId extension="POQM_HD000001UV02" root="2.16.840.1.113883.1.3"/>
   <templateId>
      <item extension="2015-12-01" root="2.16.840.1.113883.10.20.28.1.1"/>
   </templateId>
   <id root="40280381-528a-60ff-0152-987e4eb10969"/>
   <code code="57024-2" codeSystem="2.16.840.1.113883.6.1">
      <displayName value="Health Quality Measure Document"/>
   </code>
   <title value="Discharged on Antithrombotic Therapy"/>
   <text
         value="Ischemic stroke patients prescribed antithrombotic therapy at hospital discharge"/>
   <statusCode code="COMPLETED"/>
   <setId root="42bf391f-38a3-4c0f-9ece-dcd47e9609d9"/>
   <versionNumber value="5.1.000"/>
   <author>
      <responsibleParty classCode="ASSIGNED">
         <representedResponsibleOrganization classCode="ORG" determinerCode="INSTANCE">
            <id>
               <item root="1.3.6.1.4.1.33895"/>
            </id>
            <name>
               <item>
                  <part value="The Joint Commission"/>
               </item>
            </name>
         </representedResponsibleOrganization>
      </responsibleParty>
   </author>
   <custodian>
      <responsibleParty classCode="ASSIGNED">
         <representedResponsibleOrganization classCode="ORG" determinerCode="INSTANCE">
            <id>
               <item root="1.3.6.1.4.1.33895"/>
            </id>
            <name>
               <item>
                  <part value="The Joint Commission"/>
               </item>
            </name>
         </representedResponsibleOrganization>
      </responsibleParty>
   </custodian>
   <verifier>
      <responsibleParty classCode="ASSIGNED">
         <representedResponsibleOrganization classCode="ORG" determinerCode="INSTANCE">
            <id>
               <item root="2.16.840.1.113883.3.560"/>
            </id>
            <name>
               <item>
                  <part value="National Quality Forum"/>
               </item>
            </name>
         </representedResponsibleOrganization>
      </responsibleParty>
   </verifier>
   <controlVariable>
      <measurePeriod>
         <id extension="measureperiod" root="40280381-3d27-5493-013d-4dca4b996aeb"/>
         <code code="MSRTP" codeSystem="2.16.840.1.113883.5.4">
            <originalText value="Measurement Period"/>
         </code>
         <value xsi:type="PIVL_TS">
            <phase highClosed="true" lowClosed="true">
               <low value="20160101"/>
               <width unit="a" value="1" xsi:type="PQ"/>
            </phase>
            <period unit="a" value="1"/>
         </value>
      </measurePeriod>
   </controlVariable>
   <subjectOf>
      <measureAttribute>
         <code nullFlavor="OTH">
            <originalText value="eMeasure Identifier (Measure Authoring Tool)"/>
         </code>
         <value mediaType="text/plain" value="104" xsi:type="ED"/>
      </measureAttribute>
   </subjectOf>
   <subjectOf>
      <measureAttribute>
         <code nullFlavor="OTH">
            <originalText value="NQF Number"/>
         </code>
         <value mediaType="text/plain" value="0435" xsi:type="ED"/>
      </measureAttribute>
   </subjectOf>
   <subjectOf>
      <measureAttribute>
         <code code="COPY" codeSystem="2.16.840.1.113883.5.4">
            <displayName value="Copyright"/>
         </code>
         <value mediaType="text/plain"
                value="Measure specifications are in the Public Domain&#xA;&#xA;LOINC(R) is a registered trademark of the Regenstrief Institute.&#xA;&#xA;This material contains SNOMED Clinical Terms (R) (SNOMED CT(C)) copyright 2004-2015 International Health Terminology Standards Development Organization. All rights reserved."
                xsi:type="ED"/>
      </measureAttribute>
   </subjectOf>
   <subjectOf>
      <measureAttribute>
         <code code="DISC" codeSystem="2.16.840.1.113883.5.4">
            <displayName value="Disclaimer"/>
         </code>
         <value mediaType="text/plain"
                value="These performance measures are not clinical guidelines and do not establish a standard of medical care, and have not been tested for all potential applications. The measures and specifications are provided without warranty."
                xsi:type="ED"/>
      </measureAttribute>
   </subjectOf>
   <subjectOf>
      <measureAttribute>
         <code code="MSRSCORE" codeSystem="2.16.840.1.113883.5.4">
            <displayName value="Measure Scoring"/>
         </code>
         <value code="PROPOR" codeSystem="2.16.840.1.113883.1.11.20367" xsi:type="CD">
            <displayName value="Proportion"/>
         </value>
      </measureAttribute>
   </subjectOf>
   <subjectOf>
      <measureAttribute>
         <code code="MSRTYPE" codeSystem="2.16.840.1.113883.5.4">
            <displayName value="Measure Type"/>
         </code>
         <value code="PROCESS" codeSystem="2.16.840.1.113883.1.11.20368" xsi:type="CD">
            <displayName value="PROCESS"/>
         </value>
      </measureAttribute>
   </subjectOf>
   <subjectOf>
      <measureAttribute>
         <code code="ITMCNT" codeSystem="2.16.840.1.113883.5.4">
            <displayName value="Items to count"/>
         </code>
         <value extension="Non-ElectiveInpatientEncounter_EncounterPerformed"
                root="40280381-3d61-56a7-013d-7f1466b6554b"
                xsi:type="II"/>
      </measureAttribute>
   </subjectOf>
   <subjectOf>
      <measureAttribute>
         <code code="STRAT" codeSystem="2.16.840.1.113883.5.4">
            <displayName value="Stratification"/>
         </code>
         <value mediaType="text/plain" value="None" xsi:type="ED"/>
      </measureAttribute>
   </subjectOf>
   <subjectOf>
      <measureAttribute>
         <code code="MSRADJ" codeSystem="2.16.840.1.113883.5.4">
            <displayName value="Risk Adjustment"/>
         </code>
         <value mediaType="text/plain" value="None" xsi:type="ED"/>
      </measureAttribute>
   </subjectOf>
   <subjectOf>
      <measureAttribute>
         <code code="MSRAGG" codeSystem="2.16.840.1.113883.5.4">
            <displayName value="Rate Aggregation"/>
         </code>
         <value mediaType="text/plain" value="None" xsi:type="ED"/>
      </measureAttribute>
   </subjectOf>
   <subjectOf>
      <measureAttribute>
         <code code="RAT" codeSystem="2.16.840.1.113883.5.4">
            <displayName value="Rationale"/>
         </code>
         <value mediaType="text/plain"
                value="The effectiveness of antithrombotic agents in reducing stroke mortality, stroke-related morbidity and recurrence rates has been studied in several large clinical trials. While the use of these agents for patients with acute ischemic stroke and transient ischemic attacks continues to be the subject of study, substantial evidence is available from completed studies. Data at this time suggest that antithrombotic therapy should be prescribed at discharge following acute ischemic stroke to reduce stroke mortality and morbidity as long as no contraindications exist.&#xA;&#xA;For patients with a stroke due to a cardioembolic source (eg atrial fibrillation, mechanical heart valve), warfarin is recommended unless contraindicated. In recent years, novel oral anticoagulant agents (NOACs) have been developed and approved by the U.S. Food and Drug Administration (FDA) for stroke prevention, and may be considered as an alternative to warfarin for select patients. Anticoagulation therapy is not generally recommended for secondary stroke prevention in patients presumed to have a non-cardioembolic stroke.&#xA;Anticoagulants at doses to prevent venous thromboembolism are insufficient antithrombotic therapy to prevent recurrent ischemic stroke or TIA."
                xsi:type="ED"/>
      </measureAttribute>
   </subjectOf>
   <subjectOf>
      <measureAttribute>
         <code code="CRS" codeSystem="2.16.840.1.113883.5.4">
            <displayName value="Clinical Recommendation Statement"/>
         </code>
         <value mediaType="text/plain"
                value="Clinical trial results suggest that antithrombotic therapy should be prescribed at discharge following acute ischemic stroke to reduce stroke mortality and morbidity as long as no contraindications exist"
                xsi:type="ED"/>
      </measureAttribute>
   </subjectOf>
   <subjectOf>
      <measureAttribute>
         <code code="IDUR" codeSystem="2.16.840.1.113883.5.4">
            <displayName value="Improvement Notation"/>
         </code>
         <value mediaType="text/plain" value="Improvement noted as an increase in rate"
                xsi:type="ED"/>
      </measureAttribute>
   </subjectOf>
   <subjectOf>
      <measureAttribute>
         <code code="REF" codeSystem="2.16.840.1.113883.5.4">
            <displayName value="Reference"/>
         </code>
         <value mediaType="text/plain"
                value="Adams HP, del Zoppo G, Alberts MJ, Bhatt DL, Brass L, Furlan A, Grubb RL, Higashida RT, Jauch EC, Kidwell C, Lyden PD, Morgenstern LB, Qureshi AI, Rosenwasser RH, Scott PA, Wijdicks E. Guidelines for the Early Management of Adults with Ischemic Stroke: A Guideline From the American Heart Association/American Stroke Association Stroke Council, Clinical CardiologyCouncil, Cardiovascular Radiology and Intervention Council, and the Atherosclerotic Peripheral Vascular Disease and Quality of Care Outcomes in Research Interdisciplinary Working Groups. Stroke. 2007;38:1655-1711."
                xsi:type="ED"/>
      </measureAttribute>
   </subjectOf>
   <subjectOf>
      <measureAttribute>
         <code code="REF" codeSystem="2.16.840.1.113883.5.4">
            <displayName value="Reference"/>
         </code>
         <value mediaType="text/plain"
                value="Adams H, Adams R, Del Zoppo G, Goldstein LB. Guidelines for the Early Management of Patients With Ischemic Stroke: Guidelines Update A Scientific Statement From the Stroke Council of the American Heart Association/American Stroke Association. Stroke Vol. 36, 2005: 916:923."
                xsi:type="ED"/>
      </measureAttribute>
   </subjectOf>
   <subjectOf>
      <measureAttribute>
         <code code="REF" codeSystem="2.16.840.1.113883.5.4">
            <displayName value="Reference"/>
         </code>
         <value mediaType="text/plain"
                value="Albers GW, Amarenco P, Easton JD, Sacco RL, Teal P. Antithrombotic and Thrombolytic Therapy for Ischemic Stroke. Chest Vol. 119, 2001: 300-320."
                xsi:type="ED"/>
      </measureAttribute>
   </subjectOf>
   <subjectOf>
      <measureAttribute>
         <code code="REF" codeSystem="2.16.840.1.113883.5.4">
            <displayName value="Reference"/>
         </code>
         <value mediaType="text/plain"
                value="Brott TG, Clark WM, Grotta JC, et al. Stroke the first hours. Guidelines for acute treatment. Consensus Statement. National Stroke Association. 2000."
                xsi:type="ED"/>
      </measureAttribute>
   </subjectOf>
   <subjectOf>
      <measureAttribute>
         <code code="REF" codeSystem="2.16.840.1.113883.5.4">
            <displayName value="Reference"/>
         </code>
         <value mediaType="text/plain"
                value="Chen ZM, Sandercock P, Pan HC, et al. Indications for early aspirin use in acute ischemic stroke: a combined analysis of 40,000 randomized patients from the Chinese acute stroke trial and the international stroke trial. On behalf of the CAST and IST collaborative groups, Stroke 2000;31:1240-1249."
                xsi:type="ED"/>
      </measureAttribute>
   </subjectOf>
   <subjectOf>
      <measureAttribute>
         <code code="REF" codeSystem="2.16.840.1.113883.5.4">
            <displayName value="Reference"/>
         </code>
         <value mediaType="text/plain"
                value="Coull BM, Williams LS, Goldstein LB, et al. Anticoagulants and Antiplatelet Agents in Acute Ischemic Stroke. Report of the Joint Stroke Guideline Development Committee of the American Academy of Neurology and the American Stroke Association (a Division of the American Heart Association) Stroke. 2002;33:1934 - 1942."
                xsi:type="ED"/>
      </measureAttribute>
   </subjectOf>
   <subjectOf>
      <measureAttribute>
         <code code="REF" codeSystem="2.16.840.1.113883.5.4">
            <displayName value="Reference"/>
         </code>
         <value mediaType="text/plain"
                value="Guideline on the Use of Aspirin as Secondary Prophylaxis for Vascular Disease in Primary Care, Centre for Health Services Research University of Newcastle upon Tyne, &amp; Centre for Health Economics of York, 1998."
                xsi:type="ED"/>
      </measureAttribute>
   </subjectOf>
   <subjectOf>
      <measureAttribute>
         <code code="REF" codeSystem="2.16.840.1.113883.5.4">
            <displayName value="Reference"/>
         </code>
         <value mediaType="text/plain"
                value="Kernan, W.N., B. Ovbiagele, H. R. Black, D. M. Bravata, M. I. Chimowitz, M. D. Ezekowitz, M. C. Fang, M. Fisher, K. L. Furie, D. V. Heck, S. C. Johnston, S. E. Kasner, S. J. Kittner, P. H. Mitchell, M. W. Rich, D. Richardson, L. H. Schwamm, J. A. Wilson. &#34;Guidelines for the Prevention of Stroke in Patients with Stroke and Transient Ischemic Attack: A Guideline for Healthcare Professionals from the American Heart Association/American Stroke Association.&#34; [in eng.]  Stroke 45, no. 7 (May 2014): 2160-223."
                xsi:type="ED"/>
      </measureAttribute>
   </subjectOf>
   <subjectOf>
      <measureAttribute>
         <code code="DEF" codeSystem="2.16.840.1.113883.5.4">
            <displayName value="Definition"/>
         </code>
         <value mediaType="text/plain" value="None" xsi:type="ED"/>
      </measureAttribute>
   </subjectOf>
   <subjectOf>
      <measureAttribute>
         <code code="GUIDE" codeSystem="2.16.840.1.113883.5.4">
            <displayName value="Guidance"/>
         </code>
         <value mediaType="text/plain"
                value="The &#34;Non-elective Inpatient Encounter&#34; value set intends to capture all non-scheduled hospitalizations. This value set is a subset of the &#34;Inpatient encounter&#34; value set, excluding concepts that specifically refer to elective hospital admissions. Non-elective admissions include emergency, urgent and unplanned admissions."
                xsi:type="ED"/>
      </measureAttribute>
   </subjectOf>
   <subjectOf>
      <measureAttribute>
         <code code="TRANF" codeSystem="2.16.840.1.113883.5.4">
            <displayName value="Transmission Format"/>
         </code>
         <value mediaType="text/plain" value="TBD" xsi:type="ED"/>
      </measureAttribute>
   </subjectOf>
   <subjectOf>
      <measureAttribute>
         <code code="IPOP" codeSystem="2.16.840.1.113883.5.4">
            <displayName value="Initial Population"/>
         </code>
         <value mediaType="text/plain"
                value="Patients age 18 and older discharged from inpatient care (non-elective admissions) with a principal diagnosis of ischemic or hemorrhagic stroke and a length of stay less than or equal to 120 days."
                xsi:type="ED"/>
      </measureAttribute>
   </subjectOf>
   <subjectOf>
      <measureAttribute>
         <code code="DENOM" codeSystem="2.16.840.1.113883.5.4">
            <displayName value="Denominator"/>
         </code>
         <value mediaType="text/plain"
                value="Patients with a principal diagnosis of Ischemic stroke"
                xsi:type="ED"/>
      </measureAttribute>
   </subjectOf>
   <subjectOf>
      <measureAttribute>
         <code code="DENEX" codeSystem="2.16.840.1.113883.5.4">
            <displayName value="Denominator Exclusions"/>
         </code>
         <value mediaType="text/plain"
                value="*Patients with comfort measures documented&#xA;*Patients admitted for elective carotid intervention. This exclusion is implicitly modeled by only including non-elective hospitalizations.&#xA;*Patients discharged to another hospital&#xA;*Patients who left against medical advice&#xA;*Patients who expired&#xA;*Patients discharged to home for hospice care&#xA;*Patients discharged to a health care facility for hospice care"
                xsi:type="ED"/>
      </measureAttribute>
   </subjectOf>
   <subjectOf>
      <measureAttribute>
         <code code="NUMER" codeSystem="2.16.840.1.113883.5.4">
            <displayName value="Numerator"/>
         </code>
         <value mediaType="text/plain"
                value="Patients prescribed antithrombotic therapy at hospital discharge"
                xsi:type="ED"/>
      </measureAttribute>
   </subjectOf>
   <subjectOf>
      <measureAttribute>
         <code code="NUMEX" codeSystem="2.16.840.1.113883.5.4">
            <displayName value="Numerator Exclusions"/>
         </code>
         <value mediaType="text/plain" value="Not Applicable" xsi:type="ED"/>
      </measureAttribute>
   </subjectOf>
   <subjectOf>
      <measureAttribute>
         <code code="DENEXCEP" codeSystem="2.16.840.1.113883.5.4">
            <displayName value="Denominator Exceptions"/>
         </code>
         <value mediaType="text/plain"
                value="Patients with a documented reason for not prescribing antithrombotic therapy at discharge"
                xsi:type="ED"/>
      </measureAttribute>
   </subjectOf>
   <subjectOf>
      <measureAttribute>
         <code code="SDE" codeSystem="2.16.840.1.113883.5.4">
            <displayName value="Supplemental Data Elements"/>
         </code>
         <value mediaType="text/plain"
                value="For every patient evaluated by this measure also identify payer, race, ethnicity, and sex"
                xsi:type="ED"/>
      </measureAttribute>
   </subjectOf>
   <componentOf>
      <qualityMeasureSet classCode="ACT">
         <id root="64e5d867-e0e8-4c56-a5fd-b963a9ca4bec"/>
         <title value="eMeasure Stroke (eSTK)"/>
      </qualityMeasureSet>
   </componentOf>
   <!--Data Criteria Section--><component>
      <dataCriteriaSection>
         <templateId>
            <item extension="2015-09-30" root="2.16.840.1.113883.10.20.28.2.2"/>
         </templateId>
         <code code="57025-9" codeSystem="2.16.840.1.113883.6.1"/>
         <title value="Data Criteria Section"/>
         <text>
            <xml>
               <item>
                  <list>
                     <item>
                        <content styleCode="Bold">Data Criteria (QDM Variables)</content>
                        <list>
                           <item>
                              <content styleCode="Bold">$EncounterInpatientNonElective =</content>
                              <list>
                                 <item>"Encounter, Performed: Non-Elective Inpatient Encounter" satisfies all:<list>
                                       <item>(length of stay &lt;= 120 day(s))</item>
                                       <item>ends during "Measurement Period"</item>
                                    </list>
                                 </item>
                              </list>
                           </item>
                           <item>
                              <content styleCode="Bold">$InterventionComfortMeasures =</content>
                              <list>
                                 <item>Union of:<list>
                                       <item>"Intervention, Order: Comfort Measures"</item>
                                       <item>"Intervention, Performed: Comfort Measures"</item>
                                    </list>
                                 </item>
                              </list>
                           </item>
                        </list>
                     </item>
                     <item>
                        <content styleCode="Bold">Data Criteria (QDM Data Elements)</content>
                        <list>
                           <item>"Encounter, Performed: Emergency Department Visit" using "Emergency Department Visit SNOMEDCT Value Set (2.16.840.1.113883.3.117.1.7.1.292)"</item>
                           <item>"Encounter, Performed: Non-Elective Inpatient Encounter" using "Non-Elective Inpatient Encounter SNOMEDCT Value Set (2.16.840.1.113883.3.117.1.7.1.424)"</item>
                           <item>"Intervention, Order: Comfort Measures" using "Comfort Measures SNOMEDCT Value Set (1.3.6.1.4.1.33895.1.3.0.45)"</item>
                           <item>"Intervention, Performed: Comfort Measures" using "Comfort Measures SNOMEDCT Value Set (1.3.6.1.4.1.33895.1.3.0.45)"</item>
                           <item>"Medication, Discharge: Antithrombotic ingredient specific" using "Antithrombotic ingredient specific RXNORM Value Set (2.16.840.1.113762.1.4.1021.8)"</item>
                           <item>"Medication, Discharge: Antithrombotic Therapy" using "Antithrombotic Therapy RXNORM Value Set (2.16.840.1.113883.3.117.1.7.1.201)"</item>
                           <item>"Medication, Discharge not done: Medical Reason" using "Medical Reason SNOMEDCT Value Set (2.16.840.1.113883.3.117.1.7.1.473)"</item>
                           <item>"Medication, Discharge not done: Patient Refusal" using "Patient Refusal SNOMEDCT Value Set (2.16.840.1.113883.3.117.1.7.1.93)"</item>
                           <item>Attribute: "Discharge status: Patient Expired" using "Patient Expired SNOMEDCT Value Set (2.16.840.1.113883.3.117.1.7.1.309)"</item>
                           <item>Attribute: "Discharge status: Left Against Medical Advice" using "Left Against Medical Advice SNOMEDCT Value Set (2.16.840.1.113883.3.117.1.7.1.308)"</item>
                           <item>Attribute: "Discharge status: Discharged to Health Care Facility for Hospice Care" using "Discharged to Health Care Facility for Hospice Care SNOMEDCT Value Set (2.16.840.1.113883.3.117.1.7.1.207)"</item>
                           <item>Attribute: "Principal diagnosis: Ischemic Stroke" using "Ischemic Stroke Grouping Value Set (2.16.840.1.113883.3.117.1.7.1.247)"</item>
                           <item>Attribute: "Discharge status: Discharge To Acute Care Facility" using "Discharge To Acute Care Facility SNOMEDCT Value Set (2.16.840.1.113883.3.117.1.7.1.87)"</item>
                           <item>Attribute: "Discharge status: Discharged to Home for Hospice Care" using "Discharged to Home for Hospice Care SNOMEDCT Value Set (2.16.840.1.113883.3.117.1.7.1.209)"</item>
                           <item>Attribute: "Principal diagnosis: Hemorrhagic Stroke" using "Hemorrhagic Stroke Grouping Value Set (2.16.840.1.113883.3.117.1.7.1.212)"</item>
                        </list>
                     </item>
                     <item>
                        <content styleCode="Bold">Supplemental Data Elements</content>
                        <list>
                           <item>"Patient Characteristic Ethnicity: Ethnicity" using "Ethnicity CDCREC Value Set (2.16.840.1.114222.4.11.837)"</item>
                           <item>"Patient Characteristic Payer: Payer" using "Payer SOP Value Set (2.16.840.1.114222.4.11.3591)"</item>
                           <item>"Patient Characteristic Race: Race" using "Race CDCREC Value Set (2.16.840.1.114222.4.11.836)"</item>
                           <item>"Patient Characteristic Sex: ONC Administrative Sex" using "ONC Administrative Sex AdministrativeGender Value Set (2.16.840.1.113762.1.4.1)"</item>
                        </list>
                     </item>
                     <item>
                        <content styleCode="Bold">Risk Adjustment Variables</content>
                        <list>
                           <item>None</item>
                        </list>
                     </item>
                  </list>
               </item>
            </xml>
         </text>
         <entry typeCode="DRIV">
            <localVariableName value="ComfortMeasures_InterventionPerformed_5RLbA"/>
            <actCriteria classCode="ACT" moodCode="EVN">
               <templateId>
                  <item extension="2015-09-30" root="2.16.840.1.113883.10.20.28.3.36"/>
               </templateId>
               <id extension="ComfortMeasures_InterventionPerformed"
                   root="59f1730e-0898-4660-a67e-47d423133853"/>
               <code valueSet="1.3.6.1.4.1.33895.1.3.0.45">
                  <displayName value="Comfort Measures SNOMEDCT Value Set"/>
               </code>
               <title value="Intervention, Performed"/>
               <statusCode code="COMPLETED"/>
            </actCriteria>
         </entry>
         <entry typeCode="DRIV">
            <localVariableName value="ComfortMeasures_InterventionOrder_nVlxE"/>
            <actCriteria classCode="ACT" moodCode="RQO">
               <templateId>
                  <item extension="2015-09-30" root="2.16.840.1.113883.10.20.28.3.35"/>
               </templateId>
               <id extension="ComfortMeasures_InterventionOrder"
                   root="5d155dc6-ca9c-471c-89b6-979128f685d9"/>
               <code valueSet="1.3.6.1.4.1.33895.1.3.0.45">
                  <displayName value="Comfort Measures SNOMEDCT Value Set"/>
               </code>
               <title value="Intervention, Order"/>
               <statusCode code="ACTIVE"/>
            </actCriteria>
         </entry>
         <entry typeCode="DRIV">
            <localVariableName value="Non-ElectiveInpatientEncounter_EncounterPerformed_ebrQx"/>
            <encounterCriteria classCode="ENC" moodCode="EVN">
               <templateId>
                  <item extension="2015-09-30" root="2.16.840.1.113883.10.20.28.3.5"/>
               </templateId>
               <id extension="Non-ElectiveInpatientEncounter_EncounterPerformed"
                   root="40280381-3d61-56a7-013d-7f1466b6554b"/>
               <code valueSet="2.16.840.1.113883.3.117.1.7.1.424">
                  <displayName value="Non-Elective Inpatient Encounter SNOMEDCT Value Set"/>
               </code>
               <title value="Encounter, Performed"/>
               <statusCode code="COMPLETED"/>
            </encounterCriteria>
         </entry>
         <entry typeCode="DRIV">
            <localVariableName value="Non-ElectiveInpatientEncounter_EncounterPerformed_dischargestatus_ValueSet_CZQD4"/>
            <encounterCriteria classCode="ENC" moodCode="EVN">
               <templateId>
                  <item extension="2015-09-30" root="2.16.840.1.113883.10.20.28.3.5"/>
               </templateId>
               <id extension="aee655ac-d760-4709-8bf3-c0241ded3236"
                   root="40280381-3d61-56a7-013d-7f1466b6554b"/>
               <code valueSet="2.16.840.1.113883.3.117.1.7.1.424">
                  <displayName value="Non-Elective Inpatient Encounter SNOMEDCT Value Set"/>
               </code>
               <title value="Encounter, Performed"/>
               <statusCode code="COMPLETED"/>
               <dischargeDispositionCode valueSet="2.16.840.1.113883.3.117.1.7.1.87">
                  <displayName value="Discharge To Acute Care Facility SNOMEDCT Value Set"/>
               </dischargeDispositionCode>
            </encounterCriteria>
         </entry>
         <entry typeCode="DRIV">
            <localVariableName value="Non-ElectiveInpatientEncounter_EncounterPerformed_dischargestatus_ValueSet_WAy4h"/>
            <encounterCriteria classCode="ENC" moodCode="EVN">
               <templateId>
                  <item extension="2015-09-30" root="2.16.840.1.113883.10.20.28.3.5"/>
               </templateId>
               <id extension="6a0de02e-3847-446b-887f-b564619d3eeb"
                   root="40280381-3d61-56a7-013d-7f1466b6554b"/>
               <code valueSet="2.16.840.1.113883.3.117.1.7.1.424">
                  <displayName value="Non-Elective Inpatient Encounter SNOMEDCT Value Set"/>
               </code>
               <title value="Encounter, Performed"/>
               <statusCode code="COMPLETED"/>
               <dischargeDispositionCode valueSet="2.16.840.1.113883.3.117.1.7.1.207">
                  <displayName value="Discharged to Health Care Facility for Hospice Care SNOMEDCT Value Set"/>
               </dischargeDispositionCode>
            </encounterCriteria>
         </entry>
         <entry typeCode="DRIV">
            <localVariableName value="Non-ElectiveInpatientEncounter_EncounterPerformed_dischargestatus_ValueSet_WUhwg"/>
            <encounterCriteria classCode="ENC" moodCode="EVN">
               <templateId>
                  <item extension="2015-09-30" root="2.16.840.1.113883.10.20.28.3.5"/>
               </templateId>
               <id extension="5fcaeb66-7e56-4191-bb54-afe4b1e57269"
                   root="40280381-3d61-56a7-013d-7f1466b6554b"/>
               <code valueSet="2.16.840.1.113883.3.117.1.7.1.424">
                  <displayName value="Non-Elective Inpatient Encounter SNOMEDCT Value Set"/>
               </code>
               <title value="Encounter, Performed"/>
               <statusCode code="COMPLETED"/>
               <dischargeDispositionCode valueSet="2.16.840.1.113883.3.117.1.7.1.209">
                  <displayName value="Discharged to Home for Hospice Care SNOMEDCT Value Set"/>
               </dischargeDispositionCode>
            </encounterCriteria>
         </entry>
         <entry typeCode="DRIV">
            <localVariableName value="Non-ElectiveInpatientEncounter_EncounterPerformed_principaldiagnosis_ValueSet_buZIl"/>
            <encounterCriteria classCode="ENC" moodCode="EVN">
               <templateId>
                  <item extension="2015-09-30" root="2.16.840.1.113883.10.20.28.3.5"/>
               </templateId>
               <id extension="c9e8f682-9866-40ba-8283-37cf00e22f9b"
                   root="40280381-3d61-56a7-013d-7f1466b6554b"/>
               <code valueSet="2.16.840.1.113883.3.117.1.7.1.424">
                  <displayName value="Non-Elective Inpatient Encounter SNOMEDCT Value Set"/>
               </code>
               <title value="Encounter, Performed"/>
               <statusCode code="COMPLETED"/>
               <outboundRelationship typeCode="REFR">
                  <actCriteria classCode="ACT" moodCode="EVN">
                     <id extension="DE729FE9-BF50-412C-918A-85EB1EC47F08"
                         root="CBBA8B7A-8524-400C-AB03-8F90661DA6CA"/>
                     <code code="52534-5" codeSystem="2.16.840.1.113883.6.1" codeSystemName="LOINC">
                        <displayName value="Principal Diagnosis"/>
                     </code>
                     <title value="Encounter principal diagnosis"/>
                     <outboundRelationship typeCode="SUBJ">
                        <observationCriteria classCode="OBS" moodCode="EVN">
                           <templateId>
                              <item root="2.16.840.1.113883.10.20.28.3.110"/>
                           </templateId>
                           <id extension="1C45C6B7-2975-4CBF-AE3C-5F703EFCF1AA"
                               root="40280381-3d61-56a7-013d-7f1466b6554b"/>
                           <code code="282291009" codeSystem="2.16.840.1.113883.6.96" codeSystemName="SNOMED CT">
                              <displayName value="Diagnosis"/>
                           </code>
                           <title value="Diagnosis"/>
                           <statusCode code="COMPLETED"/>
                           <value valueSet="2.16.840.1.113883.3.117.1.7.1.212" xsi:type="CD">
                              <displayName value="Hemorrhagic Stroke Grouping Value Set"/>
                           </value>
                        </observationCriteria>
                     </outboundRelationship>
                  </actCriteria>
               </outboundRelationship>
            </encounterCriteria>
         </entry>
         <entry typeCode="DRIV">
            <localVariableName value="Non-ElectiveInpatientEncounter_EncounterPerformed_principaldiagnosis_ValueSet_Vh6qu"/>
            <encounterCriteria classCode="ENC" moodCode="EVN">
               <templateId>
                  <item extension="2015-09-30" root="2.16.840.1.113883.10.20.28.3.5"/>
               </templateId>
               <id extension="423a534d-6120-4d39-a2b0-a691aaa6288c"
                   root="40280381-3d61-56a7-013d-7f1466b6554b"/>
               <code valueSet="2.16.840.1.113883.3.117.1.7.1.424">
                  <displayName value="Non-Elective Inpatient Encounter SNOMEDCT Value Set"/>
               </code>
               <title value="Encounter, Performed"/>
               <statusCode code="COMPLETED"/>
               <outboundRelationship typeCode="REFR">
                  <actCriteria classCode="ACT" moodCode="EVN">
                     <id extension="C2477EA9-B596-4760-84CF-187EF9933E42"
                         root="E1D56ED0-C4D2-4037-9BDB-FAB3291F5BEB"/>
                     <code code="52534-5" codeSystem="2.16.840.1.113883.6.1" codeSystemName="LOINC">
                        <displayName value="Principal Diagnosis"/>
                     </code>
                     <title value="Encounter principal diagnosis"/>
                     <outboundRelationship typeCode="SUBJ">
                        <observationCriteria classCode="OBS" moodCode="EVN">
                           <templateId>
                              <item root="2.16.840.1.113883.10.20.28.3.110"/>
                           </templateId>
                           <id extension="111E738C-8E99-4D75-A97A-9531CFD4D689"
                               root="40280381-3d61-56a7-013d-7f1466b6554b"/>
                           <code code="282291009" codeSystem="2.16.840.1.113883.6.96" codeSystemName="SNOMED CT">
                              <displayName value="Diagnosis"/>
                           </code>
                           <title value="Diagnosis"/>
                           <statusCode code="COMPLETED"/>
                           <value valueSet="2.16.840.1.113883.3.117.1.7.1.247" xsi:type="CD">
                              <displayName value="Ischemic Stroke Grouping Value Set"/>
                           </value>
                        </observationCriteria>
                     </outboundRelationship>
                  </actCriteria>
               </outboundRelationship>
            </encounterCriteria>
         </entry>
         <entry typeCode="DRIV">
            <localVariableName value="Non-ElectiveInpatientEncounter_EncounterPerformed_dischargestatus_ValueSet_bIFxJ"/>
            <encounterCriteria classCode="ENC" moodCode="EVN">
               <templateId>
                  <item extension="2015-09-30" root="2.16.840.1.113883.10.20.28.3.5"/>
               </templateId>
               <id extension="7fab8d4b-82e8-437f-88c7-b2abfb2dac07"
                   root="40280381-3d61-56a7-013d-7f1466b6554b"/>
               <code valueSet="2.16.840.1.113883.3.117.1.7.1.424">
                  <displayName value="Non-Elective Inpatient Encounter SNOMEDCT Value Set"/>
               </code>
               <title value="Encounter, Performed"/>
               <statusCode code="COMPLETED"/>
               <dischargeDispositionCode valueSet="2.16.840.1.113883.3.117.1.7.1.308">
                  <displayName value="Left Against Medical Advice SNOMEDCT Value Set"/>
               </dischargeDispositionCode>
            </encounterCriteria>
         </entry>
         <entry typeCode="DRIV">
            <localVariableName value="Antithromboticingredientspecific_MedicationDischarge_negationrationale_ValueSet_mGOOb"/>
            <substanceAdministrationCriteria actionNegationInd="true" classCode="SBADM" moodCode="RQO">
               <templateId>
                  <item extension="2015-09-30" root="2.16.840.1.113883.10.20.28.3.48"/>
               </templateId>
               <id extension="38e31a77-3c8f-43f4-9278-73223b0d4698"
                   root="000931f8-5fe8-4d03-a306-9a02bdc462da"/>
               <code code="10183-2" codeSystem="2.16.840.1.113883.6.1"/>
               <title value="Medication, Discharge"/>
               <statusCode code="ACTIVE"/>
               <participation typeCode="CSM">
                  <role classCode="MANU">
                     <playingManufacturedMaterial classCode="MMAT" determinerCode="KIND">
                        <code valueSet="2.16.840.1.113762.1.4.1021.8">
                           <displayName value="Antithrombotic ingredient specific RXNORM value set"/>
                        </code>
                     </playingManufacturedMaterial>
                  </role>
               </participation>
               <outboundRelationship typeCode="RSON">
                  <observationCriteria classCode="OBS" moodCode="EVN">
                     <templateId>
                        <item extension="2014-11-24" root="2.16.840.1.113883.10.20.28.3.88"/>
                     </templateId>
                     <id extension="MedicalReason" root="38e31a77-3c8f-43f4-9278-73223b0d4698"/>
                     <code code="410666004" codeSystem="2.16.840.1.113883.6.96">
                        <displayName value="Reason"/>
                     </code>
                     <title value="Reason"/>
                     <value valueSet="2.16.840.1.113883.3.117.1.7.1.473" xsi:type="CD">
                        <displayName value="Medical Reason SNOMEDCT Value Set"/>
                     </value>
                  </observationCriteria>
               </outboundRelationship>
            </substanceAdministrationCriteria>
         </entry>
         <entry typeCode="DRIV">
            <localVariableName value="Non-ElectiveInpatientEncounter_EncounterPerformed_dischargestatus_ValueSet_BnBmc"/>
            <encounterCriteria classCode="ENC" moodCode="EVN">
               <templateId>
                  <item extension="2015-09-30" root="2.16.840.1.113883.10.20.28.3.5"/>
               </templateId>
               <id extension="848b49ef-1aad-4342-8cba-ec5a1325d957"
                   root="40280381-3d61-56a7-013d-7f1466b6554b"/>
               <code valueSet="2.16.840.1.113883.3.117.1.7.1.424">
                  <displayName value="Non-Elective Inpatient Encounter SNOMEDCT Value Set"/>
               </code>
               <title value="Encounter, Performed"/>
               <statusCode code="COMPLETED"/>
               <dischargeDispositionCode valueSet="2.16.840.1.113883.3.117.1.7.1.309">
                  <displayName value="Patient Expired SNOMEDCT Value Set"/>
               </dischargeDispositionCode>
            </encounterCriteria>
         </entry>
         <entry typeCode="DRIV">
            <localVariableName value="Antithromboticingredientspecific_MedicationDischarge_negationrationale_ValueSet_jxn8M"/>
            <substanceAdministrationCriteria actionNegationInd="true" classCode="SBADM" moodCode="RQO">
               <templateId>
                  <item extension="2015-09-30" root="2.16.840.1.113883.10.20.28.3.48"/>
               </templateId>
               <id extension="13b990b9-2796-4d9c-a5fa-1c39a2776240"
                   root="000931f8-5fe8-4d03-a306-9a02bdc462da"/>
               <code code="10183-2" codeSystem="2.16.840.1.113883.6.1"/>
               <title value="Medication, Discharge"/>
               <statusCode code="ACTIVE"/>
               <participation typeCode="CSM">
                  <role classCode="MANU">
                     <playingManufacturedMaterial classCode="MMAT" determinerCode="KIND">
                        <code valueSet="2.16.840.1.113762.1.4.1021.8">
                           <displayName value="Antithrombotic ingredient specific RXNORM value set"/>
                        </code>
                     </playingManufacturedMaterial>
                  </role>
               </participation>
               <outboundRelationship typeCode="RSON">
                  <observationCriteria classCode="OBS" moodCode="EVN">
                     <templateId>
                        <item extension="2014-11-24" root="2.16.840.1.113883.10.20.28.3.88"/>
                     </templateId>
                     <id extension="PatientRefusal" root="13b990b9-2796-4d9c-a5fa-1c39a2776240"/>
                     <code code="410666004" codeSystem="2.16.840.1.113883.6.96">
                        <displayName value="Reason"/>
                     </code>
                     <title value="Reason"/>
                     <value valueSet="2.16.840.1.113883.3.117.1.7.1.93" xsi:type="CD">
                        <displayName value="Patient Refusal SNOMEDCT Value Set"/>
                     </value>
                  </observationCriteria>
               </outboundRelationship>
            </substanceAdministrationCriteria>
         </entry>
         <entry typeCode="DRIV">
            <localVariableName value="Non-ElectiveInpatientEncounter_EncounterPerformed_lengthofstay_LessThanOrEqualTo_zmKMS"/>
            <encounterCriteria classCode="ENC" moodCode="EVN">
               <templateId>
                  <item extension="2015-09-30" root="2.16.840.1.113883.10.20.28.3.5"/>
               </templateId>
               <id extension="464c2c3b-d2a3-4cdf-898f-c562a20a21ca"
                   root="40280381-3d61-56a7-013d-7f1466b6554b"/>
               <code valueSet="2.16.840.1.113883.3.117.1.7.1.424">
                  <displayName value="Non-Elective Inpatient Encounter SNOMEDCT Value Set"/>
               </code>
               <title value="Encounter, Performed"/>
               <statusCode code="COMPLETED"/>
               <lengthOfStayQuantity>
                  <uncertainRange>
                     <low nullFlavor="NINF" xsi:type="PQ"/>
                     <high unit="d" value="120" xsi:type="PQ"/>
                  </uncertainRange>
               </lengthOfStayQuantity>
            </encounterCriteria>
         </entry>
         <entry typeCode="DRIV">
            <localVariableName value="Ethnicity_PatientCharacteristicEthnicity_F47o0"/>
            <observationCriteria classCode="OBS" moodCode="EVN">
               <templateId>
                  <item extension="2015-09-30" root="2.16.840.1.113883.10.20.28.3.56"/>
               </templateId>
               <id extension="Ethnicity_PatientCharacteristicEthnicity"
                   root="40280381-3d27-5493-013d-4dca4b986ae7"/>
               <code code="54133-4" codeSystem="2.16.840.1.113883.6.1" codeSystemName="LOINC">
                  <displayName value="Ethnicity"/>
               </code>
               <title value="Patient Characteristic Ethnicity"/>
               <statusCode code="COMPLETED"/>
               <value valueSet="2.16.840.1.114222.4.11.837" xsi:type="CD">
                  <displayName value="Ethnicity CDCREC Value Set"/>
               </value>
            </observationCriteria>
         </entry>
         <entry typeCode="DRIV">
            <localVariableName value="ONCAdministrativeSex_PatientCharacteristicSex_k5HNR"/>
            <observationCriteria classCode="OBS" moodCode="EVN">
               <templateId>
                  <item extension="2015-09-30" root="2.16.840.1.113883.10.20.28.3.55"/>
               </templateId>
               <id extension="ONCAdministrativeSex_PatientCharacteristicSex"
                   root="40280381-3d27-5493-013d-4dca4b986ae5"/>
               <code code="263495000" codeSystem="2.16.840.1.113883.6.96" codeSystemName="SNOMED CT">
                  <displayName value="Gender"/>
               </code>
               <title value="Patient Characteristic Sex"/>
               <statusCode code="COMPLETED"/>
               <value valueSet="2.16.840.1.113762.1.4.1" xsi:type="CD">
                  <displayName value="ONC Administrative Sex AdministrativeGender Value Set"/>
               </value>
            </observationCriteria>
         </entry>
         <entry typeCode="DRIV">
            <localVariableName value="Payer_PatientCharacteristicPayer_d5EGs"/>
            <observationCriteria classCode="OBS" moodCode="EVN">
               <templateId>
                  <item root="2.16.840.1.113883.10.20.28.3.58"/>
               </templateId>
               <id extension="Payer_PatientCharacteristicPayer"
                   root="40280381-3d27-5493-013d-4dca4b986ae8"/>
               <code code="48768-6" codeSystem="2.16.840.1.113883.6.1" codeSystemName="LOINC">
                  <displayName value="Payer"/>
               </code>
               <title value="Patient Characteristic Payer"/>
               <statusCode code="COMPLETED"/>
               <value valueSet="2.16.840.1.114222.4.11.3591" xsi:type="CD">
                  <displayName value="Payer SOP Value Set"/>
               </value>
            </observationCriteria>
         </entry>
         <entry typeCode="DRIV">
            <localVariableName value="Race_PatientCharacteristicRace_o8vZE"/>
            <observationCriteria classCode="OBS" moodCode="EVN">
               <templateId>
                  <item root="2.16.840.1.113883.10.20.28.3.59"/>
               </templateId>
               <id extension="Race_PatientCharacteristicRace"
                   root="40280381-3d27-5493-013d-4dca4b986ae6"/>
               <code code="32624-9" codeSystem="2.16.840.1.113883.6.1" codeSystemName="LOINC">
                  <displayName value="Race"/>
               </code>
               <title value="Patient Characteristic Race"/>
               <statusCode code="COMPLETED"/>
               <value valueSet="2.16.840.1.114222.4.11.836" xsi:type="CD">
                  <displayName value="Race CDCREC Value Set"/>
               </value>
            </observationCriteria>
         </entry>
         <entry typeCode="DRIV">
            <localVariableName value="EndsDuring_ABA025F9-2C61-45CF-9630-B1080C1178F3"/>
            <encounterCriteria classCode="ENC" moodCode="EVN">
               <templateId>
                  <item extension="2015-09-30" root="2.16.840.1.113883.10.20.28.3.5"/>
               </templateId>
               <id extension="EndsDuring_ABA025F9-2C61-45CF-9630-B1080C1178F3"
                   root="40280381-3d61-56a7-013d-7f1466b6554b"/>
               <code valueSet="2.16.840.1.113883.3.117.1.7.1.424">
                  <displayName value="Non-Elective Inpatient Encounter SNOMEDCT Value Set"/>
               </code>
               <title value="Encounter, Performed"/>
               <statusCode code="COMPLETED"/>
               <temporallyRelatedInformation typeCode="EDU">
                  <qdm:temporalInformation precisionUnit="min"/>
                  <criteriaReference classCode="OBS" moodCode="EVN">
                     <id extension="measureperiod" root="40280381-3d27-5493-013d-4dca4b996aeb"/>
                  </criteriaReference>
               </temporallyRelatedInformation>
            </encounterCriteria>
         </entry>
         <entry typeCode="DRIV">
            <localVariableName value="qdm_var_OccurrenceAofEncounterInpatientNonElective_Jhqtq"/>
            <grouperCriteria classCode="GROUPER" moodCode="EVN">
               <templateId>
                  <item root="2.16.840.1.113883.10.20.28.3.109"/>
               </templateId>
               <id extension="occAof_qdm_var_SatisfiesAll_3BF8235D-2D62-41A7-8F43-E65F1A032F43"
                   root="F40376F3-CF11-4988-B68A-8684FDF5E580"/>
               <!--outBoundRelationship for Non-Elective Inpatient Encounter : Encounter, Performed--><outboundRelationship typeCode="COMP">
                  <conjunctionCode code="AND"/>
                  <criteriaReference classCode="ENC" moodCode="EVN">
                     <id extension="464c2c3b-d2a3-4cdf-898f-c562a20a21ca"
                         root="40280381-3d61-56a7-013d-7f1466b6554b"/>
                  </criteriaReference>
               </outboundRelationship>
               <!--outBoundRelationship for Ends During--><outboundRelationship typeCode="COMP">
                  <conjunctionCode code="AND"/>
                  <criteriaReference classCode="ENC" moodCode="EVN">
                     <id extension="EndsDuring_ABA025F9-2C61-45CF-9630-B1080C1178F3"
                         root="40280381-3d61-56a7-013d-7f1466b6554b"/>
                  </criteriaReference>
               </outboundRelationship>
            </grouperCriteria>
         </entry>
         <entry typeCode="DRIV">
            <grouperCriteria classCode="GROUPER" moodCode="EVN">
               <id extension="occAof_qdm_var_SatisfiesAll_3BF8235D-2D62-41A7-8F43-E65F1A032F43"
                   root="E3DE1AAA-C974-45D5-B2EB-4386960A7D31"/>
               <outboundRelationship typeCode="OCCR">
                  <criteriaReference classCode="GROUPER" moodCode="EVN">
                     <id extension="occAof_qdm_var_SatisfiesAll_3BF8235D-2D62-41A7-8F43-E65F1A032F43"
                         root="F40376F3-CF11-4988-B68A-8684FDF5E580"/>
                  </criteriaReference>
               </outboundRelationship>
            </grouperCriteria>
         </entry>
         <entry typeCode="DRIV">
            <localVariableName value="AgeatOccAEncVariable_vS0kw"/>
            <observationCriteria classCode="OBS" moodCode="EVN">
               <templateId>
                  <item extension="2015-09-30" root="2.16.840.1.113883.10.20.28.3.54"/>
               </templateId>
               <id extension="Agegrtr_thn_eql_18yearsat_2A166C64-46AD-4AB7-ACCC-6D282276649D"
                   root="96768611-9D0A-4609-B0F8-5865FF785EB9"/>
               <code code="21112-8" codeSystem="2.16.840.1.113883.6.1" codeSystemName="LOINC">
                  <displayName value="Birth Date"/>
               </code>
               <title value="Patient Characteristic Birthdate"/>
               <statusCode code="COMPLETED"/>
               <temporallyRelatedInformation typeCode="SBS">
                  <qdm:temporalInformation precisionUnit="d">
                     <qdm:delta lowClosed="true">
                        <low unit="a" value="18"/>
                        <high nullFlavor="PINF"/>
                     </qdm:delta>
                  </qdm:temporalInformation>
                  <criteriaReference classCode="GROUPER" moodCode="EVN">
                     <id extension="occAof_qdm_var_SatisfiesAll_3BF8235D-2D62-41A7-8F43-E65F1A032F43"
                         root="E3DE1AAA-C974-45D5-B2EB-4386960A7D31"/>
                  </criteriaReference>
               </temporallyRelatedInformation>
            </observationCriteria>
         </entry>
         <entry typeCode="DRIV">
            <localVariableName value="qdm_var_InterventionComfortMeasures_A8373102-C974-4A18-AF8E-2A3E660F4A94"/>
            <grouperCriteria classCode="GROUPER" moodCode="EVN">
               <id extension="qdm_var_Union_A8373102-C974-4A18-AF8E-2A3E660F4A94"
                   root="04FC8CF3-ACB6-4BCD-B439-4F4803F650C6"/>
               <!--outBoundRelationship for Comfort Measures : Intervention, Order--><outboundRelationship typeCode="COMP">
                  <conjunctionCode code="OR"/>
                  <criteriaReference classCode="ACT" moodCode="RQO">
                     <id extension="ComfortMeasures_InterventionOrder"
                         root="5d155dc6-ca9c-471c-89b6-979128f685d9"/>
                  </criteriaReference>
               </outboundRelationship>
               <!--outBoundRelationship for Comfort Measures : Intervention, Performed--><outboundRelationship typeCode="COMP">
                  <conjunctionCode code="OR"/>
                  <criteriaReference classCode="ACT" moodCode="EVN">
                     <id extension="ComfortMeasures_InterventionPerformed"
                         root="59f1730e-0898-4660-a67e-47d423133853"/>
                  </criteriaReference>
               </outboundRelationship>
            </grouperCriteria>
         </entry>
         <entry typeCode="DRIV">
            <localVariableName value="ComfortMeasuresduringEncounterInpatient_eiWlx"/>
            <grouperCriteria classCode="GROUPER" moodCode="EVN">
               <id extension="StartsDuring_B50E226B-6429-40FD-9F58-7576447EA379"
                   root="1FE34E5B-8603-436E-93AD-E74D7FCA0CAD"/>
               <temporallyRelatedInformation typeCode="SDU">
                  <qdm:temporalInformation precisionUnit="min"/>
                  <criteriaReference classCode="GROUPER" moodCode="EVN">
                     <id extension="occAof_qdm_var_SatisfiesAll_3BF8235D-2D62-41A7-8F43-E65F1A032F43"
                         root="E3DE1AAA-C974-45D5-B2EB-4386960A7D31"/>
                  </criteriaReference>
               </temporallyRelatedInformation>
               <outboundRelationship typeCode="COMP">
                  <criteriaReference classCode="GROUPER" moodCode="EVN">
                     <id extension="qdm_var_Union_A8373102-C974-4A18-AF8E-2A3E660F4A94"
                         root="04FC8CF3-ACB6-4BCD-B439-4F4803F650C6"/>
                  </criteriaReference>
               </outboundRelationship>
            </grouperCriteria>
         </entry>
         <entry typeCode="DRIV">
            <localVariableName value="less_thn_eql_1hoursEndsBeforeOrConcurrentWithStartOf_141EAF5F-6919-4A0C-8B23-9AABB1232720"/>
            <encounterCriteria classCode="ENC" moodCode="EVN">
               <templateId>
                  <item extension="2015-09-30" root="2.16.840.1.113883.10.20.28.3.5"/>
               </templateId>
               <id extension="less_thn_eql_1hoursEndsBeforeOrConcurrentWithStartOf_141EAF5F-6919-4A0C-8B23-9AABB1232720"
                   root="1266d4a7-2ac1-4c7e-aedc-fa64bb3a8ca8"/>
               <code valueSet="2.16.840.1.113883.3.117.1.7.1.292">
                  <displayName value="Emergency Department Visit SNOMEDCT Value Set"/>
               </code>
               <title value="Encounter, Performed"/>
               <statusCode code="COMPLETED"/>
               <temporallyRelatedInformation typeCode="EBSORECWS">
                  <qdm:temporalInformation precisionUnit="min">
                     <qdm:delta highClosed="true" lowClosed="true">
                        <low unit="h" value="0"/>
                        <high unit="h" value="1"/>
                     </qdm:delta>
                  </qdm:temporalInformation>
                  <criteriaReference classCode="GROUPER" moodCode="EVN">
                     <id extension="occAof_qdm_var_SatisfiesAll_3BF8235D-2D62-41A7-8F43-E65F1A032F43"
                         root="E3DE1AAA-C974-45D5-B2EB-4386960A7D31"/>
                  </criteriaReference>
               </temporallyRelatedInformation>
            </encounterCriteria>
         </entry>
         <entry typeCode="DRIV">
            <localVariableName value="ComfortMeasuresstartsduringEDVisit_9fLnC"/>
            <grouperCriteria classCode="GROUPER" moodCode="EVN">
               <id extension="StartsDuring_5D0D45B9-3A5F-4D1D-9DF1-057700A2B2D9"
                   root="A75C4504-44CB-4F92-918F-F20366D64A21"/>
               <temporallyRelatedInformation typeCode="SDU">
                  <qdm:temporalInformation precisionUnit="min"/>
                  <criteriaReference classCode="ENC" moodCode="EVN">
                     <id extension="less_thn_eql_1hoursEndsBeforeOrConcurrentWithStartOf_141EAF5F-6919-4A0C-8B23-9AABB1232720"
                         root="1266d4a7-2ac1-4c7e-aedc-fa64bb3a8ca8"/>
                  </criteriaReference>
               </temporallyRelatedInformation>
               <outboundRelationship typeCode="COMP">
                  <criteriaReference classCode="GROUPER" moodCode="EVN">
                     <id extension="qdm_var_Union_A8373102-C974-4A18-AF8E-2A3E660F4A94"
                         root="04FC8CF3-ACB6-4BCD-B439-4F4803F650C6"/>
                  </criteriaReference>
               </outboundRelationship>
            </grouperCriteria>
         </entry>
         <entry typeCode="DRIV">
            <localVariableName value="IntersectionOccAEncPrincDxHemorrhagicStroke_D25E3B64-0235-40BE-9D56-8D5B78E814CC"/>
            <grouperCriteria classCode="GROUPER" moodCode="EVN">
               <id extension="Intersection_D25E3B64-0235-40BE-9D56-8D5B78E814CC"
                   root="70D03163-F7A2-4A98-91B3-7C8F78DE0B53"/>
               <!--outBoundRelationship for Occurrence A of EncounterInpatientNonElective--><outboundRelationship typeCode="COMP">
                  <conjunctionCode code="AND"/>
                  <criteriaReference classCode="GROUPER" moodCode="EVN">
                     <id extension="occAof_qdm_var_SatisfiesAll_3BF8235D-2D62-41A7-8F43-E65F1A032F43"
                         root="E3DE1AAA-C974-45D5-B2EB-4386960A7D31"/>
                  </criteriaReference>
               </outboundRelationship>
               <!--outBoundRelationship for Non-Elective Inpatient Encounter : Encounter, Performed--><outboundRelationship typeCode="COMP">
                  <conjunctionCode code="AND"/>
                  <criteriaReference classCode="ENC" moodCode="EVN">
                     <id extension="c9e8f682-9866-40ba-8283-37cf00e22f9b"
                         root="40280381-3d61-56a7-013d-7f1466b6554b"/>
                  </criteriaReference>
               </outboundRelationship>
            </grouperCriteria>
         </entry>
         <entry typeCode="DRIV">
            <localVariableName value="IntersectionOccAEncPrincDxIschemicStroke_FA6D63CB-A5BE-404A-ADE5-9DED0BC12747"/>
            <grouperCriteria classCode="GROUPER" moodCode="EVN">
               <id extension="Intersection_FA6D63CB-A5BE-404A-ADE5-9DED0BC12747"
                   root="11E30979-3F80-45C8-BC8A-26C8A66FDC09"/>
               <!--outBoundRelationship for Occurrence A of EncounterInpatientNonElective--><outboundRelationship typeCode="COMP">
                  <conjunctionCode code="AND"/>
                  <criteriaReference classCode="GROUPER" moodCode="EVN">
                     <id extension="occAof_qdm_var_SatisfiesAll_3BF8235D-2D62-41A7-8F43-E65F1A032F43"
                         root="E3DE1AAA-C974-45D5-B2EB-4386960A7D31"/>
                  </criteriaReference>
               </outboundRelationship>
               <!--outBoundRelationship for Non-Elective Inpatient Encounter : Encounter, Performed--><outboundRelationship typeCode="COMP">
                  <conjunctionCode code="AND"/>
                  <criteriaReference classCode="ENC" moodCode="EVN">
                     <id extension="423a534d-6120-4d39-a2b0-a691aaa6288c"
                         root="40280381-3d61-56a7-013d-7f1466b6554b"/>
                  </criteriaReference>
               </outboundRelationship>
            </grouperCriteria>
         </entry>
         <entry typeCode="DRIV">
            <localVariableName value="IntersectionofInpatientanddischargestatus_CCF86671-507A-443B-AFA6-F4F5B7BB2925"/>
            <grouperCriteria classCode="GROUPER" moodCode="EVN">
               <templateId>
                  <item root="2.16.840.1.113883.10.20.28.3.108"/>
               </templateId>
               <id extension="SatisfiesAny_CCF86671-507A-443B-AFA6-F4F5B7BB2925"
                   root="AFC933B4-FCEE-4EBB-9FAE-F6216BD4C4D2"/>
               <!--outBoundRelationship for Non-Elective Inpatient Encounter : Encounter, Performed--><outboundRelationship typeCode="COMP">
                  <conjunctionCode code="OR"/>
                  <criteriaReference classCode="ENC" moodCode="EVN">
                     <id extension="aee655ac-d760-4709-8bf3-c0241ded3236"
                         root="40280381-3d61-56a7-013d-7f1466b6554b"/>
                  </criteriaReference>
               </outboundRelationship>
               <!--outBoundRelationship for Non-Elective Inpatient Encounter : Encounter, Performed--><outboundRelationship typeCode="COMP">
                  <conjunctionCode code="OR"/>
                  <criteriaReference classCode="ENC" moodCode="EVN">
                     <id extension="7fab8d4b-82e8-437f-88c7-b2abfb2dac07"
                         root="40280381-3d61-56a7-013d-7f1466b6554b"/>
                  </criteriaReference>
               </outboundRelationship>
               <!--outBoundRelationship for Non-Elective Inpatient Encounter : Encounter, Performed--><outboundRelationship typeCode="COMP">
                  <conjunctionCode code="OR"/>
                  <criteriaReference classCode="ENC" moodCode="EVN">
                     <id extension="848b49ef-1aad-4342-8cba-ec5a1325d957"
                         root="40280381-3d61-56a7-013d-7f1466b6554b"/>
                  </criteriaReference>
               </outboundRelationship>
               <!--outBoundRelationship for Non-Elective Inpatient Encounter : Encounter, Performed--><outboundRelationship typeCode="COMP">
                  <conjunctionCode code="OR"/>
                  <criteriaReference classCode="ENC" moodCode="EVN">
                     <id extension="5fcaeb66-7e56-4191-bb54-afe4b1e57269"
                         root="40280381-3d61-56a7-013d-7f1466b6554b"/>
                  </criteriaReference>
               </outboundRelationship>
               <!--outBoundRelationship for Non-Elective Inpatient Encounter : Encounter, Performed--><outboundRelationship typeCode="COMP">
                  <conjunctionCode code="OR"/>
                  <criteriaReference classCode="ENC" moodCode="EVN">
                     <id extension="6a0de02e-3847-446b-887f-b564619d3eeb"
                         root="40280381-3d61-56a7-013d-7f1466b6554b"/>
                  </criteriaReference>
               </outboundRelationship>
            </grouperCriteria>
         </entry>
         <entry typeCode="DRIV">
            <localVariableName value="IntersectionofInpatientanddischargestatus_E8923D0D-34EA-4A46-A55B-A6CB0B06FE55"/>
            <grouperCriteria classCode="GROUPER" moodCode="EVN">
               <id extension="Intersection_E8923D0D-34EA-4A46-A55B-A6CB0B06FE55"
                   root="10A0E93C-203C-48D5-8D02-F280346B3373"/>
               <!--outBoundRelationship for Occurrence A of EncounterInpatientNonElective--><outboundRelationship typeCode="COMP">
                  <conjunctionCode code="AND"/>
                  <criteriaReference classCode="GROUPER" moodCode="EVN">
                     <id extension="occAof_qdm_var_SatisfiesAll_3BF8235D-2D62-41A7-8F43-E65F1A032F43"
                         root="E3DE1AAA-C974-45D5-B2EB-4386960A7D31"/>
                  </criteriaReference>
               </outboundRelationship>
               <!--outBoundRelationship for Satisfies Any--><outboundRelationship typeCode="COMP">
                  <conjunctionCode code="AND"/>
                  <criteriaReference classCode="GROUPER" moodCode="EVN">
                     <id extension="SatisfiesAny_CCF86671-507A-443B-AFA6-F4F5B7BB2925"
                         root="AFC933B4-FCEE-4EBB-9FAE-F6216BD4C4D2"/>
                  </criteriaReference>
               </outboundRelationship>
            </grouperCriteria>
         </entry>
         <entry typeCode="DRIV">
            <localVariableName value="MedicationDischargeduringInpatientEncounter_d59jG"/>
            <substanceAdministrationCriteria classCode="SBADM" moodCode="RQO">
               <templateId>
                  <item extension="2015-09-30" root="2.16.840.1.113883.10.20.28.3.48"/>
               </templateId>
               <id extension="StartsDuring_53C09F59-FB16-4324-A1CC-8ACF4F11A079"
                   root="06FDF898-8860-4397-9524-9D9D85081ED4"/>
               <code code="10183-2" codeSystem="2.16.840.1.113883.6.1"/>
               <title value="Medication, Discharge"/>
               <statusCode code="ACTIVE"/>
               <participation typeCode="CSM">
                  <role classCode="MANU">
                     <playingManufacturedMaterial classCode="MMAT" determinerCode="KIND">
                        <code valueSet="2.16.840.1.113883.3.117.1.7.1.201">
                           <displayName value="Antithrombotic Therapy RXNORM value set"/>
                        </code>
                     </playingManufacturedMaterial>
                  </role>
               </participation>
               <temporallyRelatedInformation typeCode="SDU">
                  <qdm:temporalInformation precisionUnit="min"/>
                  <criteriaReference classCode="GROUPER" moodCode="EVN">
                     <id extension="occAof_qdm_var_SatisfiesAll_3BF8235D-2D62-41A7-8F43-E65F1A032F43"
                         root="E3DE1AAA-C974-45D5-B2EB-4386960A7D31"/>
                  </criteriaReference>
               </temporallyRelatedInformation>
            </substanceAdministrationCriteria>
         </entry>
         <entry typeCode="DRIV">
            <localVariableName value="UnionofMedicationDischargenotdone_Af7yk"/>
            <grouperCriteria classCode="GROUPER" moodCode="EVN">
               <id extension="StartsDuring_635B0972-E538-43E3-803A-C5E837EC4EEB"
                   root="E3CD2E36-C6CA-4B89-AFAC-A24470D00EC2"/>
               <!--outBoundRelationship for Antithrombotic ingredient specific : Medication, Discharge--><temporallyRelatedInformation typeCode="SDU">
                  <qdm:temporalInformation precisionUnit="min"/>
                  <criteriaReference classCode="GROUPER" moodCode="EVN">
                     <id extension="occAof_qdm_var_SatisfiesAll_3BF8235D-2D62-41A7-8F43-E65F1A032F43"
                         root="E3DE1AAA-C974-45D5-B2EB-4386960A7D31"/>
                  </criteriaReference>
               </temporallyRelatedInformation>
               <outboundRelationship typeCode="COMP">
                  <conjunctionCode code="OR"/>
                  <criteriaReference classCode="SBADM" moodCode="RQO">
                     <id extension="38e31a77-3c8f-43f4-9278-73223b0d4698"
                         root="000931f8-5fe8-4d03-a306-9a02bdc462da"/>
                  </criteriaReference>
               </outboundRelationship>
               <!--outBoundRelationship for Antithrombotic ingredient specific : Medication, Discharge--><outboundRelationship typeCode="COMP">
                  <conjunctionCode code="OR"/>
                  <criteriaReference classCode="SBADM" moodCode="RQO">
                     <id extension="13b990b9-2796-4d9c-a5fa-1c39a2776240"
                         root="000931f8-5fe8-4d03-a306-9a02bdc462da"/>
                  </criteriaReference>
               </outboundRelationship>
            </grouperCriteria>
         </entry>
      </dataCriteriaSection>
   </component>
   <component>
      <populationCriteriaSection>
         <templateId>
            <item extension="2015-12-01" root="2.16.840.1.113883.10.20.28.2.1"/>
         </templateId>
         <id extension="PopulationCriteria1" root="0924C945-A211-4B03-B6C2-031B3DD281E3"/>
         <code code="57026-7" codeSystem="2.16.840.1.113883.6.1"/>
         <title value="Population Criteria Section"/>
         <text>
            <xml>
               <item>
                  <list>
                     <item>
                        <content styleCode="Bold">Population Criteria</content>
                        <list>
                           <item>
                              <content styleCode="Bold">Initial Population =</content>
                              <list>
                                 <item>AND: Age&gt;= 18 year(s) at: Occurrence A of $EncounterInpatientNonElective</item>
                                 <item>AND:<list>
                                       <item>OR: Intersection of:<list>
                                             <item>Occurrence A of $EncounterInpatientNonElective</item>
                                             <item>"Encounter, Performed: Non-Elective Inpatient Encounter (principal diagnosis: Ischemic Stroke)"</item>
                                          </list>
                                       </item>
                                       <item>OR: Intersection of:<list>
                                             <item>Occurrence A of $EncounterInpatientNonElective</item>
                                             <item>"Encounter, Performed: Non-Elective Inpatient Encounter (principal diagnosis: Hemorrhagic Stroke)"</item>
                                          </list>
                                       </item>
                                    </list>
                                 </item>
                              </list>
                           </item>
                           <item>
                              <content styleCode="Bold">Denominator =</content>
                              <list>
                                 <item>AND: Initial Population</item>
                              </list>
                              <list>
                                 <item>AND: Intersection of:<list>
                                       <item>Occurrence A of $EncounterInpatientNonElective</item>
                                       <item>"Encounter, Performed: Non-Elective Inpatient Encounter (principal diagnosis: Ischemic Stroke)"</item>
                                    </list>
                                 </item>
                              </list>
                           </item>
                           <item>
                              <content styleCode="Bold">Denominator Exclusions =</content>
                              <list>
                                 <item>OR: Intersection of:<list>
                                       <item>Occurrence A of $EncounterInpatientNonElective</item>
                                       <item>"Encounter, Performed: Non-Elective Inpatient Encounter" satisfies any:<list>
                                             <item>(discharge status: Discharge To Acute Care Facility)</item>
                                             <item>(discharge status: Left Against Medical Advice)</item>
                                             <item>(discharge status: Patient Expired)</item>
                                             <item>(discharge status: Discharged to Home for Hospice Care)</item>
                                             <item>(discharge status: Discharged to Health Care Facility for Hospice Care)</item>
                                          </list>
                                       </item>
                                    </list>
                                 </item>
                                 <item>OR: $InterventionComfortMeasures starts during ("Encounter, Performed: Emergency Department Visit" &lt;= 1 hour(s) ends before or concurrent with start of Occurrence A of $EncounterInpatientNonElective )</item>
                                 <item>OR: $InterventionComfortMeasures starts during Occurrence A of $EncounterInpatientNonElective</item>
                              </list>
                           </item>
                           <item>
                              <content styleCode="Bold">Numerator =</content>
                              <list>
                                 <item>AND: "Medication, Discharge: Antithrombotic Therapy" starts during Occurrence A of $EncounterInpatientNonElective</item>
                              </list>
                           </item>
                           <item>
                              <content styleCode="Bold">Numerator Exclusions =</content>
                              <list>
                                 <item>None</item>
                              </list>
                           </item>
                           <item>
                              <content styleCode="Bold">Denominator Exceptions =</content>
                              <list>
                                 <item>OR: Union of:<list>
                                       <item>"Medication, Discharge not done: Medical Reason" for "Antithrombotic ingredient specific"</item>
                                       <item>"Medication, Discharge not done: Patient Refusal" for "Antithrombotic ingredient specific"</item>
                                       <item>starts during Occurrence A of $EncounterInpatientNonElective</item>
                                    </list>
                                 </item>
                              </list>
                           </item>
                           <item>
                              <content styleCode="Bold">Stratification =</content>
                              <list>
                                 <item>None</item>
                              </list>
                           </item>
                        </list>
                     </item>
                  </list>
               </item>
            </xml>
         </text>
         <component typeCode="COMP">
            <initialPopulationCriteria classCode="OBS" moodCode="EVN">
               <id extension="initialPopulation" root="BE65C159-118C-4793-9840-0C4CA4F7EBFD"/>
               <code code="IPOP" codeSystem="2.16.840.1.113883.5.4"
                     codeSystemName="HL7 Observation Value">
                  <displayName value="initialPopulation"/>
               </code>
               <precondition typeCode="PRCN">
                  <criteriaReference classCode="OBS" moodCode="EVN">
                     <id extension="Agegrtr_thn_eql_18yearsat_2A166C64-46AD-4AB7-ACCC-6D282276649D"
                         root="96768611-9D0A-4609-B0F8-5865FF785EB9"/>
                  </criteriaReference>
               </precondition>
               <precondition typeCode="PRCN">
                  <atLeastOneTrue>
                     <precondition typeCode="PRCN">
                        <criteriaReference classCode="GROUPER" moodCode="EVN">
                           <id extension="Intersection_FA6D63CB-A5BE-404A-ADE5-9DED0BC12747"
                               root="11E30979-3F80-45C8-BC8A-26C8A66FDC09"/>
                        </criteriaReference>
                     </precondition>
                     <precondition typeCode="PRCN">
                        <criteriaReference classCode="GROUPER" moodCode="EVN">
                           <id extension="Intersection_D25E3B64-0235-40BE-9D56-8D5B78E814CC"
                               root="70D03163-F7A2-4A98-91B3-7C8F78DE0B53"/>
                        </criteriaReference>
                     </precondition>
                  </atLeastOneTrue>
               </precondition>
            </initialPopulationCriteria>
         </component>
         <component typeCode="COMP">
            <denominatorCriteria classCode="OBS" moodCode="EVN">
               <id extension="denominator" root="89CA4385-74C8-45EF-A525-BC9AECC179F0"/>
               <code code="DENOM" codeSystem="2.16.840.1.113883.5.4"
                     codeSystemName="HL7 Observation Value">
                  <displayName value="denominator"/>
               </code>
               <precondition typeCode="PRCN">
                  <criteriaReference classCode="OBS" moodCode="EVN">
                     <id extension="initialPopulation" root="BE65C159-118C-4793-9840-0C4CA4F7EBFD"/>
                  </criteriaReference>
               </precondition>
               <precondition typeCode="PRCN">
                  <criteriaReference classCode="GROUPER" moodCode="EVN">
                     <id extension="Intersection_FA6D63CB-A5BE-404A-ADE5-9DED0BC12747"
                         root="11E30979-3F80-45C8-BC8A-26C8A66FDC09"/>
                  </criteriaReference>
               </precondition>
            </denominatorCriteria>
         </component>
         <component typeCode="COMP">
            <denominatorExclusionCriteria classCode="OBS" moodCode="EVN">
               <id extension="denominatorExclusions" root="1B572108-6E78-4A49-A45E-2897DA4E27F2"/>
               <code code="DENEX" codeSystem="2.16.840.1.113883.5.4"
                     codeSystemName="HL7 Observation Value">
                  <displayName value="denominatorExclusions"/>
               </code>
               <precondition typeCode="PRCN">
                  <criteriaReference classCode="GROUPER" moodCode="EVN">
                     <id extension="Intersection_E8923D0D-34EA-4A46-A55B-A6CB0B06FE55"
                         root="10A0E93C-203C-48D5-8D02-F280346B3373"/>
                  </criteriaReference>
               </precondition>
               <precondition typeCode="PRCN">
                  <criteriaReference classCode="GROUPER" moodCode="EVN">
                     <id extension="StartsDuring_5D0D45B9-3A5F-4D1D-9DF1-057700A2B2D9"
                         root="A75C4504-44CB-4F92-918F-F20366D64A21"/>
                  </criteriaReference>
               </precondition>
               <precondition typeCode="PRCN">
                  <criteriaReference classCode="GROUPER" moodCode="EVN">
                     <id extension="StartsDuring_B50E226B-6429-40FD-9F58-7576447EA379"
                         root="1FE34E5B-8603-436E-93AD-E74D7FCA0CAD"/>
                  </criteriaReference>
               </precondition>
            </denominatorExclusionCriteria>
         </component>
         <component typeCode="COMP">
            <denominatorExceptionCriteria classCode="OBS" moodCode="EVN">
               <id extension="denominatorExceptions" root="253EB09C-BDC6-43BC-B54E-37216C7FECBE"/>
               <code code="DENEXCEP" codeSystem="2.16.840.1.113883.5.4"
                     codeSystemName="HL7 Observation Value">
                  <displayName value="denominatorExceptions"/>
               </code>
               <precondition typeCode="PRCN">
                  <criteriaReference classCode="GROUPER" moodCode="EVN">
                     <id extension="StartsDuring_635B0972-E538-43E3-803A-C5E837EC4EEB"
                         root="E3CD2E36-C6CA-4B89-AFAC-A24470D00EC2"/>
                  </criteriaReference>
               </precondition>
            </denominatorExceptionCriteria>
         </component>
         <component typeCode="COMP">
            <numeratorCriteria classCode="OBS" moodCode="EVN">
               <id extension="numerator" root="2AFB75AC-7119-4FE2-A1BD-DC161870F005"/>
               <code code="NUMER" codeSystem="2.16.840.1.113883.5.4"
                     codeSystemName="HL7 Observation Value">
                  <displayName value="numerator"/>
               </code>
               <precondition typeCode="PRCN">
                  <criteriaReference classCode="SBADM" moodCode="RQO">
                     <id extension="StartsDuring_53C09F59-FB16-4324-A1CC-8ACF4F11A079"
                         root="06FDF898-8860-4397-9524-9D9D85081ED4"/>
                  </criteriaReference>
               </precondition>
            </numeratorCriteria>
         </component>
         <component typeCode="COMP">
            <stratifierCriteria>
               <id extension="Stratifiers" root="63151E04-DDF0-4D7B-AF71-5492F754D7D3"/>
               <code code="STRAT" codeSystem="2.16.840.1.113883.5.4"
                     codeSystemName="HL7 Observation Value">
                  <displayName value="Stratification"/>
               </code>
               <precondition typeCode="PRCN">
                  <criteriaReference classCode="OBS" moodCode="EVN">
                     <id extension="Ethnicity_PatientCharacteristicEthnicity"
                         root="40280381-3d27-5493-013d-4dca4b986ae7"/>
                  </criteriaReference>
               </precondition>
               <component typeCode="COMP">
                  <measureAttribute>
                     <code code="SDE" codeSystem="2.16.840.1.113883.5.4">
                        <displayName value="Supplemental Data Element"/>
                     </code>
                     <value mediaType="text/plain" value="Supplemental Data Elements" xsi:type="ED"/>
                  </measureAttribute>
               </component>
            </stratifierCriteria>
         </component>
         <component typeCode="COMP">
            <stratifierCriteria>
               <id extension="Stratifiers" root="BFFAF34A-B895-4E76-AAAA-461D003B2FC1"/>
               <code code="STRAT" codeSystem="2.16.840.1.113883.5.4"
                     codeSystemName="HL7 Observation Value">
                  <displayName value="Stratification"/>
               </code>
               <precondition typeCode="PRCN">
                  <criteriaReference classCode="OBS" moodCode="EVN">
                     <id extension="ONCAdministrativeSex_PatientCharacteristicSex"
                         root="40280381-3d27-5493-013d-4dca4b986ae5"/>
                  </criteriaReference>
               </precondition>
               <component typeCode="COMP">
                  <measureAttribute>
                     <code code="SDE" codeSystem="2.16.840.1.113883.5.4">
                        <displayName value="Supplemental Data Element"/>
                     </code>
                     <value mediaType="text/plain" value="Supplemental Data Elements" xsi:type="ED"/>
                  </measureAttribute>
               </component>
            </stratifierCriteria>
         </component>
         <component typeCode="COMP">
            <stratifierCriteria>
               <id extension="Stratifiers" root="1A9F2E35-5986-4580-BF1A-0A67786707FC"/>
               <code code="STRAT" codeSystem="2.16.840.1.113883.5.4"
                     codeSystemName="HL7 Observation Value">
                  <displayName value="Stratification"/>
               </code>
               <precondition typeCode="PRCN">
                  <criteriaReference classCode="OBS" moodCode="EVN">
                     <id extension="Payer_PatientCharacteristicPayer"
                         root="40280381-3d27-5493-013d-4dca4b986ae8"/>
                  </criteriaReference>
               </precondition>
               <component typeCode="COMP">
                  <measureAttribute>
                     <code code="SDE" codeSystem="2.16.840.1.113883.5.4">
                        <displayName value="Supplemental Data Element"/>
                     </code>
                     <value mediaType="text/plain" value="Supplemental Data Elements" xsi:type="ED"/>
                  </measureAttribute>
               </component>
            </stratifierCriteria>
         </component>
         <component typeCode="COMP">
            <stratifierCriteria>
               <id extension="Stratifiers" root="B10B061E-3FE6-4B32-B7F5-C46223743BC5"/>
               <code code="STRAT" codeSystem="2.16.840.1.113883.5.4"
                     codeSystemName="HL7 Observation Value">
                  <displayName value="Stratification"/>
               </code>
               <precondition typeCode="PRCN">
                  <criteriaReference classCode="OBS" moodCode="EVN">
                     <id extension="Race_PatientCharacteristicRace"
                         root="40280381-3d27-5493-013d-4dca4b986ae6"/>
                  </criteriaReference>
               </precondition>
               <component typeCode="COMP">
                  <measureAttribute>
                     <code code="SDE" codeSystem="2.16.840.1.113883.5.4">
                        <displayName value="Supplemental Data Element"/>
                     </code>
                     <value mediaType="text/plain" value="Supplemental Data Elements" xsi:type="ED"/>
                  </measureAttribute>
               </component>
            </stratifierCriteria>
         </component>
      </populationCriteriaSection>
   </component>
</QualityMeasureDocument>