<?xml version="1.0" encoding="UTF-8"?><measure><measureDetails><uuid>40280381-503f-a1fc-0150-afe320c01761</uuid><title>Depression Utilization of the PHQ-9 Tool</title><shortTitle>CMS160</shortTitle><emeasureid>160</emeasureid><guid>a4b9763c-847e-4e02-bb7e-acc596e90e2c</guid><version>5.0.000</version><nqfid extension="0712" root="2.16.840.1.113883.3.560.1"/><period calenderYear="true" uuid="40280381-3d61-56a7-013e-8a363827334a"><startDate>00000101</startDate><stopDate>00001231</stopDate></period><steward id="2.16.840.1.133883.3.3114">MN Community Measurement</steward><developers><developer id="2.16.840.1.133883.3.3114">MN Community Measurement</developer></developers><endorsement id="2.16.840.1.113883.3.560">National Quality Forum</endorsement><description>Patients age 18 and older with the diagnosis of major depression or dysthymia who have a Patient Health Questionnaire (PHQ-9) tool administered at least once during a 4-month period in which there was a qualifying visit</description><copyright>Copyright MN Community Measurement, 2016. All rights reserved</copyright><disclaimer>This measure is "re-tooled" from the existing NQF # 712 measure. eMeasure development was a collaboration between MN Community Measurement and Telligen with technical assistance provided by Telligen.</disclaimer><scoring id="PROPOR">Proportion</scoring><types><type id="PROCESS">Process</type></types><componentMeasures/><itemCount/><stratification>None</stratification><riskAdjustment>None</riskAdjustment><aggregation>None</aggregation><rationale>The Centers for Disease Control and Prevention states that nationally 15.7% of people report being told by a health care professional that they had depression at some point in their lifetime. Persons with a current diagnosis of depression and a lifetime diagnosis of depression or anxiety were significantly more likely than persons without these conditions to have cardiovascular disease, diabetes, asthma and obesity and to be a current smoker, to be physically inactive and to drink heavily. According to the National Institute of Mental Health (NIMH), 6.7% of the U.S. population ages 18 and older (14.8 million people) in any given year have a diagnosis of a major depressive disorder. Major depression is the leading cause of disability in the U.S. for ages 15 - 44. Additionally, dysthymia accounts for an additional 3.3 million Americans.</rationale><recommendations>This process measure for using the Patient Health Questionnaire (PHQ-9) tool is directly related to the desired outcomes of demonstrating improvement in symptoms of depression (remission). Improvement in the symptoms of depression and an ongoing assessment of the current treatment plan is crucial to the reduction of symptoms and psychosocial well-being of patients with major depression. Most people treated for initial depression need to be on medication at least six to twelve months after adequate response to symptoms, patients with recurrent depression need to be treated for three years or more and response with psychotherapy can take eight to twelve weeks of regular and frequent therapy to show improvement. Remission is defined as a PHQ-9 score of less than five at twelve months. The PHQ-9 tool is a widely accepted, standardized tool [Developed by Drs. Robert L. Spitzer, Janet B.W. Williams, Kurt Kroenke and colleagues, with an educational grant from Pfizer Inc. No permission required to reproduce, translate, display or distribute.] that is completed by the patient, ideally at each visit, and utilized by the provider to monitor treatment progress. This tool was selected for measuring outcomes for this population because it is 1) validated with a sensitivity of .080 and a specificity of 0.92 with substantial heterogeneity I2 = 82%, 2) widely accepted and utilized in Minnesota, 3) available for clinical use, 4) translated into many languages and 5) easy for the patient to complete and the provider to score. Available at www.phqscreeners.com. This nine question tool contains the following questions which are scored on a scale of 0 to 27 based on the scale of Not at All (0), Several Days (1), More Than Half the Days (2), or Nearly Every Day (3) for responses to the questions over the last 2 weeks. &#xD;
* Little interest or pleasure in doing things &#xD;
* Feeling down, depressed, or hopeless&#xD;
* Trouble falling or staying asleep, or sleeping too much &#xD;
* Feeling tired or having little energy &#xD;
* Poor appetite or overeating &#xD;
* Feeling bad about yourself - or that you are a failure or have let yourself or your family down &#xD;
* Trouble concentrating on things, such as reading the newspaper or watching television &#xD;
* Moving or speaking so slowly that other people could have noticed? Or the opposite - being so fidgety or restless that you have been moving around a lot more than usual &#xD;
* Thoughts that you would be better off dead or of hurting yourself in some way</recommendations><improvementNotations>Higher scores indicate better quality</improvementNotations><references><reference>Institute for Clinical Systems Improvement (ICSI) Major  Depression in Adults in Primary Care 16th edition September 2013 www.icsi.org.</reference><reference>Screening for Depression in Medical Settings with the Patient Health Questionnaire (PHQ) A Diagnostic Meta Analysis. Gilbody, Simon et al Journal of General Internal Medicine Sept 2007.</reference><reference>The PHQ-9: Validity of a Brief Depression Severity Measure Kurt Kroenke, MD, Robert Spitzer, MD J Gen Intern Med 2001 16:606-613.</reference><reference>Collaborative Care for Depression: a Cumulative Meta-analysis and Review of Longer-term Outcomes. Gilbody, Simon et al Archives Internal Medicine Dec 2006.</reference></references><definitions>None</definitions><guidance>None</guidance><transmissionFormat>TBD</transmissionFormat><initialPopDescription>Patients age 18 and older with an office visit and the diagnosis of major depression or dysthymia during the four month period</initialPopDescription><denominatorDescription>Equals Initial Population</denominatorDescription><denominatorExclusionsDescription>1: Patients who died&#xD;
2: Patients who received hospice or palliative care services&#xD;
3: Patients who were permanent nursing home residents &#xD;
4: Patients with a diagnosis of bipolar disorder&#xD;
5: Patients with a diagnosis of personality disorder</denominatorExclusionsDescription><numeratorDescription>Patients who have a PHQ-9 tool administered at least once during the four-month period</numeratorDescription><numeratorExclusionsDescription>Not applicable</numeratorExclusionsDescription><denominatorExceptionsDescription>None</denominatorExceptionsDescription><supplementalData>For every patient evaluated by this measure also identify payer, race, ethnicity and sex</supplementalData><qualityMeasureSet uuid="d5581b77-3022-407f-8f0e-993ad753cfe7">None</qualityMeasureSet>
<finalizedDate value="201602121554-0600"/>
</measureDetails><supplementalDataElements><elementRef id="40280381-3d61-56a7-013e-8a3638273345" name="ONC Administrative Sex"/><elementRef id="40280381-3d61-56a7-013e-8a3638273346" name="Race"/><elementRef id="40280381-3d61-56a7-013e-8a3638273347" name="Ethnicity"/><elementRef id="40280381-3d61-56a7-013e-8a3638273348" name="Payer"/></supplementalDataElements><riskAdjustmentVariables/><subTreeLookUp><subTree displayName="Age 18" qdmVariable="false" uuid="17A33C5C-E795-43BE-9C0B-8AF86F49E29F"><functionalOp displayName="Age&gt;= 18 years at" operatorType="Greater Than or Equal To" quantity="18" type="AGE AT" unit="years"><elementRef displayName="Measurement Period : Timing Element" id="40280381-3d61-56a7-013e-8a363827334a" type="qdm"/></functionalOp></subTree><subTree displayName="F2FNoED Sat All 4 to 8 mo EAS MP" qdmVariable="false" uuid="9DFAB900-6B91-477E-A66F-398EA32520F7"><functionalOp displayName="Satisfies All" type="SATISFIES ALL"><elementRef displayName="Face to Face Interaction - No ED : Encounter, Performed" id="91f84aee-e473-4f7d-9dd3-7d0259441055" type="qdm"/><relationalOp displayName="&gt;= 4 months Ends After Start Of" operatorType="Greater Than or Equal To" quantity="4" type="EAS" unit="months"><elementRef displayName="Face to Face Interaction - No ED : Encounter, Performed" id="91f84aee-e473-4f7d-9dd3-7d0259441055" type="qdm"/><elementRef displayName="Measurement Period : Timing Element" id="40280381-3d61-56a7-013e-8a363827334a" type="qdm"/></relationalOp><relationalOp displayName="&lt; 8 months Ends After Start Of" operatorType="Less Than" quantity="8" type="EAS" unit="months"><elementRef displayName="Face to Face Interaction - No ED : Encounter, Performed" id="91f84aee-e473-4f7d-9dd3-7d0259441055" type="qdm"/><elementRef displayName="Measurement Period : Timing Element" id="40280381-3d61-56a7-013e-8a363827334a" type="qdm"/></relationalOp><functionalOp displayName="Satisfies Any" type="SATISFIES ANY"><elementRef displayName="Face to Face Interaction - No ED : Encounter, Performed" id="91f84aee-e473-4f7d-9dd3-7d0259441055" type="qdm"/><relationalOp displayName="Overlaps" type="Overlap"><elementRef displayName="Face to Face Interaction - No ED : Encounter, Performed" id="91f84aee-e473-4f7d-9dd3-7d0259441055" type="qdm"/><elementRef displayName="Major Depression Including Remission : Diagnosis" id="aa4805f4-54e9-4e60-9bbf-b316aeaa95ba" type="qdm"/></relationalOp><relationalOp displayName="Overlaps" type="Overlap"><elementRef displayName="Face to Face Interaction - No ED : Encounter, Performed" id="91f84aee-e473-4f7d-9dd3-7d0259441055" type="qdm"/><elementRef displayName="Dysthymia : Diagnosis" id="6193b77b-e502-40cd-8ff4-a51a269f141a" type="qdm"/></relationalOp></functionalOp></functionalOp></subTree><subTree displayName="F2FNoED Sat All Less Than 4 mo EAS MP" qdmVariable="false" uuid="76F115BA-FF2D-44E8-A153-55EE3C2092CC"><functionalOp displayName="Satisfies All" type="SATISFIES ALL"><elementRef displayName="Face to Face Interaction - No ED : Encounter, Performed" id="91f84aee-e473-4f7d-9dd3-7d0259441055" type="qdm"/><relationalOp displayName="&lt; 4 months Ends After Start Of" operatorType="Less Than" quantity="4" type="EAS" unit="months"><elementRef displayName="Face to Face Interaction - No ED : Encounter, Performed" id="91f84aee-e473-4f7d-9dd3-7d0259441055" type="qdm"/><elementRef displayName="Measurement Period : Timing Element" id="40280381-3d61-56a7-013e-8a363827334a" type="qdm"/></relationalOp><functionalOp displayName="Satisfies Any" type="SATISFIES ANY"><elementRef displayName="Face to Face Interaction - No ED : Encounter, Performed" id="91f84aee-e473-4f7d-9dd3-7d0259441055" type="qdm"/><relationalOp displayName="Overlaps" type="Overlap"><elementRef displayName="Face to Face Interaction - No ED : Encounter, Performed" id="91f84aee-e473-4f7d-9dd3-7d0259441055" type="qdm"/><elementRef displayName="Major Depression Including Remission : Diagnosis" id="aa4805f4-54e9-4e60-9bbf-b316aeaa95ba" type="qdm"/></relationalOp><relationalOp displayName="Overlaps" type="Overlap"><elementRef displayName="Face to Face Interaction - No ED : Encounter, Performed" id="91f84aee-e473-4f7d-9dd3-7d0259441055" type="qdm"/><elementRef displayName="Dysthymia : Diagnosis" id="6193b77b-e502-40cd-8ff4-a51a269f141a" type="qdm"/></relationalOp></functionalOp></functionalOp></subTree><subTree displayName="F2FNoED Sat All Less Than 4 mo EBE MP" qdmVariable="false" uuid="19A69255-9329-4733-B15D-2361101E9DB4"><functionalOp displayName="Satisfies All" type="SATISFIES ALL"><elementRef displayName="Face to Face Interaction - No ED : Encounter, Performed" id="91f84aee-e473-4f7d-9dd3-7d0259441055" type="qdm"/><relationalOp displayName="&lt; 4 months Ends Before End Of" operatorType="Less Than" quantity="4" type="EBE" unit="months"><elementRef displayName="Face to Face Interaction - No ED : Encounter, Performed" id="91f84aee-e473-4f7d-9dd3-7d0259441055" type="qdm"/><elementRef displayName="Measurement Period : Timing Element" id="40280381-3d61-56a7-013e-8a363827334a" type="qdm"/></relationalOp><functionalOp displayName="Satisfies Any" type="SATISFIES ANY"><elementRef displayName="Face to Face Interaction - No ED : Encounter, Performed" id="91f84aee-e473-4f7d-9dd3-7d0259441055" type="qdm"/><relationalOp displayName="Overlaps" type="Overlap"><elementRef displayName="Face to Face Interaction - No ED : Encounter, Performed" id="91f84aee-e473-4f7d-9dd3-7d0259441055" type="qdm"/><elementRef displayName="Major Depression Including Remission : Diagnosis" id="aa4805f4-54e9-4e60-9bbf-b316aeaa95ba" type="qdm"/></relationalOp><relationalOp displayName="Overlaps" type="Overlap"><elementRef displayName="Face to Face Interaction - No ED : Encounter, Performed" id="91f84aee-e473-4f7d-9dd3-7d0259441055" type="qdm"/><elementRef displayName="Dysthymia : Diagnosis" id="6193b77b-e502-40cd-8ff4-a51a269f141a" type="qdm"/></relationalOp></functionalOp></functionalOp></subTree><subTree displayName="Num 1 Assess 4 mo EBE MP" qdmVariable="false" uuid="CA6302E3-1E2F-4C61-9ACE-503116601853"><relationalOp displayName="&lt; 4 months Ends Before End Of" operatorType="Less Than" quantity="4" type="EBE" unit="months"><elementRef displayName="PHQ-9 Tool : Risk Category Assessment" id="40280381-3d61-56a7-013e-8a363828336d" type="qdm"><attribute attrUUID="926ea927-cc0f-4979-818c-fd91fa31e0ff" mode="Check if Present" name="result"/></elementRef><elementRef displayName="Measurement Period : Timing Element" id="40280381-3d61-56a7-013e-8a363827334a" type="qdm"/></relationalOp></subTree><subTree displayName="Num 2 Assess 4_8 mo EAS MP" qdmVariable="false" uuid="63DE1AEE-49FC-46C7-BB70-6FB5E5579C66"><functionalOp displayName="Satisfies All" type="SATISFIES ALL"><elementRef displayName="PHQ-9 Tool : Risk Category Assessment" id="40280381-3d61-56a7-013e-8a363828336d" type="qdm"/><elementRef displayName="PHQ-9 Tool : Risk Category Assessment" id="40280381-3d61-56a7-013e-8a363828336d" type="qdm"><attribute attrUUID="bcfc6664-9cd1-4506-8d4a-812e6771292b" mode="Check if Present" name="result"/></elementRef><relationalOp displayName="&gt;= 4 months Ends After Start Of" operatorType="Greater Than or Equal To" quantity="4" type="EAS" unit="months"><elementRef displayName="PHQ-9 Tool : Risk Category Assessment" id="40280381-3d61-56a7-013e-8a363828336d" type="qdm"/><elementRef displayName="Measurement Period : Timing Element" id="40280381-3d61-56a7-013e-8a363827334a" type="qdm"/></relationalOp><relationalOp displayName="&lt; 8 months Ends After Start Of" operatorType="Less Than" quantity="8" type="EAS" unit="months"><elementRef displayName="PHQ-9 Tool : Risk Category Assessment" id="40280381-3d61-56a7-013e-8a363828336d" type="qdm"/><elementRef displayName="Measurement Period : Timing Element" id="40280381-3d61-56a7-013e-8a363827334a" type="qdm"/></relationalOp></functionalOp></subTree><subTree displayName="Num 3 Assess 4 mo EAS MP" qdmVariable="false" uuid="C797DCE1-4BF9-46E8-B46F-D7489B23D4EB"><relationalOp displayName="&lt; 4 months Ends After Start Of" operatorType="Less Than" quantity="4" type="EAS" unit="months"><elementRef displayName="PHQ-9 Tool : Risk Category Assessment" id="40280381-3d61-56a7-013e-8a363828336d" type="qdm"><attribute attrUUID="d6c14b5f-76eb-4132-be32-81ce78777f82" mode="Check if Present" name="result"/></elementRef><elementRef displayName="Measurement Period : Timing Element" id="40280381-3d61-56a7-013e-8a363827334a" type="qdm"/></relationalOp></subTree><subTree displayName="Office Visit Sat All 4 to 8 mo EAS MP" qdmVariable="false" uuid="E46D6AD3-1719-44A8-A56A-889DDFB968C1"><functionalOp displayName="Satisfies All" type="SATISFIES ALL"><elementRef displayName="Office Visit : Encounter, Performed" id="40280381-3d61-56a7-013e-8a363827334f" type="qdm"/><relationalOp displayName="&gt;= 4 months Ends After Start Of" operatorType="Greater Than or Equal To" quantity="4" type="EAS" unit="months"><elementRef displayName="Office Visit : Encounter, Performed" id="40280381-3d61-56a7-013e-8a363827334f" type="qdm"/><elementRef displayName="Measurement Period : Timing Element" id="40280381-3d61-56a7-013e-8a363827334a" type="qdm"/></relationalOp><relationalOp displayName="&lt; 8 months Ends After Start Of" operatorType="Less Than" quantity="8" type="EAS" unit="months"><elementRef displayName="Office Visit : Encounter, Performed" id="40280381-3d61-56a7-013e-8a363827334f" type="qdm"/><elementRef displayName="Measurement Period : Timing Element" id="40280381-3d61-56a7-013e-8a363827334a" type="qdm"/></relationalOp><functionalOp displayName="Satisfies Any" type="SATISFIES ANY"><elementRef displayName="Office Visit : Encounter, Performed" id="40280381-3d61-56a7-013e-8a363827334f" type="qdm"/><relationalOp displayName="Overlaps" type="Overlap"><elementRef displayName="Office Visit : Encounter, Performed" id="40280381-3d61-56a7-013e-8a363827334f" type="qdm"/><elementRef displayName="Major Depression Including Remission : Diagnosis" id="aa4805f4-54e9-4e60-9bbf-b316aeaa95ba" type="qdm"/></relationalOp><relationalOp displayName="Overlaps" type="Overlap"><elementRef displayName="Office Visit : Encounter, Performed" id="40280381-3d61-56a7-013e-8a363827334f" type="qdm"/><elementRef displayName="Dysthymia : Diagnosis" id="6193b77b-e502-40cd-8ff4-a51a269f141a" type="qdm"/></relationalOp></functionalOp></functionalOp></subTree><subTree displayName="Office Visit Sat All Less Than 4 mo EAS MP" qdmVariable="false" uuid="ACA211E1-808C-4658-94CA-3B6F98705B71"><functionalOp displayName="Satisfies All" type="SATISFIES ALL"><elementRef displayName="Office Visit : Encounter, Performed" id="40280381-3d61-56a7-013e-8a363827334f" type="qdm"/><relationalOp displayName="&lt; 4 months Ends After Start Of" operatorType="Less Than" quantity="4" type="EAS" unit="months"><elementRef displayName="Office Visit : Encounter, Performed" id="40280381-3d61-56a7-013e-8a363827334f" type="qdm"/><elementRef displayName="Measurement Period : Timing Element" id="40280381-3d61-56a7-013e-8a363827334a" type="qdm"/></relationalOp><functionalOp displayName="Satisfies Any" type="SATISFIES ANY"><elementRef displayName="Office Visit : Encounter, Performed" id="40280381-3d61-56a7-013e-8a363827334f" type="qdm"/><relationalOp displayName="Overlaps" type="Overlap"><elementRef displayName="Office Visit : Encounter, Performed" id="40280381-3d61-56a7-013e-8a363827334f" type="qdm"/><elementRef displayName="Major Depression Including Remission : Diagnosis" id="aa4805f4-54e9-4e60-9bbf-b316aeaa95ba" type="qdm"/></relationalOp><relationalOp displayName="Overlaps" type="Overlap"><elementRef displayName="Office Visit : Encounter, Performed" id="40280381-3d61-56a7-013e-8a363827334f" type="qdm"/><elementRef displayName="Dysthymia : Diagnosis" id="6193b77b-e502-40cd-8ff4-a51a269f141a" type="qdm"/></relationalOp></functionalOp></functionalOp></subTree><subTree displayName="Office Visit Sat All Less Than 4 mo EBE MP" qdmVariable="false" uuid="C472F0AD-CAF5-4A5B-BE36-4F1990E0B499"><functionalOp displayName="Satisfies All" type="SATISFIES ALL"><elementRef displayName="Office Visit : Encounter, Performed" id="40280381-3d61-56a7-013e-8a363827334f" type="qdm"/><relationalOp displayName="&lt; 4 months Ends Before End Of" operatorType="Less Than" quantity="4" type="EBE" unit="months"><elementRef displayName="Office Visit : Encounter, Performed" id="40280381-3d61-56a7-013e-8a363827334f" type="qdm"/><elementRef displayName="Measurement Period : Timing Element" id="40280381-3d61-56a7-013e-8a363827334a" type="qdm"/></relationalOp><functionalOp displayName="Satisfies Any" type="SATISFIES ANY"><elementRef displayName="Office Visit : Encounter, Performed" id="40280381-3d61-56a7-013e-8a363827334f" type="qdm"/><relationalOp displayName="Overlaps" type="Overlap"><elementRef displayName="Office Visit : Encounter, Performed" id="40280381-3d61-56a7-013e-8a363827334f" type="qdm"/><elementRef displayName="Major Depression Including Remission : Diagnosis" id="aa4805f4-54e9-4e60-9bbf-b316aeaa95ba" type="qdm"/></relationalOp><relationalOp displayName="Overlaps" type="Overlap"><elementRef displayName="Office Visit : Encounter, Performed" id="40280381-3d61-56a7-013e-8a363827334f" type="qdm"/><elementRef displayName="Dysthymia : Diagnosis" id="6193b77b-e502-40cd-8ff4-a51a269f141a" type="qdm"/></relationalOp></functionalOp></functionalOp></subTree><subTree displayName="Psych Visit Sat All 4 to 8 mo EAS MP" qdmVariable="false" uuid="18554174-97E2-4C2F-A650-3CE1652B4F8A"><functionalOp displayName="Satisfies All" type="SATISFIES ALL"><elementRef displayName="Psych Visit : Encounter, Performed" id="bec03ff0-88da-49ee-a2fd-21037ee0a3a3" type="qdm"/><relationalOp displayName="&gt;= 4 months Ends After Start Of" operatorType="Greater Than or Equal To" quantity="4" type="EAS" unit="months"><elementRef displayName="Psych Visit : Encounter, Performed" id="bec03ff0-88da-49ee-a2fd-21037ee0a3a3" type="qdm"/><elementRef displayName="Measurement Period : Timing Element" id="40280381-3d61-56a7-013e-8a363827334a" type="qdm"/></relationalOp><relationalOp displayName="&lt; 8 months Ends After Start Of" operatorType="Less Than" quantity="8" type="EAS" unit="months"><elementRef displayName="Psych Visit : Encounter, Performed" id="bec03ff0-88da-49ee-a2fd-21037ee0a3a3" type="qdm"/><elementRef displayName="Measurement Period : Timing Element" id="40280381-3d61-56a7-013e-8a363827334a" type="qdm"/></relationalOp><functionalOp displayName="Satisfies Any" type="SATISFIES ANY"><elementRef displayName="Psych Visit : Encounter, Performed" id="bec03ff0-88da-49ee-a2fd-21037ee0a3a3" type="qdm"/><elementRef displayName="Psych Visit : Encounter, Performed" id="bec03ff0-88da-49ee-a2fd-21037ee0a3a3" type="qdm"><attribute attrUUID="c04af1af-7fda-499f-b2e7-1c00d76b82c4" mode="Value Set" name="principal diagnosis" qdmUUID="9fda7998-fbce-4ab5-b04d-50ccb7d80062"/></elementRef><elementRef displayName="Psych Visit : Encounter, Performed" id="bec03ff0-88da-49ee-a2fd-21037ee0a3a3" type="qdm"><attribute attrUUID="74bbf2f4-7765-4399-b857-019ea0a14b93" mode="Value Set" name="principal diagnosis" qdmUUID="b04cf660-2990-4c68-b090-0c963e34b44a"/></elementRef></functionalOp></functionalOp></subTree><subTree displayName="Psych Visit Sat All Less Than 4 mo EAS MP" qdmVariable="false" uuid="CEE13D6A-5265-4694-9DF7-0A0FE78B4102"><functionalOp displayName="Satisfies All" type="SATISFIES ALL"><elementRef displayName="Psych Visit : Encounter, Performed" id="bec03ff0-88da-49ee-a2fd-21037ee0a3a3" type="qdm"/><relationalOp displayName="&lt; 4 months Ends After Start Of" operatorType="Less Than" quantity="4" type="EAS" unit="months"><elementRef displayName="Psych Visit : Encounter, Performed" id="bec03ff0-88da-49ee-a2fd-21037ee0a3a3" type="qdm"/><elementRef displayName="Measurement Period : Timing Element" id="40280381-3d61-56a7-013e-8a363827334a" type="qdm"/></relationalOp><functionalOp displayName="Satisfies Any" type="SATISFIES ANY"><elementRef displayName="Psych Visit : Encounter, Performed" id="bec03ff0-88da-49ee-a2fd-21037ee0a3a3" type="qdm"/><elementRef displayName="Psych Visit : Encounter, Performed" id="bec03ff0-88da-49ee-a2fd-21037ee0a3a3" type="qdm"><attribute attrUUID="2caf86bb-cf93-4eb8-b60e-c54f390a207d" mode="Value Set" name="principal diagnosis" qdmUUID="9fda7998-fbce-4ab5-b04d-50ccb7d80062"/></elementRef><elementRef displayName="Psych Visit : Encounter, Performed" id="bec03ff0-88da-49ee-a2fd-21037ee0a3a3" type="qdm"><attribute attrUUID="29a7229e-4be7-4f9c-b63b-9cbdd1d4593c" mode="Value Set" name="principal diagnosis" qdmUUID="b04cf660-2990-4c68-b090-0c963e34b44a"/></elementRef></functionalOp></functionalOp></subTree><subTree displayName="Psych Visit Sat All Less Than 4 mo EBE MP" qdmVariable="false" uuid="12733BC6-DBCD-4ABD-81D9-BA4775D473AF"><functionalOp displayName="Satisfies All" type="SATISFIES ALL"><elementRef displayName="Psych Visit : Encounter, Performed" id="bec03ff0-88da-49ee-a2fd-21037ee0a3a3" type="qdm"/><relationalOp displayName="&lt; 4 months Ends Before End Of" operatorType="Less Than" quantity="4" type="EBE" unit="months"><elementRef displayName="Psych Visit : Encounter, Performed" id="bec03ff0-88da-49ee-a2fd-21037ee0a3a3" type="qdm"/><elementRef displayName="Measurement Period : Timing Element" id="40280381-3d61-56a7-013e-8a363827334a" type="qdm"/></relationalOp><functionalOp displayName="Satisfies Any" type="SATISFIES ANY"><elementRef displayName="Psych Visit : Encounter, Performed" id="bec03ff0-88da-49ee-a2fd-21037ee0a3a3" type="qdm"/><elementRef displayName="Psych Visit : Encounter, Performed" id="bec03ff0-88da-49ee-a2fd-21037ee0a3a3" type="qdm"><attribute attrUUID="3db3e189-2b84-484f-8402-175cd5e1275a" mode="Value Set" name="principal diagnosis" qdmUUID="9fda7998-fbce-4ab5-b04d-50ccb7d80062"/></elementRef><elementRef displayName="Psych Visit : Encounter, Performed" id="bec03ff0-88da-49ee-a2fd-21037ee0a3a3" type="qdm"><attribute attrUUID="429c72a7-cf24-4111-9054-90905de49543" mode="Value Set" name="principal diagnosis" qdmUUID="b04cf660-2990-4c68-b090-0c963e34b44a"/></elementRef></functionalOp></functionalOp></subTree><subTree displayName="Union Encounters 4 to 8 mo SAS MP" qdmVariable="false" uuid="0306369B-6536-48DC-8543-71CA6AD58429"><setOp displayName="Union" type="union"><subTreeRef displayName="Office Visit Sat All 4 to 8 mo EAS MP" id="E46D6AD3-1719-44A8-A56A-889DDFB968C1" type="subTree"/><subTreeRef displayName="Psych Visit Sat All 4 to 8 mo EAS MP" id="18554174-97E2-4C2F-A650-3CE1652B4F8A" type="subTree"/><subTreeRef displayName="F2FNoED Sat All 4 to 8 mo EAS MP" id="9DFAB900-6B91-477E-A66F-398EA32520F7" type="subTree"/></setOp></subTree><subTree displayName="Union Encounters Less Than 4 mo EAS MP" qdmVariable="false" uuid="A93A5752-75D7-4B93-A06E-25AD3E52A934"><setOp displayName="Union" type="union"><subTreeRef displayName="Office Visit Sat All Less Than 4 mo EAS MP" id="ACA211E1-808C-4658-94CA-3B6F98705B71" type="subTree"/><subTreeRef displayName="Psych Visit Sat All Less Than 4 mo EAS MP" id="CEE13D6A-5265-4694-9DF7-0A0FE78B4102" type="subTree"/><subTreeRef displayName="F2FNoED Sat All Less Than 4 mo EAS MP" id="76F115BA-FF2D-44E8-A153-55EE3C2092CC" type="subTree"/></setOp></subTree><subTree displayName="Union Encounters Less Than 4 mo EBE MP" qdmVariable="false" uuid="6F286505-F0D4-4E3F-B8BB-350D9A353988"><setOp displayName="Union" type="union"><subTreeRef displayName="Office Visit Sat All Less Than 4 mo EBE MP" id="C472F0AD-CAF5-4A5B-BE36-4F1990E0B499" type="subTree"/><subTreeRef displayName="Psych Visit Sat All Less Than 4 mo EBE MP" id="12733BC6-DBCD-4ABD-81D9-BA4775D473AF" type="subTree"/><subTreeRef displayName="F2FNoED Sat All Less Than 4 mo EBE MP" id="19A69255-9329-4733-B15D-2361101E9DB4" type="subTree"/></setOp></subTree><subTree displayName="Union Expired_Bipolar_Personality SBE MP" qdmVariable="false" uuid="C72972A1-448A-4B2D-A60A-81335F051B05"><relationalOp displayName="Starts Before End Of" type="SBE"><setOp displayName="Union" type="union"><elementRef displayName="Expired : Patient Characteristic Expired" id="3ee516a0-70f8-4882-af32-0f695da6a38d" type="qdm"/><elementRef displayName="Bipolar Disorder : Diagnosis" id="89a1244b-f388-4261-949a-70b82971f63d" type="qdm"/><elementRef displayName="Personality Disorder : Diagnosis" id="02fbde96-d881-44a0-b315-59e4c3eeb158" type="qdm"/></setOp><elementRef displayName="Measurement Period : Timing Element" id="40280381-3d61-56a7-013e-8a363827334a" type="qdm"/></relationalOp></subTree><subTree displayName="Union Palliative Care_Care Services ltqe 1 yr SBE MP" qdmVariable="false" uuid="9E10D621-5AB6-4A39-9478-2E861FA725F9"><relationalOp displayName="&lt;= 1 years Starts Before End Of" operatorType="Less Than or Equal To" quantity="1" type="SBE" unit="years"><setOp displayName="Union" type="union"><elementRef displayName="Palliative Care : Intervention, Order" id="40280381-3d61-56a7-013e-8a3638283368" type="qdm"/><elementRef displayName="Care Services in Long-Term Residential Facility : Encounter, Performed" id="40280381-3e93-d1af-013e-a8c4e64a4ad3" type="qdm"/></setOp><elementRef displayName="Measurement Period : Timing Element" id="40280381-3d61-56a7-013e-8a363827334a" type="qdm"/></relationalOp></subTree></subTreeLookUp><measureGrouping><group sequence="1"><clause displayName="Initial Population 1" type="initialPopulation" uuid="92656CE7-C9B1-44A8-8778-A8EF1ED90A18"><logicalOp displayName="AND" type="and"><subTreeRef displayName="Age 18" id="17A33C5C-E795-43BE-9C0B-8AF86F49E29F" type="subTree"/><subTreeRef displayName="Union Encounters Less Than 4 mo EBE MP" id="6F286505-F0D4-4E3F-B8BB-350D9A353988" type="subTree"/></logicalOp></clause><clause displayName="Denominator 1" type="denominator" uuid="C7DFE664-71AE-4EAD-AB65-CDFCF825A44E"><logicalOp displayName="AND" type="and"/></clause><clause displayName="Denominator Exclusions 1" type="denominatorExclusions" uuid="76B54A59-41A9-4664-B85C-F61238AE1DC4"><logicalOp displayName="OR" type="or"><subTreeRef displayName="Union Palliative Care_Care Services ltqe 1 yr SBE MP" id="9E10D621-5AB6-4A39-9478-2E861FA725F9" type="subTree"/><subTreeRef displayName="Union Expired_Bipolar_Personality SBE MP" id="C72972A1-448A-4B2D-A60A-81335F051B05" type="subTree"/></logicalOp></clause><clause displayName="Numerator 1" type="numerator" uuid="B5FA6E85-0F2E-4674-A3F8-E14D834E73AB"><logicalOp displayName="AND" type="and"><subTreeRef displayName="Num 1 Assess 4 mo EBE MP" id="CA6302E3-1E2F-4C61-9ACE-503116601853" type="subTree"/></logicalOp></clause><clause displayName="numeratorExclusions" type="numeratorExclusions" uuid="f9c4fbab-7c64-4c25-a320-71bb1fec821e"><logicalOp displayName="AND" type="and"/></clause><clause displayName="denominatorExceptions" type="denominatorExceptions" uuid="1c1e013a-b202-4f9e-9ee5-02be9507b7c4"><logicalOp displayName="AND" type="and"/></clause><clause displayName="stratum" type="stratum" uuid="17da601f-c9fd-4a26-a81d-fad8fe70a1f0"/></group><group sequence="2"><clause displayName="Initial Population 2" type="initialPopulation" uuid="757F3066-31E7-45D1-BA50-3EFB27ABB8E5"><logicalOp displayName="AND" type="and"><subTreeRef displayName="Age 18" id="17A33C5C-E795-43BE-9C0B-8AF86F49E29F" type="subTree"/><subTreeRef displayName="Union Encounters 4 to 8 mo SAS MP" id="0306369B-6536-48DC-8543-71CA6AD58429" type="subTree"/></logicalOp></clause><clause displayName="Denominator 1" type="denominator" uuid="32635FEA-918B-438F-8421-8A6A14E238E8"><logicalOp displayName="AND" type="and"/></clause><clause displayName="Denominator Exclusions 1" type="denominatorExclusions" uuid="29931862-020D-401E-B9E9-953791263D87"><logicalOp displayName="OR" type="or"><subTreeRef displayName="Union Palliative Care_Care Services ltqe 1 yr SBE MP" id="9E10D621-5AB6-4A39-9478-2E861FA725F9" type="subTree"/><subTreeRef displayName="Union Expired_Bipolar_Personality SBE MP" id="C72972A1-448A-4B2D-A60A-81335F051B05" type="subTree"/></logicalOp></clause><clause displayName="Numerator 2" type="numerator" uuid="33538979-8425-45A4-B724-D74CC0A84EF3"><logicalOp displayName="AND" type="and"><subTreeRef displayName="Num 2 Assess 4_8 mo EAS MP" id="63DE1AEE-49FC-46C7-BB70-6FB5E5579C66" type="subTree"/></logicalOp></clause><clause displayName="numeratorExclusions" type="numeratorExclusions" uuid="7dd10157-1c31-4693-b42e-fae59622d342"><logicalOp displayName="AND" type="and"/></clause><clause displayName="denominatorExceptions" type="denominatorExceptions" uuid="a9770f07-3989-4c20-8a7a-605e4a77cbe2"><logicalOp displayName="AND" type="and"/></clause><clause displayName="stratum" type="stratum" uuid="197d58ea-0024-4ba6-bd2b-e250741faa2c"/></group><group sequence="3"><clause displayName="Initial Population 3" type="initialPopulation" uuid="5631A7DF-CA44-4AD4-A691-DC0CED303F6A"><logicalOp displayName="AND" type="and"><subTreeRef displayName="Age 18" id="17A33C5C-E795-43BE-9C0B-8AF86F49E29F" type="subTree"/><subTreeRef displayName="Union Encounters Less Than 4 mo EAS MP" id="A93A5752-75D7-4B93-A06E-25AD3E52A934" type="subTree"/></logicalOp></clause><clause displayName="Denominator 1" type="denominator" uuid="9665A8D2-F896-47A9-AA7E-271E9815D3CE"><logicalOp displayName="AND" type="and"/></clause><clause displayName="Denominator Exclusions 1" type="denominatorExclusions" uuid="910A0EE9-ECDA-494C-83E9-30DD9E224FFB"><logicalOp displayName="OR" type="or"><subTreeRef displayName="Union Palliative Care_Care Services ltqe 1 yr SBE MP" id="9E10D621-5AB6-4A39-9478-2E861FA725F9" type="subTree"/><subTreeRef displayName="Union Expired_Bipolar_Personality SBE MP" id="C72972A1-448A-4B2D-A60A-81335F051B05" type="subTree"/></logicalOp></clause><clause displayName="Numerator 3" type="numerator" uuid="2D4D6446-C9CD-4661-868B-C8B9B13A8E08"><logicalOp displayName="AND" type="and"><subTreeRef displayName="Num 3 Assess 4 mo EAS MP" id="C797DCE1-4BF9-46E8-B46F-D7489B23D4EB" type="subTree"/></logicalOp></clause><clause displayName="numeratorExclusions" type="numeratorExclusions" uuid="210bf61b-c9e1-423f-97ec-612fc3642b9c"><logicalOp displayName="AND" type="and"/></clause><clause displayName="denominatorExceptions" type="denominatorExceptions" uuid="2cc2a6f9-d57f-48f0-ac88-7b8670cf4f4c"><logicalOp displayName="AND" type="and"/></clause><clause displayName="stratum" type="stratum" uuid="084549cb-26ac-4cf2-9de5-bc8598b6cce7"/></group></measureGrouping><elementLookUp><qdm datatype="Diagnosis" id="89a1244b-f388-4261-949a-70b82971f63d" name="Bipolar Disorder" oid="2.16.840.1.113883.3.67.1.101.1.128" suppDataElement="false" taxonomy="Grouping" uuid="89a1244b-f388-4261-949a-70b82971f63d" version="1.0"/><qdm datatype="Patient Characteristic Birthdate" id="17774c2e-f599-46e4-ab8b-813a8305a5aa" name="Birthdate" oid="21112-8" suppDataElement="false" taxonomy="SNOMED-CT" uuid="17774c2e-f599-46e4-ab8b-813a8305a5aa" version="1.0"/><qdm codeSystemName="National Committee for Quality Assurance" datatype="Encounter, Performed" id="40280381-3e93-d1af-013e-a8c4e64a4ad3" name="Care Services in Long-Term Residential Facility" oid="2.16.840.1.113883.3.464.1003.101.12.1014" suppDataElement="false" taxonomy="Grouping" uuid="40280381-3e93-d1af-013e-a8c4e64a4ad3" version="1"/><qdm datatype="Diagnosis" id="6193b77b-e502-40cd-8ff4-a51a269f141a" name="Dysthymia" oid="2.16.840.1.113883.3.67.1.101.1.254" suppDataElement="false" taxonomy="Grouping" uuid="6193b77b-e502-40cd-8ff4-a51a269f141a" version="1.0"/><qdm datatype="attribute" id="b04cf660-2990-4c68-b090-0c963e34b44a" name="Dysthymia" oid="2.16.840.1.113883.3.67.1.101.1.254" suppDataElement="false" taxonomy="Grouping" uuid="b04cf660-2990-4c68-b090-0c963e34b44a" version="1.0"/><qdm codeSystemName="CDC NCHS" datatype="Patient Characteristic Ethnicity" id="40280381-3d61-56a7-013e-8a3638273347" name="Ethnicity" oid="2.16.840.1.114222.4.11.837" suppDataElement="true" taxonomy="CDCREC" uuid="40280381-3d61-56a7-013e-8a3638273347" version="1"/><qdm datatype="Patient Characteristic Expired" id="3ee516a0-70f8-4882-af32-0f695da6a38d" name="Expired" oid="419099009" suppDataElement="false" taxonomy="SNOMED-CT" uuid="3ee516a0-70f8-4882-af32-0f695da6a38d" version="1.0"/><qdm datatype="Encounter, Performed" id="91f84aee-e473-4f7d-9dd3-7d0259441055" name="Face to Face Interaction - No ED" oid="2.16.840.1.113762.1.4.1080.1" suppDataElement="false" taxonomy="SNOMEDCT" uuid="91f84aee-e473-4f7d-9dd3-7d0259441055" version="1.0"/><qdm datatype="Diagnosis" id="aa4805f4-54e9-4e60-9bbf-b316aeaa95ba" name="Major Depression Including Remission" oid="2.16.840.113883.3.67.1.101.3.2444" suppDataElement="false" taxonomy="Grouping" uuid="aa4805f4-54e9-4e60-9bbf-b316aeaa95ba" version="1.0"/><qdm datatype="attribute" id="9fda7998-fbce-4ab5-b04d-50ccb7d80062" name="Major Depression Including Remission" oid="2.16.840.113883.3.67.1.101.3.2444" suppDataElement="false" taxonomy="Grouping" uuid="9fda7998-fbce-4ab5-b04d-50ccb7d80062" version="1.0"/><qdm codeSystemName="National Quality Forum" datatype="Timing Element" id="40280381-3d61-56a7-013e-8a363827334a" name="Measurement Period" oid="2.16.840.1.113883.3.67.1.101.1.53" suppDataElement="false" taxonomy="NQF" uuid="40280381-3d61-56a7-013e-8a363827334a" version="1"/><qdm codeSystemName="National Committee for Quality Assurance" datatype="Encounter, Performed" id="40280381-3d61-56a7-013e-8a363827334f" name="Office Visit" oid="2.16.840.1.113883.3.464.1003.101.12.1001" suppDataElement="false" taxonomy="Grouping" uuid="40280381-3d61-56a7-013e-8a363827334f" version="1"/><qdm codeSystemName="National Library of Medicine" datatype="Patient Characteristic Sex" id="40280381-3d61-56a7-013e-8a3638273345" name="ONC Administrative Sex" oid="2.16.840.1.113762.1.4.1" suppDataElement="true" taxonomy="AdministrativeGender" uuid="40280381-3d61-56a7-013e-8a3638273345" version="1"/><qdm codeSystemName="American Medical Association-convened Physician Consortium for Performance Improvement(R) (AMA-PCPI)" datatype="Intervention, Order" id="40280381-3d61-56a7-013e-8a3638283368" name="Palliative Care" oid="2.16.840.1.113883.3.526.3.1024" suppDataElement="false" taxonomy="Grouping" uuid="40280381-3d61-56a7-013e-8a3638283368" version="1"/><qdm codeSystemName="PHDSC" datatype="Patient Characteristic Payer" id="40280381-3d61-56a7-013e-8a3638273348" name="Payer" oid="2.16.840.1.114222.4.11.3591" suppDataElement="true" taxonomy="SOP" uuid="40280381-3d61-56a7-013e-8a3638273348" version="1"/><qdm datatype="Diagnosis" id="02fbde96-d881-44a0-b315-59e4c3eeb158" name="Personality Disorder" oid="2.16.840.1.113883.3.67.1.101.1.246" suppDataElement="false" taxonomy="Grouping" uuid="02fbde96-d881-44a0-b315-59e4c3eeb158" version="1.0"/><qdm codeSystemName="Telligen" datatype="Risk Category Assessment" id="40280381-3d61-56a7-013e-8a363828336d" name="PHQ-9 Tool" oid="2.16.840.1.113883.3.67.1.101.11.723" suppDataElement="false" taxonomy="Grouping" uuid="40280381-3d61-56a7-013e-8a363828336d" version="1"/><qdm datatype="Encounter, Performed" id="bec03ff0-88da-49ee-a2fd-21037ee0a3a3" name="Psych Visit" oid="2.16.840.113883.3.67.1.101.3.2445" suppDataElement="false" taxonomy="Grouping" uuid="bec03ff0-88da-49ee-a2fd-21037ee0a3a3" version="1.0"/><qdm codeSystemName="CDC NCHS" datatype="Patient Characteristic Race" id="40280381-3d61-56a7-013e-8a3638273346" name="Race" oid="2.16.840.1.114222.4.11.836" suppDataElement="true" taxonomy="CDCREC" uuid="40280381-3d61-56a7-013e-8a3638273346" version="1"/></elementLookUp></measure>