<?xml version="1.0" encoding="UTF-8"?>
<?xml-stylesheet type="text/xsl" href="xslt/eMeasure.xsl"?>
<QualityMeasureDocument xmlns="urn:hl7-org:v3" xmlns:xsi="http://www.w3.org/2001/XMLSchema-instance">
         
      <!--
         **************************************************************   
         Measure Details Section
         **************************************************************
      -->
         
      <typeId root="2.16.840.1.113883.1.3" extension="POQM_HD000001"/>
   <id root="40280381-446b-b8c2-0144-9e6e127929e3"/>
   <code code="57024-2" codeSystem="2.16.840.1.113883.6.1"
         displayName="Health Quality Measure Document"/>
   <title>Discharged on Antithrombotic Therapy</title>
   <text>Ischemic stroke patients prescribed antithrombotic therapy at hospital discharge</text>
   <statusCode code="InProgress"/>
   <setId root="42bf391f-38a3-4c0f-9ece-dcd47e9609d9"/>
   <versionNumber value="3"/>
   <author typeCode="AUT">
      <assignedPerson classCode="ASSIGNED">
         <representedOrganization classCode="ORG" determinerCode="INSTANCE">
            <id root="a90e7344-0bfe-4bb0-9531-3e58b082b0dd"/>
            <name>The Joint Commission</name>
            <contactParty classCode="CON" nullFlavor="UNK"/>
         </representedOrganization>
      </assignedPerson>
   </author>
   <custodian>
      <assignedPerson classCode="ASSIGNED">
         <representedOrganization classCode="ORG" determinerCode="INSTANCE">
            <id root=""/>
            <name>The Joint Commission</name>
            <contactParty classCode="CON" nullFlavor="UNK"/>
         </representedOrganization>
      </assignedPerson>
   </custodian>
   <verifier typeCode="VRF">
      <assignedPerson classCode="ASSIGNED">
         <representedOrganization classCode="ORG" determinerCode="INSTANCE">
            <id root="2.16.840.1.113883.3.560"/>
            <name>National Quality Forum</name>
            <contactParty classCode="CON" nullFlavor="UNK"/>
         </representedOrganization>
      </assignedPerson>
   </verifier>
   <subjectOf>
      <measureAttribute>
         <code nullFlavor="OTH">
            <originalText>Finalized Date/Time</originalText>
         </code>
         <value xsi:type="TS" value=""/>
      </measureAttribute>
   </subjectOf>
   <subjectOf>
      <measureAttribute>
         <code code="COPY" codeSystem="2.16.840.1.113883.5.4" displayName="Copyright"/>
         <value xsi:type="ED" mediaType="text/plain">Measure specifications are in the Public Domain

LOINC(R) is a registered trademark of the Regenstrief Institute.

This material contains SNOMED Clinical Terms (R) (SNOMED CT(c) ) copyright 2004-–2010 International Health Terminology Standards Development Organization. All rights reserved.</value>
      </measureAttribute>
   </subjectOf>
   <subjectOf>
      <measureAttribute>
         <code code="MSRSCORE" codeSystem="2.16.840.1.113883.5.4"
               displayName="Measure Scoring"/>
         <value xsi:type="CD" code="PROPOR" codeSystem="2.16.840.1.113883.1.11.20367"
                displayName="Proportion"/>
      </measureAttribute>
   </subjectOf>
   <subjectOf>
      <measureAttribute>
         <code code="MSRTYPE" codeSystem="2.16.840.1.113883.5.4" displayName="Measure Type"/>
         <value xsi:type="CD" code="PROCESS" codeSystem="2.16.840.1.113883.1.11.20368"
                displayName="Process"/>
      </measureAttribute>
   </subjectOf>
   <subjectOf>
      <measureAttribute>
         <code code="STRAT" codeSystem="2.16.840.1.113883.5.4" displayName="Stratification"/>
         <value xsi:type="ED" mediaType="text/plain">None</value>
      </measureAttribute>
   </subjectOf>
   <subjectOf>
      <measureAttribute>
         <code code="MSRADJ" codeSystem="2.16.840.1.113883.5.4" displayName="Risk Adjustment"/>
         <value xsi:type="ED" mediaType="text/plain">None</value>
      </measureAttribute>
   </subjectOf>
   <subjectOf>
      <measureAttribute>
         <code code="MSRAGG" codeSystem="2.16.840.1.113883.5.4" displayName="Rate Aggregation"/>
         <value xsi:type="ED" mediaType="text/plain">None</value>
      </measureAttribute>
   </subjectOf>
   <subjectOf>
      <measureAttribute>
         <code code="RAT" codeSystem="2.16.840.1.113883.5.4" displayName="Rationale"/>
         <value xsi:type="ED" mediaType="text/plain">The effectiveness of antithrombotic agents in reducing stroke mortality, stroke- related morbidity and recurrence rates has been studied in several large clinical trials. While the use of these agents for patients with acute ischemic stroke and transient ischemic attacks continues to be the subject of study, substantial evidence is available from completed studies. Data at this time suggest that antithrombotic therapy should be prescribed at discharge following acute ischemic stroke to reduce stroke mortality and morbidity as long as no contraindications exist. For patients with a stroke due to a cardioembolic source (e.g., atrial fibrillation, mechanical heart valve), warfarin is recommended unless contraindicated. Warfarin is not generally recommended for secondary stroke prevention in patients presumed to have a non-cardioembolic stroke.
Anticoagulants at doses to prevent venous thromboembolism are insufficient antithrombotic therapy to prevent recurrent ischemic stroke or TIA.</value>
      </measureAttribute>
   </subjectOf>
   <subjectOf>
      <measureAttribute>
         <code code="CRS" codeSystem="2.16.840.1.113883.3.560"
               displayName="Clinical Recommendation Statement"/>
         <value xsi:type="ED" mediaType="text/plain">Clinical trial results suggest that antithrombotic therapy should be prescribed at discharge following acute ischemic stroke to reduce stroke mortality and morbidity as long as no contraindications exist.</value>
      </measureAttribute>
   </subjectOf>
   <subjectOf>
      <measureAttribute>
         <code code="IDUR" codeSystem="2.16.840.1.113883.3.560"
               displayName="Improvement Notation"/>
         <value xsi:type="ED" mediaType="text/plain">An increase in rate</value>
      </measureAttribute>
   </subjectOf>
   <subjectOf>
      <measureAttribute>
         <code nullFlavor="OTH">
            <originalText>NQF ID Number</originalText>
         </code>
         <value xsi:type="II" root="2.16.840.1.113883.3.560.1" extension="0435"/>
      </measureAttribute>
   </subjectOf>
   <subjectOf>
      <measureAttribute>
         <code code="DISC" codeSystem="2.16.840.1.113883.5.4" displayName="Disclaimer">
            <originalText>Disclaimer</originalText>
         </code>
         <value xsi:type="ED" mediaType="text/plain">These performance measures are not clinical guidelines and do not establish a standard of medical care, and have not been tested for all potential applications. The measures and specifications are provided without warranty.</value>
      </measureAttribute>
   </subjectOf>
   <subjectOf>
      <measureAttribute>
         <code nullFlavor="OTH">
            <originalText>eMeasure Identifier</originalText>
         </code>
         <value xsi:type="ED" mediaType="text/plain">104</value>
      </measureAttribute>
   </subjectOf>
   <subjectOf>
      <measureAttribute>
         <templateId root="2.16.840.1.113883.3.560.1.74"/>
         <id root="40280381-3d27-5493-013d-4dca4b996aeb"/>
         <code code="MSRTP" displayName="Measurement period"
               codeSystem="2.16.840.1.113883.3.560"/>
         <value xsi:type="IVL_TS">
            <low value="00000101"/>
            <high value="00001231"/>
         </value>
      </measureAttribute>
   </subjectOf>
   <subjectOf>
      <localVariableName>measureStartDate</localVariableName>
      <measureAttribute>
         <templateId root="2.16.840.1.113883.3.560.1.75"/>
         <id root="7bf9335a-9621-406b-98f7-c443deaaf3e8"/>
         <code code="MSRSD" displayName="Measurement start date"
               codeSystem="2.16.840.1.113883.3.560"/>
         <value xsi:type="TS" value="00000101"/>
      </measureAttribute>
   </subjectOf>
   <subjectOf>
      <localVariableName>measureEndDate</localVariableName>
      <measureAttribute>
         <templateId root="2.16.840.1.113883.3.560.1.75"/>
         <id root="eb9a3d79-ec41-42a8-82da-8eec7424f451"/>
         <code code="MSRED" displayName="Measurement end date"
               codeSystem="2.16.840.1.113883.3.560"/>
         <value xsi:type="TS" value="00001231"/>
      </measureAttribute>
   </subjectOf>
   <subjectOf>
      <measureAttribute>
         <code code="REF" codeSystem="2.16.840.1.113883.5.4" displayName="Reference"/>
         <value xsi:type="ED" mediaType="text/plain">Adams HP, del Zoppo G, Alberts MJ, Bhatt DL, Brass L, Furlan A, Grubb RL, Higashida RT, Jauch EC, Kidwell C, Lyden PD, Morgenstern LB, Qureshi AI, Rosenwasser RH, Scott PA, Wijdicks E. Guidelines for the Early Management of Adults with Ischemic Stroke: A Guideline From the American Heart Association/American Stroke Association Stroke Council, Clinical CardiologyCouncil, Cardiovascular Radiology and Intervention Council, and the Atherosclerotic Peripheral Vascular Disease and Quality of Care Outcomes in Research Interdisciplinary Working Groups. Stroke. 2007;38:1655-1711.</value>
      </measureAttribute>
   </subjectOf>
   <subjectOf>
      <measureAttribute>
         <code code="REF" codeSystem="2.16.840.1.113883.5.4" displayName="Reference"/>
         <value xsi:type="ED" mediaType="text/plain">Adams H, Adams R, Del Zoppo G, Goldstein LB. Guidelines for the Early Management of Patients With Ischemic Stroke: Guidelines Update A Scientific Statement From the Stroke Council of the American Heart Association/American Stroke Association. Stroke Vol. 36, 2005: 916:923.</value>
      </measureAttribute>
   </subjectOf>
   <subjectOf>
      <measureAttribute>
         <code code="REF" codeSystem="2.16.840.1.113883.5.4" displayName="Reference"/>
         <value xsi:type="ED" mediaType="text/plain">Albers GW, Amarenco P, Easton JD, Sacco RL, Teal P. Antithrombotic and Thrombolytic Therapy for Ischemic Stroke. Chest Vol. 119, 2001: 300-320.</value>
      </measureAttribute>
   </subjectOf>
   <subjectOf>
      <measureAttribute>
         <code code="REF" codeSystem="2.16.840.1.113883.5.4" displayName="Reference"/>
         <value xsi:type="ED" mediaType="text/plain">Brott TG, Clark WM, Grotta JC, et al. Stroke the first hours. Guidelines for acute treatment. Consensus Statement. National Stroke Association. 2000.</value>
      </measureAttribute>
   </subjectOf>
   <subjectOf>
      <measureAttribute>
         <code code="REF" codeSystem="2.16.840.1.113883.5.4" displayName="Reference"/>
         <value xsi:type="ED" mediaType="text/plain">Chen ZM, Sandercock P, Pan HC, et al. Indications for early aspirin use in acute ischemic stroke: a combined analysis of 40,000 randomized patients from the Chinese acute stroke trial and the international stroke trial. On behalf of the CAST and IST collaborative groups, Stroke 2000;31:1240-1249.</value>
      </measureAttribute>
   </subjectOf>
   <subjectOf>
      <measureAttribute>
         <code code="REF" codeSystem="2.16.840.1.113883.5.4" displayName="Reference"/>
         <value xsi:type="ED" mediaType="text/plain">Coull BM, Williams LS, Goldstein LB, et al. Anticoagulants and Antiplatelet Agents in Acute Ischemic Stroke. Report of the Joint Stroke Guideline Development Committee of the American Academy of Neurology and the American Stroke Association (a Division of the American Heart Association) Stroke. 2002;33:1934 - 1942.</value>
      </measureAttribute>
   </subjectOf>
   <subjectOf>
      <measureAttribute>
         <code code="REF" codeSystem="2.16.840.1.113883.5.4" displayName="Reference"/>
         <value xsi:type="ED" mediaType="text/plain">Guideline on the Use of Aspirin as Secondary Prophylaxis for Vascular Disease in Primary Care, Centre for Health Services Research University of Newcastle upon Tyne, &amp; Centre for Health Economics of York, 1998.</value>
      </measureAttribute>
   </subjectOf>
   <subjectOf>
      <measureAttribute>
         <code code="REF" codeSystem="2.16.840.1.113883.5.4" displayName="Reference"/>
         <value xsi:type="ED" mediaType="text/plain">Sacco RL, Adams R, Albers G, Alberts MJ, Benavente O, Furie K, Goldstein LB, Gorelick P, Halperin J, Harbaugh R, Johnston SC, Katzan I, Kelly-Hayes M, Kenton EJ, Marks M, Schwamm LH, Tomsick T. Guidelines for Prevention of Stroke in Patients With Ischemic Stroke or Transient Ischemic Attack: A Statement for Healthcare Professionals From the American Heart Association/American Stroke Association Council on Stroke: Co-Sponsored by the Council on Cardiovascular Radiology and Intervention. Stroke. Vol. 37, 2006:577.</value>
      </measureAttribute>
   </subjectOf>
   <subjectOf>
      <measureAttribute>
         <code code="DEF" codeSystem="2.16.840.1.113883.3.560" displayName="Definition"/>
         <value xsi:type="ED" mediaType="text/plain">None</value>
      </measureAttribute>
   </subjectOf>
   <subjectOf>
      <measureAttribute>
         <code code="GUIDE" codeSystem="2.16.840.1.113883.5.4" displayName="Guidance"/>
         <value xsi:type="ED" mediaType="text/plain">The unit of measurement for this measure is an inpatient episode of care. Each distinct hospitalization should be reported, regardless of whether the same patient is admitted for inpatient care more than once during the measurement period. In addition, the eMeasure logic intends to represent events within or surrounding a single occurrence of an inpatient hospitalization.

The “Non-elective Inpatient Encounter” value set intends to capture all non-scheduled hospitalizations. This value set is a subset of the “Inpatient encounter” value set, excluding concepts that specifically refer to elective hospital admissions. Non-elective admissions include emergency, urgent and unplanned admissions, including patients admitted for observation.</value>
      </measureAttribute>
   </subjectOf>
   <subjectOf>
      <measureAttribute>
         <code nullFlavor="OTH">
            <originalText>Transmission Format</originalText>
         </code>
         <value xsi:type="ED" mediaType="text/plain">None</value>
      </measureAttribute>
   </subjectOf>
   <subjectOf>
      <measureAttribute>
         <code code="IPP" codeSystem="2.16.840.1.113883.5.1063">
            <originalText>Initial Patient Population</originalText>
         </code>
         <value xsi:type="ED" mediaType="text/plain">Patients age 18 and older discharged from inpatient care (non-elective admissions) with a principal diagnosis of ischemic or hemorrhagic stroke and a length of stay less or equal to 120 days.</value>
      </measureAttribute>
   </subjectOf>
   <subjectOf>
      <measureAttribute>
         <code code="DENOM" codeSystem="2.16.840.1.113883.5.1063">
            <originalText>Denominator</originalText>
         </code>
         <value xsi:type="ED" mediaType="text/plain">Patients with a principal diagnosis of Ischemic stroke.</value>
      </measureAttribute>
   </subjectOf>
   <subjectOf>
      <measureAttribute>
         <code nullFlavor="OTH">
            <originalText>Denominator Exclusions</originalText>
         </code>
         <value xsi:type="ED" mediaType="text/plain">Patients with comfort measures documented.
Patients admitted for elective carotid intervention. This exclusion is implicitly modeled by only including non-elective hospitalizations.
Patients discharged to another hospital
Patients who left against medical advice
Patients who expired
Patients discharged to home for hospice care
Patients discharged to a health care facility for hospice care</value>
      </measureAttribute>
   </subjectOf>
   <subjectOf>
      <measureAttribute>
         <code code="NUMER" codeSystem="2.16.840.1.113883.5.1063">
            <originalText>Numerator</originalText>
         </code>
         <value xsi:type="ED" mediaType="text/plain">Patients prescribed antithrombotic therapy at hospital discharge.</value>
      </measureAttribute>
   </subjectOf>
   <subjectOf>
      <measureAttribute>
         <code nullFlavor="OTH">
            <originalText>Numerator Exclusions</originalText>
         </code>
         <value xsi:type="ED" mediaType="text/plain">Not Applicable</value>
      </measureAttribute>
   </subjectOf>
   <subjectOf>
      <measureAttribute>
         <code code="DENEXCEP" codeSystem="2.16.840.1.113883.5.1063">
            <originalText>Denominator Exceptions</originalText>
         </code>
         <value xsi:type="ED" mediaType="text/plain">Patients with a documented reason for not prescribing antithrombotic therapy at discharge.</value>
      </measureAttribute>
   </subjectOf>
   <subjectOf>
      <measureAttribute>
         <code code="MSRPOPL" codeSystem="2.16.840.1.113883.5.1063">
            <originalText>Measure Population</originalText>
         </code>
         <value xsi:type="ED" mediaType="text/plain">Not Applicable</value>
      </measureAttribute>
   </subjectOf>
   <subjectOf>
      <measureAttribute>
         <code nullFlavor="OTH">
            <originalText>Measure Observations</originalText>
         </code>
         <value xsi:type="ED" mediaType="text/plain">Not Applicable</value>
      </measureAttribute>
   </subjectOf>
   <subjectOf>
      <measureAttribute>
         <code nullFlavor="OTH">
            <originalText>Supplemental Data Elements</originalText>
         </code>
         <value xsi:type="ED" mediaType="text/plain">For every patient evaluated by this measure also identify payer, race, ethnicity, and sex.</value>
      </measureAttribute>
   </subjectOf>
   <componentOf>
      <qualityMeasureSet classCode="ACT">
         <id root="99c6b234-2b86-485a-bba0-638f9df07a5b"/>
         <title>eMeasure Stroke (eSTK)</title>
      </qualityMeasureSet>
   </componentOf>
         
            <!--
                **************************************************************   
                Population Criteria Section
                **************************************************************
            --><component typeCode="COMP">
      <section>
         <code code="57026-7" codeSystem="2.16.840.1.113883.6.1"
               displayName="Population criteria"/>
         <title>Population criteria</title>
         <text>
            <list>
               <item>
                  <content styleCode="Bold">Initial Patient Population =</content>
                  <list>
                     <item>AND: "Patient Characteristic Birthdate: birth date"  &gt;= 18 year(s) starts before start of "Occurrence A of Encounter, Performed: Non-Elective Inpatient Encounter"</item>
                     <item>AND: "Occurrence A of Encounter, Performed: Non-Elective Inpatient Encounter (length of stay &lt;= 120 day(s))"</item>
                     <item>AND: "Occurrence A of Encounter, Performed: Non-Elective Inpatient Encounter" ends during "Measurement Period"</item>
                     <item>AND: <list>
                           <item>OR: "Diagnosis, Active: Hemorrhagic Stroke (ordinality: 'Principal')"</item>
                           <item>OR: "Diagnosis, Active: Ischemic Stroke (ordinality: 'Principal')"</item>
                           <item> starts during "Occurrence A of Encounter, Performed: Non-Elective Inpatient Encounter"</item>
                        </list>
                     </item>
                  </list>
               </item>
               <item>
                  <content styleCode="Bold">Denominator =</content>
                  <list>
                     <item>AND: "Initial Patient Population"</item>
                     <item>AND: "Diagnosis, Active: Ischemic Stroke (ordinality: 'Principal')" starts during "Occurrence A of Encounter, Performed: Non-Elective Inpatient Encounter"</item>
                  </list>
               </item>
               <item>
                  <content styleCode="Bold">Denominator Exclusions =</content>
                  <list>
                     <item>AND: <list>
                           <item>OR: <list>
                                 <item>AND: "Occurrence A of Encounter, Performed: Emergency Department Visit"  &lt;= 1 hour(s) ends before start of "Occurrence A of Encounter, Performed: Non-Elective Inpatient Encounter"</item>
                                 <item>AND: <list>
                                       <item>OR: "Intervention, Order: Comfort Measures"</item>
                                       <item>OR: "Intervention, Performed: Comfort Measures"</item>
                                       <item> starts during "Occurrence A of Encounter, Performed: Emergency Department Visit"</item>
                                    </list>
                                 </item>
                              </list>
                           </item>
                           <item>OR: <list>
                                 <item>OR: "Intervention, Order: Comfort Measures"</item>
                                 <item>OR: "Intervention, Performed: Comfort Measures"</item>
                                 <item> starts during "Occurrence A of Encounter, Performed: Non-Elective Inpatient Encounter"</item>
                              </list>
                           </item>
                           <item>OR: "Occurrence A of Encounter, Performed: Non-Elective Inpatient Encounter (discharge status: 'Discharge To Another Hospital')"</item>
                           <item>OR: "Occurrence A of Encounter, Performed: Non-Elective Inpatient Encounter (discharge status: 'Left Against Medical Advice')"</item>
                           <item>OR: "Occurrence A of Encounter, Performed: Non-Elective Inpatient Encounter (discharge status: 'Discharged to Home for Hospice Care')"</item>
                           <item>OR: "Occurrence A of Encounter, Performed: Non-Elective Inpatient Encounter (discharge status: 'Patient Expired')"</item>
                           <item>OR: "Occurrence A of Encounter, Performed: Non-Elective Inpatient Encounter (discharge status: 'Discharged to Health Care Facility for Hospice Care')"</item>
                        </list>
                     </item>
                  </list>
               </item>
               <item>
                  <content styleCode="Bold">Numerator =</content>
                  <list>
                     <item>AND: "Medication, Discharge: Antithrombotic Therapy" starts during "Occurrence A of Encounter, Performed: Non-Elective Inpatient Encounter"</item>
                  </list>
               </item>
               <item>
                  <content styleCode="Bold">Denominator Exceptions =</content>
                  <list>
                     <item>AND: <list>
                           <item>OR: "Medication, Discharge not done: Medical Reason" for "Antithrombotic ingredient specific "</item>
                           <item>OR: "Medication, Discharge not done: Patient Refusal" for "Antithrombotic ingredient specific "</item>
                           <item> starts during "Occurrence A of Encounter, Performed: Non-Elective Inpatient Encounter"</item>
                        </list>
                     </item>
                  </list>
               </item>
            </list>
         </text>
         <!--
            **************************************************************   
            Population Criteria Section: initialPatientPopulation 
            **************************************************************
      --><entry typeCode="DRIV">
            <observation classCode="OBS" moodCode="EVN" isCriterionInd="true">
               <id root="DAEF7A6B-C5C9-4773-8B0E-62E6A3E3CB15"/>
               <code code="ASSERTION" codeSystem="2.16.840.1.113883.5.4"/>
               <value xsi:type="CD" code="IPP" codeSystem="2.16.840.1.113883.5.1063"
                      codeSystemName="HL7 Observation Value"
                      displayName="Initial Patient Population"/>
               <sourceOf typeCode="PRCN">
                  <conjunctionCode code="AND"/>
                  <act classCode="ACT" moodCode="EVN" isCriterionInd="true"><!-- Patient Characteristic Birthdate pattern --><templateId root="2.16.840.1.113883.3.560.1.400"/>
                     <id root="40280381-3d27-5493-013d-4dca4b986ae9"/>
                     <code code="45970-1" displayName="Demographics" codeSystem="2.16.840.1.113883.6.1"/>
                     <sourceOf typeCode="COMP">
                        <observation classCode="OBS" moodCode="EVN" isCriterionInd="true">
                           <code code="21112-8" codeSystem="2.16.840.1.113883.6.1" displayName="Birth date"/>
                           <title>Patient Characteristic Birthdate: birth date</title>
                           <value xsi:type="CD" code="2.16.840.1.113883.3.560.100.4"
                                  codeSystem="2.16.840.1.113883.3.560.101.1"
                                  displayName="birth date LOINC Value Set"/>
                           <sourceOf typeCode="SBS">
                              <pauseQuantity xsi:type="IVL_PQ">
                                 <low inclusive="true" value="18" unit="a"/>
                              </pauseQuantity>
                              <observation classCode="OBS" moodCode="EVN" isCriterionInd="true">
                                 <id root="40280381-3d61-56a7-013d-7f1466b6554b"/>
                                 <title>Occurrence A of Encounter, Performed: Non-Elective Inpatient Encounter</title>
                              </observation>
                           </sourceOf>
                        </observation>
                     </sourceOf>
                  </act>
               </sourceOf>
               <sourceOf typeCode="PRCN">
                  <conjunctionCode code="AND"/>
                  <act classCode="ACT" moodCode="EVN" isCriterionInd="true"><!-- Encounter, Performed pattern --><templateId root="2.16.840.1.113883.3.560.1.79"/>
                     <id root="40280381-3d61-56a7-013d-7f1466b6554b"/>
                     <code code="46240-8" codeSystem="2.16.840.1.113883.6.1" displayName="Encounter list"/>
                     <sourceOf typeCode="COMP">
                        <encounter classCode="ENC" moodCode="EVN" isCriterionInd="true">
                           <code code="2.16.840.1.113883.3.117.1.7.1.424"
                                 displayName="Non-Elective Inpatient Encounter SNOMEDCT Value Set"
                                 codeSystem="2.16.840.1.113883.3.560.101.1"/>
                           <title>Occurrence A of Encounter, Performed: Non-Elective Inpatient Encounter (length of stay &lt;= 120  day(s))</title>
                           <statusCode code="completed"/>
                           <sourceOf typeCode="SUBJ">
                              <observation classCode="OBS" moodCode="EVN" isCriterionInd="true">
                                 <templateId root="2.16.840.1.113883.3.560.1.1029.3"/>
                                 <code code="183797002" codeSystem="2.16.840.1.113883.6.96"
                                       displayName="length of stay"
                                       codeSystemName="SNOMED-CT"/>
                                 <value xsi:type="IVL_PQ">
                                    <high value="120" unit="d" inclusive="true"/>
                                 </value>
                              </observation>
                           </sourceOf>
                        </encounter>
                     </sourceOf>
                  </act>
               </sourceOf>
               <sourceOf typeCode="PRCN">
                  <conjunctionCode code="AND"/>
                  <act classCode="ACT" moodCode="EVN" isCriterionInd="true"><!-- Encounter, Performed pattern --><templateId root="2.16.840.1.113883.3.560.1.79"/>
                     <id root="40280381-3d61-56a7-013d-7f1466b6554b"/>
                     <code code="46240-8" codeSystem="2.16.840.1.113883.6.1" displayName="Encounter list"/>
                     <sourceOf typeCode="COMP">
                        <encounter classCode="ENC" moodCode="EVN" isCriterionInd="true">
                           <code code="2.16.840.1.113883.3.117.1.7.1.424"
                                 displayName="Non-Elective Inpatient Encounter SNOMEDCT Value Set"
                                 codeSystem="2.16.840.1.113883.3.560.101.1"/>
                           <title>Occurrence A of Encounter, Performed: Non-Elective Inpatient Encounter</title>
                           <statusCode code="completed"/>
                           <sourceOf typeCode="EDU">
                              <observation classCode="OBS" moodCode="EVN" isCriterionInd="true">
                                 <id root="40280381-3d27-5493-013d-4dca4b996aeb"/>
                                 <title>Measurement Period</title>
                              </observation>
                           </sourceOf>
                        </encounter>
                     </sourceOf>
                  </act>
               </sourceOf>
               <sourceOf typeCode="PRCN">
                  <conjunctionCode code="AND"/>
                  <act classCode="ACT" moodCode="EVN" isCriterionInd="true">
                     <sourceOf typeCode="PRCN">
                        <conjunctionCode code="OR"/>
                        <act classCode="ACT" moodCode="EVN" isCriterionInd="true"><!-- Diagnosis, Active pattern --><templateId root="2.16.840.1.113883.3.560.1.2"/>
                           <id root="40280381-3d27-5493-013d-4dca4b996aed"/>
                           <code code="11450-4" displayName="Problem" codeSystem="2.16.840.1.113883.6.1"/>
                           <sourceOf typeCode="COMP">
                              <observation classCode="OBS" moodCode="EVN" isCriterionInd="true">
                                 <code code="55607006" codeSystem="2.16.840.1.113883.6.96" displayName="Problem"/>
                                 <title>Diagnosis, Active: Hemorrhagic Stroke (ordinality: 'Principal')</title>
                                 <value xsi:type="CD" code="2.16.840.1.113883.3.117.1.7.1.212"
                                        displayName="Hemorrhagic Stroke Grouping Value Set"/>
                                 <sourceOf typeCode="REFR">
                                    <observation classCode="OBS" moodCode="EVN" isCriterionInd="true">
                                       <code code="33999-4" codeSystem="2.16.840.1.113883.6.1" displayName="Status"/>
                                       <value xsi:type="CD" code="55561003" displayName="active"
                                              codeSystem="2.16.840.1.113883.6.96"/>
                                    </observation>
                                 </sourceOf>
                                 <sourceOf typeCode="SUBJ">
                                    <observation classCode="OBS" moodCode="EVN" isCriterionInd="true">
                                       <templateId root="2.16.840.1.113883.3.560.1.1012.2"/>
                                       <code code="117363000" codeSystem="2.16.840.1.113883.6.96" displayName="ordinality"
                                             codeSystemName="SNOMED-CT"/>
                                       <value xsi:type="CD" code="2.16.840.1.113883.3.117.1.7.1.14"
                                              codeSystem="2.16.840.1.113883.3.560.101.1"
                                              displayName="ordinality"/>
                                    </observation>
                                 </sourceOf>
                              </observation>
                           </sourceOf>
                        </act>
                     </sourceOf>
                     <sourceOf typeCode="PRCN">
                        <conjunctionCode code="OR"/>
                        <act classCode="ACT" moodCode="EVN" isCriterionInd="true"><!-- Diagnosis, Active pattern --><templateId root="2.16.840.1.113883.3.560.1.2"/>
                           <id root="40280381-3d27-5493-013d-4dca4b996af9"/>
                           <code code="11450-4" displayName="Problem" codeSystem="2.16.840.1.113883.6.1"/>
                           <sourceOf typeCode="COMP">
                              <observation classCode="OBS" moodCode="EVN" isCriterionInd="true">
                                 <code code="55607006" codeSystem="2.16.840.1.113883.6.96" displayName="Problem"/>
                                 <title>Diagnosis, Active: Ischemic Stroke (ordinality: 'Principal')</title>
                                 <value xsi:type="CD" code="2.16.840.1.113883.3.117.1.7.1.247"
                                        displayName="Ischemic Stroke Grouping Value Set"/>
                                 <sourceOf typeCode="REFR">
                                    <observation classCode="OBS" moodCode="EVN" isCriterionInd="true">
                                       <code code="33999-4" codeSystem="2.16.840.1.113883.6.1" displayName="Status"/>
                                       <value xsi:type="CD" code="55561003" displayName="active"
                                              codeSystem="2.16.840.1.113883.6.96"/>
                                    </observation>
                                 </sourceOf>
                                 <sourceOf typeCode="SUBJ">
                                    <observation classCode="OBS" moodCode="EVN" isCriterionInd="true">
                                       <templateId root="2.16.840.1.113883.3.560.1.1012.2"/>
                                       <code code="117363000" codeSystem="2.16.840.1.113883.6.96" displayName="ordinality"
                                             codeSystemName="SNOMED-CT"/>
                                       <value xsi:type="CD" code="2.16.840.1.113883.3.117.1.7.1.14"
                                              codeSystem="2.16.840.1.113883.3.560.101.1"
                                              displayName="ordinality"/>
                                    </observation>
                                 </sourceOf>
                              </observation>
                           </sourceOf>
                        </act>
                     </sourceOf>
                     <sourceOf typeCode="SDU">
                        <act classCode="ACT" moodCode="EVN" isCriterionInd="true"><!-- Encounter, Performed pattern --><templateId root="2.16.840.1.113883.3.560.1.79"/>
                           <id root="40280381-3d61-56a7-013d-7f1466b6554b"/>
                           <code code="46240-8" codeSystem="2.16.840.1.113883.6.1" displayName="Encounter list"/>
                           <sourceOf typeCode="COMP">
                              <encounter classCode="ENC" moodCode="EVN" isCriterionInd="true">
                                 <code code="2.16.840.1.113883.3.117.1.7.1.424"
                                       displayName="Non-Elective Inpatient Encounter SNOMEDCT Value Set"
                                       codeSystem="2.16.840.1.113883.3.560.101.1"/>
                                 <title>Occurrence A of Encounter, Performed: Non-Elective Inpatient Encounter</title>
                                 <statusCode code="completed"/>
                              </encounter>
                           </sourceOf>
                        </act>
                     </sourceOf>
                  </act>
               </sourceOf>
            </observation>
         </entry>
         <!--
            **************************************************************   
            Population Criteria Section: denominator 
            **************************************************************
      --><entry typeCode="DRIV">
            <observation classCode="OBS" moodCode="EVN" isCriterionInd="true">
               <id root="DACE854B-75F1-4894-9E72-61D68545F43A"/>
               <code code="ASSERTION" codeSystem="2.16.840.1.113883.5.4"/>
               <value xsi:type="CD" code="DENOM" codeSystem="2.16.840.1.113883.5.1063"
                      codeSystemName="HL7 Observation Value"
                      displayName="Denominator"/>
               <!--  top and/or --><sourceOf typeCode="PRCN">
                  <conjunctionCode code="AND"/>
                  <observation classCode="OBS" moodCode="EVN" isCriterionInd="true">
                     <id root="DAEF7A6B-C5C9-4773-8B0E-62E6A3E3CB15"/>
                     <title>Initial Patient Population </title>
                  </observation>
               </sourceOf>
               <sourceOf typeCode="PRCN">
                  <conjunctionCode code="AND"/>
                  <act classCode="ACT" moodCode="EVN" isCriterionInd="true"><!-- Diagnosis, Active pattern --><templateId root="2.16.840.1.113883.3.560.1.2"/>
                     <id root="40280381-3d27-5493-013d-4dca4b996af9"/>
                     <code code="11450-4" displayName="Problem" codeSystem="2.16.840.1.113883.6.1"/>
                     <sourceOf typeCode="COMP">
                        <observation classCode="OBS" moodCode="EVN" isCriterionInd="true">
                           <code code="55607006" codeSystem="2.16.840.1.113883.6.96" displayName="Problem"/>
                           <title>Diagnosis, Active: Ischemic Stroke (ordinality: 'Principal')</title>
                           <value xsi:type="CD" code="2.16.840.1.113883.3.117.1.7.1.247"
                                  displayName="Ischemic Stroke Grouping Value Set"/>
                           <sourceOf typeCode="REFR">
                              <observation classCode="OBS" moodCode="EVN" isCriterionInd="true">
                                 <code code="33999-4" codeSystem="2.16.840.1.113883.6.1" displayName="Status"/>
                                 <value xsi:type="CD" code="55561003" displayName="active"
                                        codeSystem="2.16.840.1.113883.6.96"/>
                              </observation>
                           </sourceOf>
                           <sourceOf typeCode="SUBJ">
                              <observation classCode="OBS" moodCode="EVN" isCriterionInd="true">
                                 <templateId root="2.16.840.1.113883.3.560.1.1012.2"/>
                                 <code code="117363000" codeSystem="2.16.840.1.113883.6.96" displayName="ordinality"
                                       codeSystemName="SNOMED-CT"/>
                                 <value xsi:type="CD" code="2.16.840.1.113883.3.117.1.7.1.14"
                                        codeSystem="2.16.840.1.113883.3.560.101.1"
                                        displayName="ordinality"/>
                              </observation>
                           </sourceOf>
                           <sourceOf typeCode="SDU">
                              <observation classCode="OBS" moodCode="EVN" isCriterionInd="true">
                                 <id root="40280381-3d61-56a7-013d-7f1466b6554b"/>
                                 <title>Occurrence A of Encounter, Performed: Non-Elective Inpatient Encounter</title>
                              </observation>
                           </sourceOf>
                        </observation>
                     </sourceOf>
                  </act>
               </sourceOf>
            </observation>
         </entry>
         <!--
            **************************************************************   
            Population Criteria Section: denominatorExclusions 
            **************************************************************
      --><entry typeCode="DRIV">
            <observation classCode="OBS" moodCode="EVN" isCriterionInd="true" actionNegationInd="true">
               <id root="b29970dd-f4b8-4342-9940-0aaa681e56d6"/>
               <code code="ASSERTION" codeSystem="2.16.840.1.113883.5.4"/>
               <value xsi:type="CD" code="DENOM" codeSystem="2.16.840.1.113883.5.1063"
                      codeSystemName="HL7 Observation Value"
                      displayName="Denominator"/>
               <!--  top and/or --><sourceOf typeCode="PRCN">
                  <conjunctionCode code="AND"/>
                  <observation classCode="OBS" moodCode="EVN" isCriterionInd="true">
                     <id root="DAEF7A6B-C5C9-4773-8B0E-62E6A3E3CB15"/>
                     <title>Initial Patient Population </title>
                  </observation>
               </sourceOf>
               <sourceOf typeCode="PRCN">
                  <conjunctionCode code="AND"/>
                  <act classCode="ACT" moodCode="EVN" isCriterionInd="true">
                     <sourceOf typeCode="PRCN">
                        <conjunctionCode code="OR"/>
                        <act classCode="ACT" moodCode="EVN" isCriterionInd="true">
                           <sourceOf typeCode="PRCN">
                              <conjunctionCode code="AND"/>
                              <act classCode="ACT" moodCode="EVN" isCriterionInd="true"><!-- Encounter, Performed pattern --><templateId root="2.16.840.1.113883.3.560.1.79"/>
                                 <id root="40280381-3d27-5493-013d-4dca4b996b0a"/>
                                 <code code="46240-8" codeSystem="2.16.840.1.113883.6.1" displayName="Encounter list"/>
                                 <sourceOf typeCode="COMP">
                                    <encounter classCode="ENC" moodCode="EVN" isCriterionInd="true">
                                       <code code="2.16.840.1.113883.3.117.1.7.1.292"
                                             displayName="Emergency Department Visit SNOMEDCT Value Set"
                                             codeSystem="2.16.840.1.113883.3.560.101.1"/>
                                       <title>Occurrence A of Encounter, Performed: Emergency Department Visit</title>
                                       <statusCode code="completed"/>
                                       <sourceOf typeCode="EBS">
                                          <pauseQuantity xsi:type="IVL_PQ">
                                             <high inclusive="true" value="1" unit="h"/>
                                          </pauseQuantity>
                                          <observation classCode="OBS" moodCode="EVN" isCriterionInd="true">
                                             <id root="40280381-3d61-56a7-013d-7f1466b6554b"/>
                                             <title>Occurrence A of Encounter, Performed: Non-Elective Inpatient Encounter</title>
                                          </observation>
                                       </sourceOf>
                                    </encounter>
                                 </sourceOf>
                              </act>
                           </sourceOf>
                           <sourceOf typeCode="PRCN">
                              <conjunctionCode code="AND"/>
                              <act classCode="ACT" moodCode="EVN" isCriterionInd="true">
                                 <sourceOf typeCode="PRCN">
                                    <conjunctionCode code="OR"/>
                                    <act classCode="ACT" moodCode="EVN" isCriterionInd="true"><!-- Intervention, Order pattern --><templateId root="2.16.840.1.113883.3.560.1.45"/>
                                       <id root="5d155dc6-ca9c-471c-89b6-979128f685d9"/>
                                       <code code="18776-5" displayName="Plan of care" codeSystem="2.16.840.1.113883.6.1"/>
                                       <sourceOf typeCode="COMP">
                                          <procedure classCode="PROC" moodCode="RQO" isCriterionInd="true">
                                             <code code="1.3.6.1.4.1.33895.1.3.0.45"
                                                   displayName="Comfort Measures  SNOMEDCT Value Set"
                                                   codeSystem="2.16.840.1.113883.3.560.101.1"/>
                                             <title>Intervention, Order: Comfort Measures </title>
                                          </procedure>
                                       </sourceOf>
                                    </act>
                                 </sourceOf>
                                 <sourceOf typeCode="PRCN">
                                    <conjunctionCode code="OR"/>
                                    <act classCode="ACT" moodCode="EVN" isCriterionInd="true"><!-- Intervention, Performed pattern --><templateId root="2.16.840.1.113883.3.560.1.46"/>
                                       <id root="59f1730e-0898-4660-a67e-47d423133853"/>
                                       <code code="47519-4" displayName="Procedures" codeSystem="2.16.840.1.113883.6.1"/>
                                       <sourceOf typeCode="COMP">
                                          <procedure classCode="PROC" moodCode="EVN" isCriterionInd="true">
                                             <code code="1.3.6.1.4.1.33895.1.3.0.45"
                                                   displayName="Comfort Measures  SNOMEDCT Value Set"
                                                   codeSystem="2.16.840.1.113883.3.560.101.1"/>
                                             <title>Intervention, Performed: Comfort Measures </title>
                                             <statusCode code="completed"/>
                                          </procedure>
                                       </sourceOf>
                                    </act>
                                 </sourceOf>
                                 <sourceOf typeCode="SDU">
                                    <act classCode="ACT" moodCode="EVN" isCriterionInd="true"><!-- Encounter, Performed pattern --><templateId root="2.16.840.1.113883.3.560.1.79"/>
                                       <id root="40280381-3d27-5493-013d-4dca4b996b0a"/>
                                       <code code="46240-8" codeSystem="2.16.840.1.113883.6.1" displayName="Encounter list"/>
                                       <sourceOf typeCode="COMP">
                                          <encounter classCode="ENC" moodCode="EVN" isCriterionInd="true">
                                             <code code="2.16.840.1.113883.3.117.1.7.1.292"
                                                   displayName="Emergency Department Visit SNOMEDCT Value Set"
                                                   codeSystem="2.16.840.1.113883.3.560.101.1"/>
                                             <title>Occurrence A of Encounter, Performed: Emergency Department Visit</title>
                                             <statusCode code="completed"/>
                                          </encounter>
                                       </sourceOf>
                                    </act>
                                 </sourceOf>
                              </act>
                           </sourceOf>
                        </act>
                     </sourceOf>
                     <sourceOf typeCode="PRCN">
                        <conjunctionCode code="OR"/>
                        <act classCode="ACT" moodCode="EVN" isCriterionInd="true">
                           <sourceOf typeCode="PRCN">
                              <conjunctionCode code="OR"/>
                              <act classCode="ACT" moodCode="EVN" isCriterionInd="true"><!-- Intervention, Order pattern --><templateId root="2.16.840.1.113883.3.560.1.45"/>
                                 <id root="5d155dc6-ca9c-471c-89b6-979128f685d9"/>
                                 <code code="18776-5" displayName="Plan of care" codeSystem="2.16.840.1.113883.6.1"/>
                                 <sourceOf typeCode="COMP">
                                    <procedure classCode="PROC" moodCode="RQO" isCriterionInd="true">
                                       <code code="1.3.6.1.4.1.33895.1.3.0.45"
                                             displayName="Comfort Measures  SNOMEDCT Value Set"
                                             codeSystem="2.16.840.1.113883.3.560.101.1"/>
                                       <title>Intervention, Order: Comfort Measures </title>
                                    </procedure>
                                 </sourceOf>
                              </act>
                           </sourceOf>
                           <sourceOf typeCode="PRCN">
                              <conjunctionCode code="OR"/>
                              <act classCode="ACT" moodCode="EVN" isCriterionInd="true"><!-- Intervention, Performed pattern --><templateId root="2.16.840.1.113883.3.560.1.46"/>
                                 <id root="59f1730e-0898-4660-a67e-47d423133853"/>
                                 <code code="47519-4" displayName="Procedures" codeSystem="2.16.840.1.113883.6.1"/>
                                 <sourceOf typeCode="COMP">
                                    <procedure classCode="PROC" moodCode="EVN" isCriterionInd="true">
                                       <code code="1.3.6.1.4.1.33895.1.3.0.45"
                                             displayName="Comfort Measures  SNOMEDCT Value Set"
                                             codeSystem="2.16.840.1.113883.3.560.101.1"/>
                                       <title>Intervention, Performed: Comfort Measures </title>
                                       <statusCode code="completed"/>
                                    </procedure>
                                 </sourceOf>
                              </act>
                           </sourceOf>
                           <sourceOf typeCode="SDU">
                              <act classCode="ACT" moodCode="EVN" isCriterionInd="true"><!-- Encounter, Performed pattern --><templateId root="2.16.840.1.113883.3.560.1.79"/>
                                 <id root="40280381-3d61-56a7-013d-7f1466b6554b"/>
                                 <code code="46240-8" codeSystem="2.16.840.1.113883.6.1" displayName="Encounter list"/>
                                 <sourceOf typeCode="COMP">
                                    <encounter classCode="ENC" moodCode="EVN" isCriterionInd="true">
                                       <code code="2.16.840.1.113883.3.117.1.7.1.424"
                                             displayName="Non-Elective Inpatient Encounter SNOMEDCT Value Set"
                                             codeSystem="2.16.840.1.113883.3.560.101.1"/>
                                       <title>Occurrence A of Encounter, Performed: Non-Elective Inpatient Encounter</title>
                                       <statusCode code="completed"/>
                                    </encounter>
                                 </sourceOf>
                              </act>
                           </sourceOf>
                        </act>
                     </sourceOf>
                     <sourceOf typeCode="PRCN">
                        <conjunctionCode code="OR"/>
                        <act classCode="ACT" moodCode="EVN" isCriterionInd="true"><!-- Encounter, Performed pattern --><templateId root="2.16.840.1.113883.3.560.1.79"/>
                           <id root="40280381-3d61-56a7-013d-7f1466b6554b"/>
                           <code code="46240-8" codeSystem="2.16.840.1.113883.6.1" displayName="Encounter list"/>
                           <sourceOf typeCode="COMP">
                              <encounter classCode="ENC" moodCode="EVN" isCriterionInd="true">
                                 <code code="2.16.840.1.113883.3.117.1.7.1.424"
                                       displayName="Non-Elective Inpatient Encounter SNOMEDCT Value Set"
                                       codeSystem="2.16.840.1.113883.3.560.101.1"/>
                                 <title>Occurrence A of Encounter, Performed: Non-Elective Inpatient Encounter (discharge status: 'Discharge To Another Hospital')</title>
                                 <statusCode code="completed"/>
                                 <sourceOf typeCode="REFR">
                                    <observation classCode="OBS" moodCode="EVN" isCriterionInd="true">
                                       <templateId root="2.16.840.1.113883.3.560.1.1003.2"/>
                                       <code code="309039003" codeSystem="2.16.840.1.113883.6.96"
                                             displayName="discharge status"
                                             codeSystemName="SNOMED-CT"/>
                                       <value xsi:type="CD" code="2.16.840.1.113883.3.117.1.7.1.87"
                                              codeSystem="2.16.840.1.113883.3.560.101.1"
                                              displayName="discharge status"/>
                                    </observation>
                                 </sourceOf>
                              </encounter>
                           </sourceOf>
                        </act>
                     </sourceOf>
                     <sourceOf typeCode="PRCN">
                        <conjunctionCode code="OR"/>
                        <act classCode="ACT" moodCode="EVN" isCriterionInd="true"><!-- Encounter, Performed pattern --><templateId root="2.16.840.1.113883.3.560.1.79"/>
                           <id root="40280381-3d61-56a7-013d-7f1466b6554b"/>
                           <code code="46240-8" codeSystem="2.16.840.1.113883.6.1" displayName="Encounter list"/>
                           <sourceOf typeCode="COMP">
                              <encounter classCode="ENC" moodCode="EVN" isCriterionInd="true">
                                 <code code="2.16.840.1.113883.3.117.1.7.1.424"
                                       displayName="Non-Elective Inpatient Encounter SNOMEDCT Value Set"
                                       codeSystem="2.16.840.1.113883.3.560.101.1"/>
                                 <title>Occurrence A of Encounter, Performed: Non-Elective Inpatient Encounter (discharge status: 'Left Against Medical Advice')</title>
                                 <statusCode code="completed"/>
                                 <sourceOf typeCode="REFR">
                                    <observation classCode="OBS" moodCode="EVN" isCriterionInd="true">
                                       <templateId root="2.16.840.1.113883.3.560.1.1003.2"/>
                                       <code code="309039003" codeSystem="2.16.840.1.113883.6.96"
                                             displayName="discharge status"
                                             codeSystemName="SNOMED-CT"/>
                                       <value xsi:type="CD" code="2.16.840.1.113883.3.117.1.7.1.308"
                                              codeSystem="2.16.840.1.113883.3.560.101.1"
                                              displayName="discharge status"/>
                                    </observation>
                                 </sourceOf>
                              </encounter>
                           </sourceOf>
                        </act>
                     </sourceOf>
                     <sourceOf typeCode="PRCN">
                        <conjunctionCode code="OR"/>
                        <act classCode="ACT" moodCode="EVN" isCriterionInd="true"><!-- Encounter, Performed pattern --><templateId root="2.16.840.1.113883.3.560.1.79"/>
                           <id root="40280381-3d61-56a7-013d-7f1466b6554b"/>
                           <code code="46240-8" codeSystem="2.16.840.1.113883.6.1" displayName="Encounter list"/>
                           <sourceOf typeCode="COMP">
                              <encounter classCode="ENC" moodCode="EVN" isCriterionInd="true">
                                 <code code="2.16.840.1.113883.3.117.1.7.1.424"
                                       displayName="Non-Elective Inpatient Encounter SNOMEDCT Value Set"
                                       codeSystem="2.16.840.1.113883.3.560.101.1"/>
                                 <title>Occurrence A of Encounter, Performed: Non-Elective Inpatient Encounter (discharge status: 'Discharged to Home for Hospice Care')</title>
                                 <statusCode code="completed"/>
                                 <sourceOf typeCode="REFR">
                                    <observation classCode="OBS" moodCode="EVN" isCriterionInd="true">
                                       <templateId root="2.16.840.1.113883.3.560.1.1003.2"/>
                                       <code code="309039003" codeSystem="2.16.840.1.113883.6.96"
                                             displayName="discharge status"
                                             codeSystemName="SNOMED-CT"/>
                                       <value xsi:type="CD" code="2.16.840.1.113883.3.117.1.7.1.209"
                                              codeSystem="2.16.840.1.113883.3.560.101.1"
                                              displayName="discharge status"/>
                                    </observation>
                                 </sourceOf>
                              </encounter>
                           </sourceOf>
                        </act>
                     </sourceOf>
                     <sourceOf typeCode="PRCN">
                        <conjunctionCode code="OR"/>
                        <act classCode="ACT" moodCode="EVN" isCriterionInd="true"><!-- Encounter, Performed pattern --><templateId root="2.16.840.1.113883.3.560.1.79"/>
                           <id root="40280381-3d61-56a7-013d-7f1466b6554b"/>
                           <code code="46240-8" codeSystem="2.16.840.1.113883.6.1" displayName="Encounter list"/>
                           <sourceOf typeCode="COMP">
                              <encounter classCode="ENC" moodCode="EVN" isCriterionInd="true">
                                 <code code="2.16.840.1.113883.3.117.1.7.1.424"
                                       displayName="Non-Elective Inpatient Encounter SNOMEDCT Value Set"
                                       codeSystem="2.16.840.1.113883.3.560.101.1"/>
                                 <title>Occurrence A of Encounter, Performed: Non-Elective Inpatient Encounter (discharge status: 'Patient Expired')</title>
                                 <statusCode code="completed"/>
                                 <sourceOf typeCode="REFR">
                                    <observation classCode="OBS" moodCode="EVN" isCriterionInd="true">
                                       <templateId root="2.16.840.1.113883.3.560.1.1003.2"/>
                                       <code code="309039003" codeSystem="2.16.840.1.113883.6.96"
                                             displayName="discharge status"
                                             codeSystemName="SNOMED-CT"/>
                                       <value xsi:type="CD" code="2.16.840.1.113883.3.117.1.7.1.309"
                                              codeSystem="2.16.840.1.113883.3.560.101.1"
                                              displayName="discharge status"/>
                                    </observation>
                                 </sourceOf>
                              </encounter>
                           </sourceOf>
                        </act>
                     </sourceOf>
                     <sourceOf typeCode="PRCN">
                        <conjunctionCode code="OR"/>
                        <act classCode="ACT" moodCode="EVN" isCriterionInd="true"><!-- Encounter, Performed pattern --><templateId root="2.16.840.1.113883.3.560.1.79"/>
                           <id root="40280381-3d61-56a7-013d-7f1466b6554b"/>
                           <code code="46240-8" codeSystem="2.16.840.1.113883.6.1" displayName="Encounter list"/>
                           <sourceOf typeCode="COMP">
                              <encounter classCode="ENC" moodCode="EVN" isCriterionInd="true">
                                 <code code="2.16.840.1.113883.3.117.1.7.1.424"
                                       displayName="Non-Elective Inpatient Encounter SNOMEDCT Value Set"
                                       codeSystem="2.16.840.1.113883.3.560.101.1"/>
                                 <title>Occurrence A of Encounter, Performed: Non-Elective Inpatient Encounter (discharge status: 'Discharged to Health Care Facility for Hospice Care')</title>
                                 <statusCode code="completed"/>
                                 <sourceOf typeCode="REFR">
                                    <observation classCode="OBS" moodCode="EVN" isCriterionInd="true">
                                       <templateId root="2.16.840.1.113883.3.560.1.1003.2"/>
                                       <code code="309039003" codeSystem="2.16.840.1.113883.6.96"
                                             displayName="discharge status"
                                             codeSystemName="SNOMED-CT"/>
                                       <value xsi:type="CD" code="2.16.840.1.113883.3.117.1.7.1.207"
                                              codeSystem="2.16.840.1.113883.3.560.101.1"
                                              displayName="discharge status"/>
                                    </observation>
                                 </sourceOf>
                              </encounter>
                           </sourceOf>
                        </act>
                     </sourceOf>
                  </act>
               </sourceOf>
            </observation>
         </entry>
         <!--
            **************************************************************   
            Population Criteria Section: denominatorExceptions 
            **************************************************************
      --><entry typeCode="DRIV">
            <observation classCode="OBS" moodCode="EVN" isCriterionInd="true">
               <id root="a18a2ec4-e453-4595-9cb6-13ee133984ca"/>
               <code code="ASSERTION" codeSystem="2.16.840.1.113883.5.4"/>
               <value xsi:type="CD" code="DENEXCEP" codeSystem="2.16.840.1.113883.5.1063"
                      codeSystemName="HL7 Observation Value"
                      displayName="Denominator Exception"/>
               <!--  top and/or --><sourceOf typeCode="PRCN">
                  <conjunctionCode code="AND"/>
                  <observation classCode="OBS" moodCode="EVN" isCriterionInd="true">
                     <id root="DACE854B-75F1-4894-9E72-61D68545F43A"/>
                     <title>Denominator</title>
                  </observation>
               </sourceOf>
               <sourceOf typeCode="PRCN">
                  <conjunctionCode code="AND"/>
                  <act classCode="ACT" moodCode="EVN" isCriterionInd="true">
                     <sourceOf typeCode="PRCN">
                        <conjunctionCode code="OR"/>
                        <act classCode="ACT" moodCode="EVN" isCriterionInd="true" actionNegationInd="true"><!-- Medication, Discharge pattern --><templateId root="2.16.840.1.113883.3.560.1.199"/>
                           <id root="000931f8-5fe8-4d03-a306-9a02bdc462da"/>
                           <code code="10183-2" displayName="Discharge Medications"
                                 codeSystem="2.16.840.1.113883.6.1"/>
                           <sourceOf typeCode="COMP">
                              <substanceAdministration classCode="SBADM" moodCode="RQO" isCriterionInd="true">
                                 <title>Medication, Discharge not done: Medical Reason</title>
                                 <participant typeCode="CSM">
                                    <roleParticipant classCode="MANU">
                                       <playingMaterial classCode="MMAT" determinerCode="KIND">
                                          <code code="2.16.840.1.113762.1.4.1021.8"
                                                displayName="Antithrombotic ingredient specific RXNORM Value Set"
                                                codeSystem="2.16.840.1.113883.3.560.101.1"/>
                                       </playingMaterial>
                                    </roleParticipant>
                                 </participant>
                                 <sourceOf typeCode="RSON">
                                    <observation classCode="OBS" moodCode="EVN" isCriterionInd="true">
                                       <code code="ASSERTION" codeSystem="2.16.840.1.113883.5.4"/>
                                       <value xsi:type="CD" code="2.16.840.1.113883.3.117.1.7.1.473"
                                              displayName="Medical Reason SNOMEDCT"/>
                                    </observation>
                                 </sourceOf>
                              </substanceAdministration>
                           </sourceOf>
                        </act>
                     </sourceOf>
                     <sourceOf typeCode="PRCN">
                        <conjunctionCode code="OR"/>
                        <act classCode="ACT" moodCode="EVN" isCriterionInd="true" actionNegationInd="true"><!-- Medication, Discharge pattern --><templateId root="2.16.840.1.113883.3.560.1.199"/>
                           <id root="000931f8-5fe8-4d03-a306-9a02bdc462da"/>
                           <code code="10183-2" displayName="Discharge Medications"
                                 codeSystem="2.16.840.1.113883.6.1"/>
                           <sourceOf typeCode="COMP">
                              <substanceAdministration classCode="SBADM" moodCode="RQO" isCriterionInd="true">
                                 <title>Medication, Discharge not done: Patient Refusal</title>
                                 <participant typeCode="CSM">
                                    <roleParticipant classCode="MANU">
                                       <playingMaterial classCode="MMAT" determinerCode="KIND">
                                          <code code="2.16.840.1.113762.1.4.1021.8"
                                                displayName="Antithrombotic ingredient specific RXNORM Value Set"
                                                codeSystem="2.16.840.1.113883.3.560.101.1"/>
                                       </playingMaterial>
                                    </roleParticipant>
                                 </participant>
                                 <sourceOf typeCode="RSON">
                                    <observation classCode="OBS" moodCode="EVN" isCriterionInd="true">
                                       <code code="ASSERTION" codeSystem="2.16.840.1.113883.5.4"/>
                                       <value xsi:type="CD" code="2.16.840.1.113883.3.117.1.7.1.93"
                                              displayName="Patient Refusal SNOMEDCT"/>
                                    </observation>
                                 </sourceOf>
                              </substanceAdministration>
                           </sourceOf>
                        </act>
                     </sourceOf>
                     <sourceOf typeCode="SDU">
                        <act classCode="ACT" moodCode="EVN" isCriterionInd="true"><!-- Encounter, Performed pattern --><templateId root="2.16.840.1.113883.3.560.1.79"/>
                           <id root="40280381-3d61-56a7-013d-7f1466b6554b"/>
                           <code code="46240-8" codeSystem="2.16.840.1.113883.6.1" displayName="Encounter list"/>
                           <sourceOf typeCode="COMP">
                              <encounter classCode="ENC" moodCode="EVN" isCriterionInd="true">
                                 <code code="2.16.840.1.113883.3.117.1.7.1.424"
                                       displayName="Non-Elective Inpatient Encounter SNOMEDCT Value Set"
                                       codeSystem="2.16.840.1.113883.3.560.101.1"/>
                                 <title>Occurrence A of Encounter, Performed: Non-Elective Inpatient Encounter</title>
                                 <statusCode code="completed"/>
                              </encounter>
                           </sourceOf>
                        </act>
                     </sourceOf>
                  </act>
               </sourceOf>
            </observation>
         </entry>
         <!--
            **************************************************************   
            Population Criteria Section: numerator 
            **************************************************************
      --><entry typeCode="DRIV">
            <observation classCode="OBS" moodCode="EVN" isCriterionInd="true">
               <id root="be65163e-3598-451b-9e4b-e3513e890d55"/>
               <code code="ASSERTION" codeSystem="2.16.840.1.113883.5.4"/>
               <value xsi:type="CD" code="NUMER" codeSystem="2.16.840.1.113883.5.1063"
                      codeSystemName="HL7 Observation Value"
                      displayName="Numerator"/>
               <!--  top and/or --><sourceOf typeCode="PRCN">
                  <conjunctionCode code="AND"/>
                  <observation classCode="OBS" moodCode="EVN" isCriterionInd="true">
                     <id root="DACE854B-75F1-4894-9E72-61D68545F43A"/>
                     <title>Denominator</title>
                  </observation>
               </sourceOf>
               <sourceOf typeCode="PRCN">
                  <conjunctionCode code="AND"/>
                  <act classCode="ACT" moodCode="EVN" isCriterionInd="true"><!-- Medication, Discharge pattern --><templateId root="2.16.840.1.113883.3.560.1.199"/>
                     <id root="40280381-3d27-5493-013d-4dca4b9a6b0d"/>
                     <code code="10183-2" displayName="Discharge Medications"
                           codeSystem="2.16.840.1.113883.6.1"/>
                     <sourceOf typeCode="COMP">
                        <substanceAdministration classCode="SBADM" moodCode="RQO" isCriterionInd="true">
                           <title>Medication, Discharge: Antithrombotic Therapy</title>
                           <participant typeCode="CSM">
                              <roleParticipant classCode="MANU">
                                 <playingMaterial classCode="MMAT" determinerCode="KIND">
                                    <code code="2.16.840.1.113883.3.117.1.7.1.201"
                                          displayName="Antithrombotic Therapy RXNORM Value Set"
                                          codeSystem="2.16.840.1.113883.3.560.101.1"/>
                                 </playingMaterial>
                              </roleParticipant>
                           </participant>
                           <sourceOf typeCode="SDU">
                              <observation classCode="OBS" moodCode="EVN" isCriterionInd="true">
                                 <id root="40280381-3d61-56a7-013d-7f1466b6554b"/>
                                 <title>Occurrence A of Encounter, Performed: Non-Elective Inpatient Encounter</title>
                              </observation>
                           </sourceOf>
                        </substanceAdministration>
                     </sourceOf>
                  </act>
               </sourceOf>
            </observation>
         </entry>
      </section>
   </component>
         
      <!--
         ******************************************   
         Data Criteria Section
         ******************************************
      --><component typeCode="COMP">
      <section>
         <code code="57025-9" codeSystem="2.16.840.1.113883.6.1"
               displayName="Data criteria (QDM Data Elements)"/>
         <title>Data criteria (QDM Data Elements)</title>
         <text>
            <list>
               <item>
                  <content>"Diagnosis, Active: Hemorrhagic Stroke"</content> using "Hemorrhagic Stroke Grouping Value Set (2.16.840.1.113883.3.117.1.7.1.212)"</item>
               <item>
                  <content>"Diagnosis, Active: Ischemic Stroke"</content> using "Ischemic Stroke Grouping Value Set (2.16.840.1.113883.3.117.1.7.1.247)"</item>
               <item>
                  <content>"Encounter, Performed: Emergency Department Visit"</content> using "Emergency Department Visit SNOMEDCT Value Set (2.16.840.1.113883.3.117.1.7.1.292)"</item>
               <item>
                  <content>"Encounter, Performed: Non-Elective Inpatient Encounter"</content> using "Non-Elective Inpatient Encounter SNOMEDCT Value Set (2.16.840.1.113883.3.117.1.7.1.424)"</item>
               <item>
                  <content>"Intervention, Order: Comfort Measures "</content> using "Comfort Measures SNOMEDCT Value Set (1.3.6.1.4.1.33895.1.3.0.45)"</item>
               <item>
                  <content>"Intervention, Performed: Comfort Measures "</content> using "Comfort Measures SNOMEDCT Value Set (1.3.6.1.4.1.33895.1.3.0.45)"</item>
               <item>
                  <content>"Medication, Discharge not done: Medical Reason"</content> using "Medical Reason SNOMEDCT Value Set (2.16.840.1.113883.3.117.1.7.1.473)"</item>
               <item>
                  <content>"Medication, Discharge not done: Patient Refusal"</content> using "Patient Refusal SNOMEDCT Value Set (2.16.840.1.113883.3.117.1.7.1.93)"</item>
               <item>
                  <content>"Medication, Discharge: Antithrombotic Therapy"</content> using "Antithrombotic Therapy RXNORM Value Set (2.16.840.1.113883.3.117.1.7.1.201)"</item>
               <item>
                  <content>"Medication, Discharge: Antithrombotic ingredient specific"</content> using "Antithrombotic ingredient specific RXNORM Value Set (2.16.840.1.113762.1.4.1021.8)"</item>
               <item>
                  <content>"Patient Characteristic Birthdate: birth date"</content> using "birth date LOINC Value Set (2.16.840.1.113883.3.560.100.4)"</item>
               <item>
                  <content>Attribute: "Discharge status: Left Against Medical Advice"</content> using "Left Against Medical Advice SNOMEDCT Value Set  (2.16.840.1.113883.3.117.1.7.1.308)"</item>
               <item>
                  <content>Attribute: "Discharge status: Discharged to Home for Hospice Care"</content> using "Discharged to Home for Hospice Care SNOMEDCT Value Set  (2.16.840.1.113883.3.117.1.7.1.209)"</item>
               <item>
                  <content>Attribute: "Discharge status: Discharged to Health Care Facility for Hospice Care"</content> using "Discharged to Health Care Facility for Hospice Care SNOMEDCT Value Set  (2.16.840.1.113883.3.117.1.7.1.207)"</item>
               <item>
                  <content>Attribute: "Discharge status: Patient Expired"</content> using "Patient Expired SNOMEDCT Value Set  (2.16.840.1.113883.3.117.1.7.1.309)"</item>
               <item>
                  <content>Attribute: "Discharge status: Discharge To Another Hospital"</content> using "Discharge To Another Hospital SNOMEDCT Value Set  (2.16.840.1.113883.3.117.1.7.1.87)"</item>
               <item>
                  <content>Attribute: "Ordinality: Principal"</content> using "Principal SNOMEDCT Value Set  (2.16.840.1.113883.3.117.1.7.1.14)"</item>
            </list>
         </text>
         <entry typeCode="DRIV">
            <act classCode="ACT" moodCode="EVN" isCriterionInd="true"><!-- Patient Characteristic Birthdate pattern --><templateId root="2.16.840.1.113883.3.560.1.400"/>
               <id root="40280381-3d27-5493-013d-4dca4b986ae9"/>
               <code code="45970-1" displayName="Demographics" codeSystem="2.16.840.1.113883.6.1"/>
               <sourceOf typeCode="COMP">
                  <observation classCode="OBS" moodCode="EVN" isCriterionInd="true">
                     <code code="21112-8" codeSystem="2.16.840.1.113883.6.1" displayName="Birth date"/>
                     <title>Patient Characteristic Birthdate: birth date</title>
                     <value xsi:type="CD" code="2.16.840.1.113883.3.560.100.4"
                            codeSystem="2.16.840.1.113883.3.560.101.1"
                            displayName="birth date LOINC Value Set"/>
                  </observation>
               </sourceOf>
            </act>
         </entry>
         <entry typeCode="DRIV">
            <act classCode="ACT" moodCode="EVN" isCriterionInd="true"><!-- Diagnosis, Active pattern --><templateId root="2.16.840.1.113883.3.560.1.2"/>
               <id root="40280381-3d27-5493-013d-4dca4b996aed"/>
               <code code="11450-4" displayName="Problem" codeSystem="2.16.840.1.113883.6.1"/>
               <sourceOf typeCode="COMP">
                  <observation classCode="OBS" moodCode="EVN" isCriterionInd="true">
                     <code code="55607006" codeSystem="2.16.840.1.113883.6.96" displayName="Problem"/>
                     <title>Diagnosis, Active: Hemorrhagic Stroke</title>
                     <value xsi:type="CD" code="2.16.840.1.113883.3.117.1.7.1.212"
                            displayName="Hemorrhagic Stroke Grouping Value Set"/>
                     <sourceOf typeCode="REFR">
                        <observation classCode="OBS" moodCode="EVN" isCriterionInd="true">
                           <code code="33999-4" codeSystem="2.16.840.1.113883.6.1" displayName="Status"/>
                           <value xsi:type="CD" code="55561003" displayName="active"
                                  codeSystem="2.16.840.1.113883.6.96"/>
                        </observation>
                     </sourceOf>
                  </observation>
               </sourceOf>
            </act>
         </entry>
         <entry typeCode="DRIV">
            <act classCode="ACT" moodCode="EVN" isCriterionInd="true"><!-- Diagnosis, Active pattern --><templateId root="2.16.840.1.113883.3.560.1.2"/>
               <id root="40280381-3d27-5493-013d-4dca4b996af9"/>
               <code code="11450-4" displayName="Problem" codeSystem="2.16.840.1.113883.6.1"/>
               <sourceOf typeCode="COMP">
                  <observation classCode="OBS" moodCode="EVN" isCriterionInd="true">
                     <code code="55607006" codeSystem="2.16.840.1.113883.6.96" displayName="Problem"/>
                     <title>Diagnosis, Active: Ischemic Stroke</title>
                     <value xsi:type="CD" code="2.16.840.1.113883.3.117.1.7.1.247"
                            displayName="Ischemic Stroke Grouping Value Set"/>
                     <sourceOf typeCode="REFR">
                        <observation classCode="OBS" moodCode="EVN" isCriterionInd="true">
                           <code code="33999-4" codeSystem="2.16.840.1.113883.6.1" displayName="Status"/>
                           <value xsi:type="CD" code="55561003" displayName="active"
                                  codeSystem="2.16.840.1.113883.6.96"/>
                        </observation>
                     </sourceOf>
                  </observation>
               </sourceOf>
            </act>
         </entry>
         <entry typeCode="COMP">
            <observation classCode="OBS" moodCode="DEF">
               <templateId root="2.16.840.1.113883.3.560.1.79"/>
               <id root="40280381-3d27-5493-013d-4dca4b996b0a"/>
               <sourceOf typeCode="DRIV">
                  <localVariableName>Emergency Department Visit</localVariableName>
                  <observation classCode="OBS" moodCode="EVN" isCriterionInd="true">
                     <id root="5cdfd176-4091-4851-8b6f-d832a00ba7c6"/>
                  </observation>
               </sourceOf>
            </observation>
         </entry>
         <entry typeCode="DRIV">
            <act classCode="ACT" moodCode="EVN" isCriterionInd="true"><!-- Medication, Discharge pattern --><templateId root="2.16.840.1.113883.3.560.1.199"/>
               <id root="40280381-3d27-5493-013d-4dca4b9a6b0d"/>
               <code code="10183-2" displayName="Discharge Medications"
                     codeSystem="2.16.840.1.113883.6.1"/>
               <sourceOf typeCode="COMP">
                  <substanceAdministration classCode="SBADM" moodCode="RQO" isCriterionInd="true">
                     <title>Medication, Discharge: Antithrombotic Therapy</title>
                     <participant typeCode="CSM">
                        <roleParticipant classCode="MANU">
                           <playingMaterial classCode="MMAT" determinerCode="KIND">
                              <code code="2.16.840.1.113883.3.117.1.7.1.201"
                                    displayName="Antithrombotic Therapy RXNORM Value Set"
                                    codeSystem="2.16.840.1.113883.3.560.101.1"/>
                           </playingMaterial>
                        </roleParticipant>
                     </participant>
                  </substanceAdministration>
               </sourceOf>
            </act>
         </entry>
         <entry typeCode="COMP">
            <observation classCode="OBS" moodCode="DEF">
               <templateId root="2.16.840.1.113883.3.560.1.79"/>
               <id root="40280381-3d61-56a7-013d-7f1466b6554b"/>
               <sourceOf typeCode="DRIV">
                  <localVariableName>Non-Elective Inpatient Encounter</localVariableName>
                  <observation classCode="OBS" moodCode="EVN" isCriterionInd="true">
                     <id root="b81d36cc-7765-466d-921f-e7d5622242b7"/>
                  </observation>
               </sourceOf>
            </observation>
         </entry>
         <entry typeCode="DRIV">
            <act classCode="ACT" moodCode="EVN" isCriterionInd="true"><!-- Intervention, Performed pattern --><templateId root="2.16.840.1.113883.3.560.1.46"/>
               <id root="59f1730e-0898-4660-a67e-47d423133853"/>
               <code code="47519-4" displayName="Procedures" codeSystem="2.16.840.1.113883.6.1"/>
               <sourceOf typeCode="COMP">
                  <procedure classCode="PROC" moodCode="EVN" isCriterionInd="true">
                     <code code="1.3.6.1.4.1.33895.1.3.0.45"
                           displayName="Comfort Measures  SNOMEDCT Value Set"
                           codeSystem="2.16.840.1.113883.3.560.101.1"/>
                     <title>Intervention, Performed: Comfort Measures </title>
                     <statusCode code="completed"/>
                  </procedure>
               </sourceOf>
            </act>
         </entry>
         <entry typeCode="DRIV">
            <act classCode="ACT" moodCode="EVN" isCriterionInd="true"><!-- Intervention, Order pattern --><templateId root="2.16.840.1.113883.3.560.1.45"/>
               <id root="5d155dc6-ca9c-471c-89b6-979128f685d9"/>
               <code code="18776-5" displayName="Plan of care" codeSystem="2.16.840.1.113883.6.1"/>
               <sourceOf typeCode="COMP">
                  <procedure classCode="PROC" moodCode="RQO" isCriterionInd="true">
                     <code code="1.3.6.1.4.1.33895.1.3.0.45"
                           displayName="Comfort Measures  SNOMEDCT Value Set"
                           codeSystem="2.16.840.1.113883.3.560.101.1"/>
                     <title>Intervention, Order: Comfort Measures </title>
                  </procedure>
               </sourceOf>
            </act>
         </entry>
         <entry typeCode="DRIV">
            <act classCode="ACT" moodCode="EVN" isCriterionInd="true"><!-- Medication, Discharge pattern --><templateId root="2.16.840.1.113883.3.560.1.199"/>
               <id root="000931f8-5fe8-4d03-a306-9a02bdc462da"/>
               <code code="10183-2" displayName="Discharge Medications"
                     codeSystem="2.16.840.1.113883.6.1"/>
               <sourceOf typeCode="COMP">
                  <substanceAdministration classCode="SBADM" moodCode="RQO" isCriterionInd="true">
                     <title>Medication, Discharge: Antithrombotic ingredient specific</title>
                     <participant typeCode="CSM">
                        <roleParticipant classCode="MANU">
                           <playingMaterial classCode="MMAT" determinerCode="KIND">
                              <code code="2.16.840.1.113762.1.4.1021.8"
                                    displayName="Antithrombotic ingredient specific RXNORM Value Set"
                                    codeSystem="2.16.840.1.113883.3.560.101.1"/>
                           </playingMaterial>
                        </roleParticipant>
                     </participant>
                  </substanceAdministration>
               </sourceOf>
            </act>
         </entry>
         <entry typeCode="DRIV">
            <act classCode="ACT" moodCode="EVN" isCriterionInd="true"><!-- Medication, Discharge pattern --><templateId root="2.16.840.1.113883.3.560.1.200"/>
               <id root="40280381-3d27-5493-013d-4dca4b996b05"/>
               <code code="10183-2" displayName="Discharge Medications"
                     codeSystem="2.16.840.1.113883.6.1"/>
               <sourceOf typeCode="COMP">
                  <substanceAdministration classCode="SBADM" moodCode="RQO" isCriterionInd="true">
                     <title>Medication, Discharge not done: Medical Reason</title>
                     <participant typeCode="CSM">
                        <roleParticipant classCode="MANU">
                           <playingMaterial classCode="MMAT" determinerCode="KIND">
                              <code code="2.16.840.1.113762.1.4.1021.8"
                                    displayName="Antithrombotic ingredient specific RXNORM Value Set"
                                    codeSystem="2.16.840.1.113883.3.560.101.1"/>
                           </playingMaterial>
                        </roleParticipant>
                     </participant>
                     <sourceOf typeCode="RSON">
                        <observation classCode="OBS" moodCode="EVN" isCriterionInd="true">
                           <code code="ASSERTION" codeSystem="2.16.840.1.113883.5.4"/>
                           <value xsi:type="CD" code="2.16.840.1.113883.3.117.1.7.1.473"
                                  displayName="Medical Reason SNOMEDCT Value Set"/>
                        </observation>
                     </sourceOf>
                  </substanceAdministration>
               </sourceOf>
            </act>
         </entry>
         <entry typeCode="DRIV">
            <act classCode="ACT" moodCode="EVN" isCriterionInd="true"><!-- Medication, Discharge pattern --><templateId root="2.16.840.1.113883.3.560.1.200"/>
               <id root="40280381-3d27-5493-013d-4dca4b996b04"/>
               <code code="10183-2" displayName="Discharge Medications"
                     codeSystem="2.16.840.1.113883.6.1"/>
               <sourceOf typeCode="COMP">
                  <substanceAdministration classCode="SBADM" moodCode="RQO" isCriterionInd="true">
                     <title>Medication, Discharge not done: Patient Refusal</title>
                     <participant typeCode="CSM">
                        <roleParticipant classCode="MANU">
                           <playingMaterial classCode="MMAT" determinerCode="KIND">
                              <code code="2.16.840.1.113762.1.4.1021.8"
                                    displayName="Antithrombotic ingredient specific RXNORM Value Set"
                                    codeSystem="2.16.840.1.113883.3.560.101.1"/>
                           </playingMaterial>
                        </roleParticipant>
                     </participant>
                     <sourceOf typeCode="RSON">
                        <observation classCode="OBS" moodCode="EVN" isCriterionInd="true">
                           <code code="ASSERTION" codeSystem="2.16.840.1.113883.5.4"/>
                           <value xsi:type="CD" code="2.16.840.1.113883.3.117.1.7.1.93"
                                  displayName="Patient Refusal SNOMEDCT Value Set"/>
                        </observation>
                     </sourceOf>
                  </substanceAdministration>
               </sourceOf>
            </act>
         </entry>
         <entry typeCode="DRIV">
            <act classCode="ACT" moodCode="EVN" isCriterionInd="true"><!-- Encounter, Performed pattern --><templateId root="2.16.840.1.113883.3.560.1.79"/>
               <id root="5cdfd176-4091-4851-8b6f-d832a00ba7c6"/>
               <code code="46240-8" codeSystem="2.16.840.1.113883.6.1" displayName="Encounter list"/>
               <sourceOf typeCode="COMP">
                  <encounter classCode="ENC" moodCode="EVN" isCriterionInd="true">
                     <code code="2.16.840.1.113883.3.117.1.7.1.292"
                           displayName="Emergency Department Visit SNOMEDCT Value Set"
                           codeSystem="2.16.840.1.113883.3.560.101.1"/>
                     <title>Encounter, Performed: Emergency Department Visit</title>
                     <statusCode code="completed"/>
                  </encounter>
               </sourceOf>
            </act>
         </entry>
         <entry typeCode="DRIV">
            <act classCode="ACT" moodCode="EVN" isCriterionInd="true"><!-- Encounter, Performed pattern --><templateId root="2.16.840.1.113883.3.560.1.79"/>
               <id root="b81d36cc-7765-466d-921f-e7d5622242b7"/>
               <code code="46240-8" codeSystem="2.16.840.1.113883.6.1" displayName="Encounter list"/>
               <sourceOf typeCode="COMP">
                  <encounter classCode="ENC" moodCode="EVN" isCriterionInd="true">
                     <code code="2.16.840.1.113883.3.117.1.7.1.424"
                           displayName="Non-Elective Inpatient Encounter SNOMEDCT Value Set"
                           codeSystem="2.16.840.1.113883.3.560.101.1"/>
                     <title>Encounter, Performed: Non-Elective Inpatient Encounter</title>
                     <statusCode code="completed"/>
                  </encounter>
               </sourceOf>
            </act>
         </entry>
      </section>
   </component>
            
         <!--
            **************************************************************   
            Stratification Section
            **************************************************************
         --><component typeCode="COMP">
      <section>
         <code code="69669-0" codeSystem="2.16.840.1.113883.6.1"
               displayName="Population stratification description"/>
         <title>Reporting Stratification</title>
         <text>
            <list>
               <item>None</item>
            </list>
         </text>
      </section>
   </component>
         
      <!--
         ******************************************   
         Supplemental Data Elements Section
         ******************************************
      --><component typeCode="COMP">
      <section>
         <code code="69670-8" codeSystem="2.16.840.1.113883.6.1"
               displayName="Supplemental Data Elements"/>
         <title>Supplemental Data Elements</title>
         <text>
            <list>
               <item>
                  <content>"Patient Characteristic Ethnicity: Ethnicity"</content> using "Ethnicity CDCREC Value Set (2.16.840.1.114222.4.11.837)"</item>
               <item>
                  <content>"Patient Characteristic Payer: Payer"</content> using "Payer SOP Value Set (2.16.840.1.114222.4.11.3591)"</item>
               <item>
                  <content>"Patient Characteristic Race: Race"</content> using "Race CDCREC Value Set (2.16.840.1.114222.4.11.836)"</item>
               <item>
                  <content>"Patient Characteristic Sex: ONC Administrative Sex"</content> using "ONC Administrative Sex AdministrativeSex Value Set (2.16.840.1.113762.1.4.1)"</item>
            </list>
         </text>
         <entry typeCode="DRIV">
            <act classCode="ACT" moodCode="EVN" isCriterionInd="true"><!-- Patient Characteristic Ethnicity pattern --><templateId root="2.16.840.1.113883.3.560.1.403"/>
               <id root="40280381-3d27-5493-013d-4dca4b986ae7"/>
               <code code="45970-1" displayName="Demographics" codeSystem="2.16.840.1.113883.6.1"/>
               <sourceOf typeCode="COMP">
                  <observation classCode="OBS" moodCode="EVN" isCriterionInd="true">
                     <code code="54133-4" codeSystem="2.16.840.1.113883.6.1" displayName="Ethnicity"/>
                     <title>Patient Characteristic Ethnicity: Ethnicity</title>
                     <value xsi:type="CD" code="2.16.840.1.114222.4.11.837"
                            codeSystem="2.16.840.1.113883.3.560.101.1"
                            displayName="Ethnicity CDCREC Value Set"/>
                  </observation>
               </sourceOf>
            </act>
         </entry>
         <entry typeCode="DRIV">
            <act classCode="ACT" moodCode="EVN" isCriterionInd="true"><!-- Patient Characteristic Sex pattern --><templateId root="2.16.840.1.113883.3.560.1.402"/>
               <id root="40280381-3d27-5493-013d-4dca4b986ae5"/>
               <code code="45970-1" displayName="Demographics" codeSystem="2.16.840.1.113883.6.1"/>
               <sourceOf typeCode="COMP">
                  <observation classCode="OBS" moodCode="EVN" isCriterionInd="true">
                     <code code="263495000" codeSystem="2.16.840.1.113883.6.96" displayName="Sex"/>
                     <title>Patient Characteristic Sex: ONC Administrative Sex</title>
                     <value xsi:type="CD" code="2.16.840.1.113762.1.4.1"
                            codeSystem="2.16.840.1.113883.3.560.101.1"
                            displayName="ONC Administrative Sex AdministrativeSex Value Set"/>
                  </observation>
               </sourceOf>
            </act>
         </entry>
         <entry typeCode="DRIV">
            <act classCode="ACT" moodCode="EVN" isCriterionInd="true"><!-- Patient Characteristic Payer pattern --><templateId root="2.16.840.1.113883.3.560.1.405"/>
               <id root="40280381-3d27-5493-013d-4dca4b986ae8"/>
               <code code="45970-1" displayName="Demographics" codeSystem="2.16.840.1.113883.6.1"/>
               <sourceOf typeCode="COMP">
                  <observation classCode="OBS" moodCode="EVN" isCriterionInd="true">
                     <code code="48768-6" codeSystem="2.16.840.1.113883.6.1" displayName="Payer"/>
                     <title>Patient Characteristic Payer: Payer</title>
                     <value xsi:type="CD" code="2.16.840.1.114222.4.11.3591"
                            codeSystem="2.16.840.1.113883.3.560.101.1"
                            displayName="Payer SOP Value Set"/>
                  </observation>
               </sourceOf>
            </act>
         </entry>
         <entry typeCode="DRIV">
            <act classCode="ACT" moodCode="EVN" isCriterionInd="true"><!-- Patient Characteristic Race pattern --><templateId root="2.16.840.1.113883.3.560.1.406"/>
               <id root="40280381-3d27-5493-013d-4dca4b986ae6"/>
               <code code="45970-1" displayName="Demographics" codeSystem="2.16.840.1.113883.6.1"/>
               <sourceOf typeCode="COMP">
                  <observation classCode="OBS" moodCode="EVN" isCriterionInd="true">
                     <code code="32624-9" codeSystem="2.16.840.1.113883.6.1" displayName="Race"/>
                     <title>Patient Characteristic Race: Race</title>
                     <value xsi:type="CD" code="2.16.840.1.114222.4.11.836"
                            codeSystem="2.16.840.1.113883.3.560.101.1"
                            displayName="Race CDCREC Value Set"/>
                  </observation>
               </sourceOf>
            </act>
         </entry>
      </section>
   </component>
</QualityMeasureDocument>