<?xml version="1.0" encoding="UTF-8" standalone="yes"?>
<!-- 
           ******************* 
           QDM Version Used: QDM 4.3 
           *******************  
        --><QualityMeasureDocument xmlns="urn:hl7-org:v3" xmlns:qdm="urn:hhs-qdm:hqmf-r2-extensions:v1"
                        xmlns:xsi="http://www.w3.org/2001/XMLSchema-instance"><!--
            **************************************************************
            Measure Details Section
            **************************************************************
        --><typeId extension="POQM_HD000001UV02" root="2.16.840.1.113883.1.3"/>
   <templateId>
      <item extension="2016-08-01" root="2.16.840.1.113883.10.20.28.1.1"/>
   </templateId>
   <id root="40280382-5859-6598-0158-932e80dc0ad5"/>
   <code code="57024-2" codeSystem="2.16.840.1.113883.6.1">
      <displayName value="Health Quality Measure Document"/>
   </code>
   <title value="Population Set Changes"/>
   <text
         value="Going from three to one population set.&#xA;Keeping just IPOP3.&#xA;Cleaning up clause definitions."/>
   <statusCode code="COMPLETED"/>
   <setId root="e37012ad-2b01-4738-8985-d5c0f4c3ae9f"/>
   <versionNumber value="3.1.000"/>
   <custodian>
      <responsibleParty classCode="ASSIGNED">
         <representedResponsibleOrganization classCode="ORG" determinerCode="INSTANCE">
            <id>
               <item root=""/>
            </id>
            <name>
               <item>
                  <part value=""/>
               </item>
            </name>
         </representedResponsibleOrganization>
      </responsibleParty>
   </custodian>
   <controlVariable>
      <measurePeriod>
         <id extension="measureperiod" root="77dffd8c-040a-4465-a4ec-02b08b3d530b"/>
         <code code="MSRTP" codeSystem="2.16.840.1.113883.5.4">
            <originalText value="Measurement Period"/>
         </code>
         <value xsi:type="PIVL_TS">
            <phase highClosed="true" lowClosed="true">
               <low value="20160101"/>
               <width unit="a" value="1" xsi:type="PQ"/>
            </phase>
            <period unit="a" value="1"/>
         </value>
      </measurePeriod>
   </controlVariable>
   <subjectOf>
      <measureAttribute>
         <code nullFlavor="OTH">
            <originalText value="eMeasure Identifier (Measure Authoring Tool)"/>
         </code>
         <value mediaType="text/plain" value="704" xsi:type="ED"/>
      </measureAttribute>
   </subjectOf>
   <subjectOf>
      <measureAttribute>
         <code nullFlavor="OTH">
            <originalText value="NQF Number"/>
         </code>
         <value mediaType="text/plain" value="" xsi:type="ED"/>
      </measureAttribute>
   </subjectOf>
   <subjectOf>
      <measureAttribute>
         <code code="COPY" codeSystem="2.16.840.1.113883.5.4">
            <displayName value="Copyright"/>
         </code>
         <value mediaType="text/plain" value="" xsi:type="ED"/>
      </measureAttribute>
   </subjectOf>
   <subjectOf>
      <measureAttribute>
         <code code="DISC" codeSystem="2.16.840.1.113883.5.4">
            <displayName value="Disclaimer"/>
         </code>
         <value mediaType="text/plain" value="" xsi:type="ED"/>
      </measureAttribute>
   </subjectOf>
   <subjectOf>
      <measureAttribute>
         <code code="MSRSCORE" codeSystem="2.16.840.1.113883.5.4">
            <displayName value="Measure Scoring"/>
         </code>
         <value code="PROPOR" codeSystem="2.16.840.1.113883.1.11.20367" xsi:type="CD">
            <displayName value="Proportion"/>
         </value>
      </measureAttribute>
   </subjectOf>
   <subjectOf>
      <measureAttribute>
         <code code="STRAT" codeSystem="2.16.840.1.113883.5.4">
            <displayName value="Stratification"/>
         </code>
         <value mediaType="text/plain" value="" xsi:type="ED"/>
      </measureAttribute>
   </subjectOf>
   <subjectOf>
      <measureAttribute>
         <code code="MSRADJ" codeSystem="2.16.840.1.113883.5.4">
            <displayName value="Risk Adjustment"/>
         </code>
         <value mediaType="text/plain" value="" xsi:type="ED"/>
      </measureAttribute>
   </subjectOf>
   <subjectOf>
      <measureAttribute>
         <code code="MSRAGG" codeSystem="2.16.840.1.113883.5.4">
            <displayName value="Rate Aggregation"/>
         </code>
         <value mediaType="text/plain" value="" xsi:type="ED"/>
      </measureAttribute>
   </subjectOf>
   <subjectOf>
      <measureAttribute>
         <code code="RAT" codeSystem="2.16.840.1.113883.5.4">
            <displayName value="Rationale"/>
         </code>
         <value mediaType="text/plain" value="" xsi:type="ED"/>
      </measureAttribute>
   </subjectOf>
   <subjectOf>
      <measureAttribute>
         <code code="CRS" codeSystem="2.16.840.1.113883.5.4">
            <displayName value="Clinical Recommendation Statement"/>
         </code>
         <value mediaType="text/plain" value="" xsi:type="ED"/>
      </measureAttribute>
   </subjectOf>
   <subjectOf>
      <measureAttribute>
         <code code="IDUR" codeSystem="2.16.840.1.113883.5.4">
            <displayName value="Improvement Notation"/>
         </code>
         <value mediaType="text/plain" value="" xsi:type="ED"/>
      </measureAttribute>
   </subjectOf>
   <subjectOf>
      <measureAttribute>
         <code code="REF" codeSystem="2.16.840.1.113883.5.4">
            <displayName value="Reference"/>
         </code>
         <value mediaType="text/plain" xsi:type="ED"/>
      </measureAttribute>
   </subjectOf>
   <subjectOf>
      <measureAttribute>
         <code code="DEF" codeSystem="2.16.840.1.113883.5.4">
            <displayName value="Definition"/>
         </code>
         <value mediaType="text/plain" xsi:type="ED"/>
      </measureAttribute>
   </subjectOf>
   <subjectOf>
      <measureAttribute>
         <code code="GUIDE" codeSystem="2.16.840.1.113883.5.4">
            <displayName value="Guidance"/>
         </code>
         <value mediaType="text/plain" value="" xsi:type="ED"/>
      </measureAttribute>
   </subjectOf>
   <subjectOf>
      <measureAttribute>
         <code code="TRANF" codeSystem="2.16.840.1.113883.5.4">
            <displayName value="Transmission Format"/>
         </code>
         <value mediaType="text/plain" value="" xsi:type="ED"/>
      </measureAttribute>
   </subjectOf>
   <subjectOf>
      <measureAttribute>
         <code code="IPOP" codeSystem="2.16.840.1.113883.5.4">
            <displayName value="Initial Population"/>
         </code>
         <value mediaType="text/plain" value="" xsi:type="ED"/>
      </measureAttribute>
   </subjectOf>
   <subjectOf>
      <measureAttribute>
         <code code="DENOM" codeSystem="2.16.840.1.113883.5.4">
            <displayName value="Denominator"/>
         </code>
         <value mediaType="text/plain" value="" xsi:type="ED"/>
      </measureAttribute>
   </subjectOf>
   <subjectOf>
      <measureAttribute>
         <code code="DENEX" codeSystem="2.16.840.1.113883.5.4">
            <displayName value="Denominator Exclusions"/>
         </code>
         <value mediaType="text/plain" value="" xsi:type="ED"/>
      </measureAttribute>
   </subjectOf>
   <subjectOf>
      <measureAttribute>
         <code code="NUMER" codeSystem="2.16.840.1.113883.5.4">
            <displayName value="Numerator"/>
         </code>
         <value mediaType="text/plain" value="" xsi:type="ED"/>
      </measureAttribute>
   </subjectOf>
   <subjectOf>
      <measureAttribute>
         <code code="NUMEX" codeSystem="2.16.840.1.113883.5.4">
            <displayName value="Numerator Exclusions"/>
         </code>
         <value mediaType="text/plain" value="" xsi:type="ED"/>
      </measureAttribute>
   </subjectOf>
   <subjectOf>
      <measureAttribute>
         <code code="DENEXCEP" codeSystem="2.16.840.1.113883.5.4">
            <displayName value="Denominator Exceptions"/>
         </code>
         <value mediaType="text/plain" value="" xsi:type="ED"/>
      </measureAttribute>
   </subjectOf>
   <subjectOf>
      <measureAttribute>
         <code code="SDE" codeSystem="2.16.840.1.113883.5.4">
            <displayName value="Supplemental Data Elements"/>
         </code>
         <value mediaType="text/plain" value="" xsi:type="ED"/>
      </measureAttribute>
   </subjectOf>
   <componentOf>
      <qualityMeasureSet classCode="ACT">
         <id root=""/>
         <title value=""/>
      </qualityMeasureSet>
   </componentOf>
   <!--Data Criteria Section--><component>
      <dataCriteriaSection>
         <templateId>
            <item extension="2016-08-01" root="2.16.840.1.113883.10.20.28.2.2"/>
         </templateId>
         <code code="57025-9" codeSystem="2.16.840.1.113883.6.1"/>
         <title value="Data Criteria Section"/>
         <text>
            <xml>
               <item>
                  <list>
                     <item>
                        <content styleCode="Bold">Data Criteria (QDM Variables)</content>
                        <list>
                           <item>None</item>
                        </list>
                     </item>
                     <item>
                        <content styleCode="Bold">Data Criteria (QDM Data Elements)</content>
                        <list>
                           <item>"Substance, Allergy: Allergy to Eggs" using "Allergy to Eggs Grouping Value Set (2.16.840.1.113883.3.526.3.1253)"</item>
                        </list>
                     </item>
                     <item>
                        <content styleCode="Bold">Supplemental Data Elements</content>
                        <list>
                           <item>"Patient Characteristic Ethnicity: Ethnicity" using "Ethnicity CDCREC Value Set (2.16.840.1.114222.4.11.837)"</item>
                           <item>"Patient Characteristic Payer: Payer" using "Payer SOP Value Set (2.16.840.1.114222.4.11.3591)"</item>
                           <item>"Patient Characteristic Race: Race" using "Race CDCREC Value Set (2.16.840.1.114222.4.11.836)"</item>
                           <item>"Patient Characteristic Sex: ONC Administrative Sex" using "ONC Administrative Sex AdministrativeGender Value Set (2.16.840.1.113762.1.4.1)"</item>
                        </list>
                     </item>
                     <item>
                        <content styleCode="Bold">Risk Adjustment Variables</content>
                        <list>
                           <item>None</item>
                        </list>
                     </item>
                  </list>
               </item>
            </xml>
         </text>
         <entry typeCode="DRIV">
            <localVariableName value="Ethnicity_PatientCharacteristicEthnicity_xwdxA"/>
            <observationCriteria classCode="OBS" moodCode="EVN">
               <templateId>
                  <item extension="2015-09-30" root="2.16.840.1.113883.10.20.28.3.56"/>
               </templateId>
               <id extension="Ethnicity_PatientCharacteristicEthnicity"
                   root="90317881-6565-4ff1-bfd6-8b13be72af15"/>
               <code code="54133-4" codeSystem="2.16.840.1.113883.6.1" codeSystemName="LOINC">
                  <displayName value="Ethnicity"/>
               </code>
               <title value="Patient Characteristic Ethnicity"/>
               <statusCode code="COMPLETED"/>
               <value valueSet="2.16.840.1.114222.4.11.837" xsi:type="CD">
                  <displayName value="Ethnicity CDCREC Value Set"/>
               </value>
            </observationCriteria>
         </entry>
         <entry typeCode="DRIV">
            <localVariableName value="ONCAdministrativeSex_PatientCharacteristicSex_UNUtB"/>
            <observationCriteria classCode="OBS" moodCode="EVN">
               <templateId>
                  <item extension="2015-09-30" root="2.16.840.1.113883.10.20.28.3.55"/>
               </templateId>
               <id extension="ONCAdministrativeSex_PatientCharacteristicSex"
                   root="373dd477-9c13-46c3-be31-e8bf0a545bd3"/>
               <code code="263495000" codeSystem="2.16.840.1.113883.6.96" codeSystemName="SNOMED CT">
                  <displayName value="Gender"/>
               </code>
               <title value="Patient Characteristic Sex"/>
               <statusCode code="COMPLETED"/>
               <value valueSet="2.16.840.1.113762.1.4.1" xsi:type="CD">
                  <displayName value="ONC Administrative Sex AdministrativeGender Value Set"/>
               </value>
            </observationCriteria>
         </entry>
         <entry typeCode="DRIV">
            <localVariableName value="Payer_PatientCharacteristicPayer_KiFKa"/>
            <observationCriteria classCode="OBS" moodCode="EVN">
               <templateId>
                  <item root="2.16.840.1.113883.10.20.28.3.58"/>
               </templateId>
               <id extension="Payer_PatientCharacteristicPayer"
                   root="0bb70225-3834-4646-9f23-b2955e7cb99c"/>
               <code code="48768-6" codeSystem="2.16.840.1.113883.6.1" codeSystemName="LOINC">
                  <displayName value="Payer"/>
               </code>
               <title value="Patient Characteristic Payer"/>
               <statusCode code="COMPLETED"/>
               <value valueSet="2.16.840.1.114222.4.11.3591" xsi:type="CD">
                  <displayName value="Payer SOP Value Set"/>
               </value>
            </observationCriteria>
         </entry>
         <entry typeCode="DRIV">
            <localVariableName value="Race_PatientCharacteristicRace_BPl5n"/>
            <observationCriteria classCode="OBS" moodCode="EVN">
               <templateId>
                  <item root="2.16.840.1.113883.10.20.28.3.59"/>
               </templateId>
               <id extension="Race_PatientCharacteristicRace"
                   root="e3cb9527-1601-4c96-b1f9-b38d58e6e166"/>
               <code code="32624-9" codeSystem="2.16.840.1.113883.6.1" codeSystemName="LOINC">
                  <displayName value="Race"/>
               </code>
               <title value="Patient Characteristic Race"/>
               <statusCode code="COMPLETED"/>
               <value valueSet="2.16.840.1.114222.4.11.836" xsi:type="CD">
                  <displayName value="Race CDCREC Value Set"/>
               </value>
            </observationCriteria>
         </entry>
         <entry typeCode="DRIV">
            <localVariableName value="Senior_bkQUd"/>
            <observationCriteria classCode="OBS" moodCode="EVN">
               <templateId>
                  <item extension="2015-09-30" root="2.16.840.1.113883.10.20.28.3.54"/>
               </templateId>
               <id extension="Agegrtr_thn_eql_65yearsat_43E758CB-D0DC-420E-A0D5-4F04CA46AE31"
                   root="D8483A60-61C8-45A3-AED4-BDAEF6D84AF9"/>
               <code code="21112-8" codeSystem="2.16.840.1.113883.6.1" codeSystemName="LOINC">
                  <displayName value="Birth Date"/>
               </code>
               <title value="Patient Characteristic Birthdate"/>
               <statusCode code="COMPLETED"/>
               <temporallyRelatedInformation typeCode="SBS">
                  <qdm:temporalInformation precisionUnit="d">
                     <qdm:delta lowClosed="true">
                        <low unit="a" value="65"/>
                        <high nullFlavor="PINF"/>
                     </qdm:delta>
                  </qdm:temporalInformation>
                  <criteriaReference classCode="OBS" moodCode="EVN">
                     <id extension="measureperiod" root="77dffd8c-040a-4465-a4ec-02b08b3d530b"/>
                  </criteriaReference>
               </temporallyRelatedInformation>
            </observationCriteria>
         </entry>
         <entry typeCode="DRIV">
            <localVariableName value="EggsBad_y0y1M"/>
            <observationCriteria classCode="OBS" moodCode="EVN">
               <templateId>
                  <item extension="2015-09-30" root="2.16.840.1.113883.10.20.28.3.75"/>
               </templateId>
               <id extension="During_CEA27D57-16CE-49CE-9F38-AAB9F7E5591C"
                   root="18FBB81D-CF5F-4E32-8DE0-E57A16031799"/>
               <code code="ASSERTION" codeSystem="2.16.840.1.113883.5.4" codeSystemName="ActCode">
                  <displayName value="Assertion"/>
               </code>
               <title value="Substance, Allergy"/>
               <statusCode code="COMPLETED"/>
               <value code="419199007" codeSystem="2.16.840.1.113883.6.96" codeSystemName="SNOMED CT"
                      xsi:type="CD"/>
               <participation typeCode="CSM">
                  <role classCode="ADMM">
                     <playingMaterial classCode="MAT" determinerCode="KIND">
                        <code valueSet="2.16.840.1.113883.3.526.3.1253"
                              valueSetVersion="vsac:version:20160929">
                           <displayName value="Allergy to Eggs Grouping value set"/>
                        </code>
                     </playingMaterial>
                  </role>
               </participation>
               <temporallyRelatedInformation typeCode="DURING">
                  <qdm:temporalInformation precisionUnit="min"/>
                  <criteriaReference classCode="OBS" moodCode="EVN">
                     <id extension="measureperiod" root="77dffd8c-040a-4465-a4ec-02b08b3d530b"/>
                  </criteriaReference>
               </temporallyRelatedInformation>
            </observationCriteria>
         </entry>
      </dataCriteriaSection>
   </component>
   <component>
      <populationCriteriaSection>
         <templateId>
            <item extension="2015-12-01" root="2.16.840.1.113883.10.20.28.2.1"/>
         </templateId>
         <id extension="PopulationCriteria1" root="EF4A06AD-1DE2-4312-8F66-14F9F0BDE1B5"/>
         <code code="57026-7" codeSystem="2.16.840.1.113883.6.1"/>
         <title value="Population Criteria Section"/>
         <text>
            <xml>
               <item>
                  <list>
                     <item>
                        <content styleCode="Bold">Population Criteria</content>
                        <list>
                           <item>
                              <content styleCode="Bold">Initial Population =</content>
                              <list>
                                 <item>AND: Age&gt;= 65 year(s) at: "Measurement Period"</item>
                              </list>
                           </item>
                           <item>
                              <content styleCode="Bold">Denominator =</content>
                              <list>
                                 <item>AND: Initial Population</item>
                              </list>
                           </item>
                           <item>
                              <content styleCode="Bold">Denominator Exclusions =</content>
                              <list>
                                 <item>None</item>
                              </list>
                           </item>
                           <item>
                              <content styleCode="Bold">Numerator =</content>
                              <list>
                                 <item>AND: "Substance, Allergy: Allergy to Eggs" during "Measurement Period"</item>
                              </list>
                           </item>
                           <item>
                              <content styleCode="Bold">Numerator Exclusions =</content>
                              <list>
                                 <item>None</item>
                              </list>
                           </item>
                           <item>
                              <content styleCode="Bold">Denominator Exceptions =</content>
                              <list>
                                 <item>None</item>
                              </list>
                           </item>
                           <item>
                              <content styleCode="Bold">Stratification =</content>
                              <list>
                                 <item>None</item>
                              </list>
                           </item>
                        </list>
                     </item>
                  </list>
               </item>
            </xml>
         </text>
         <component typeCode="COMP">
            <initialPopulationCriteria classCode="OBS" moodCode="EVN">
               <id extension="initialPopulation" root="EA26886B-D16B-4C33-9245-073DEFA23239"/>
               <code code="IPOP" codeSystem="2.16.840.1.113883.5.4"
                     codeSystemName="HL7 Observation Value">
                  <displayName value="initialPopulation"/>
               </code>
               <precondition typeCode="PRCN">
                  <criteriaReference classCode="OBS" moodCode="EVN">
                     <id extension="Agegrtr_thn_eql_65yearsat_43E758CB-D0DC-420E-A0D5-4F04CA46AE31"
                         root="D8483A60-61C8-45A3-AED4-BDAEF6D84AF9"/>
                  </criteriaReference>
               </precondition>
            </initialPopulationCriteria>
         </component>
         <component typeCode="COMP">
            <denominatorCriteria classCode="OBS" moodCode="EVN">
               <id extension="denominator" root="5EDF4D78-EC82-4D61-9653-25604F8CEF9F"/>
               <code code="DENOM" codeSystem="2.16.840.1.113883.5.4"
                     codeSystemName="HL7 Observation Value">
                  <displayName value="denominator"/>
               </code>
               <precondition typeCode="PRCN">
                  <criteriaReference classCode="OBS" moodCode="EVN">
                     <id extension="initialPopulation" root="EA26886B-D16B-4C33-9245-073DEFA23239"/>
                  </criteriaReference>
               </precondition>
            </denominatorCriteria>
         </component>
         <component typeCode="COMP">
            <numeratorCriteria classCode="OBS" moodCode="EVN">
               <id extension="numerator" root="1ED09CE4-5DB4-48D8-85A2-5238908BBE40"/>
               <code code="NUMER" codeSystem="2.16.840.1.113883.5.4"
                     codeSystemName="HL7 Observation Value">
                  <displayName value="numerator"/>
               </code>
               <precondition typeCode="PRCN">
                  <criteriaReference classCode="OBS" moodCode="EVN">
                     <id extension="During_CEA27D57-16CE-49CE-9F38-AAB9F7E5591C"
                         root="18FBB81D-CF5F-4E32-8DE0-E57A16031799"/>
                  </criteriaReference>
               </precondition>
            </numeratorCriteria>
         </component>
         <component typeCode="COMP">
            <stratifierCriteria>
               <id extension="Stratifiers" root="C68BFC65-6B3F-4DE9-9219-5AA5AF715DDA"/>
               <code code="STRAT" codeSystem="2.16.840.1.113883.5.4"
                     codeSystemName="HL7 Observation Value">
                  <displayName value="Stratification"/>
               </code>
               <precondition typeCode="PRCN">
                  <criteriaReference classCode="OBS" moodCode="EVN">
                     <id extension="Ethnicity_PatientCharacteristicEthnicity"
                         root="90317881-6565-4ff1-bfd6-8b13be72af15"/>
                  </criteriaReference>
               </precondition>
               <component typeCode="COMP">
                  <measureAttribute>
                     <code code="SDE" codeSystem="2.16.840.1.113883.5.4">
                        <displayName value="Supplemental Data Element"/>
                     </code>
                     <value mediaType="text/plain" value="Supplemental Data Elements" xsi:type="ED"/>
                  </measureAttribute>
               </component>
            </stratifierCriteria>
         </component>
         <component typeCode="COMP">
            <stratifierCriteria>
               <id extension="Stratifiers" root="ECD6EB7F-CD39-420F-BBB6-1869632BF238"/>
               <code code="STRAT" codeSystem="2.16.840.1.113883.5.4"
                     codeSystemName="HL7 Observation Value">
                  <displayName value="Stratification"/>
               </code>
               <precondition typeCode="PRCN">
                  <criteriaReference classCode="OBS" moodCode="EVN">
                     <id extension="ONCAdministrativeSex_PatientCharacteristicSex"
                         root="373dd477-9c13-46c3-be31-e8bf0a545bd3"/>
                  </criteriaReference>
               </precondition>
               <component typeCode="COMP">
                  <measureAttribute>
                     <code code="SDE" codeSystem="2.16.840.1.113883.5.4">
                        <displayName value="Supplemental Data Element"/>
                     </code>
                     <value mediaType="text/plain" value="Supplemental Data Elements" xsi:type="ED"/>
                  </measureAttribute>
               </component>
            </stratifierCriteria>
         </component>
         <component typeCode="COMP">
            <stratifierCriteria>
               <id extension="Stratifiers" root="553EFD9B-ED49-498B-8C7C-A7AC36FF9296"/>
               <code code="STRAT" codeSystem="2.16.840.1.113883.5.4"
                     codeSystemName="HL7 Observation Value">
                  <displayName value="Stratification"/>
               </code>
               <precondition typeCode="PRCN">
                  <criteriaReference classCode="OBS" moodCode="EVN">
                     <id extension="Payer_PatientCharacteristicPayer"
                         root="0bb70225-3834-4646-9f23-b2955e7cb99c"/>
                  </criteriaReference>
               </precondition>
               <component typeCode="COMP">
                  <measureAttribute>
                     <code code="SDE" codeSystem="2.16.840.1.113883.5.4">
                        <displayName value="Supplemental Data Element"/>
                     </code>
                     <value mediaType="text/plain" value="Supplemental Data Elements" xsi:type="ED"/>
                  </measureAttribute>
               </component>
            </stratifierCriteria>
         </component>
         <component typeCode="COMP">
            <stratifierCriteria>
               <id extension="Stratifiers" root="62E1231B-3DAD-411F-AE4D-CCA0873BC45E"/>
               <code code="STRAT" codeSystem="2.16.840.1.113883.5.4"
                     codeSystemName="HL7 Observation Value">
                  <displayName value="Stratification"/>
               </code>
               <precondition typeCode="PRCN">
                  <criteriaReference classCode="OBS" moodCode="EVN">
                     <id extension="Race_PatientCharacteristicRace"
                         root="e3cb9527-1601-4c96-b1f9-b38d58e6e166"/>
                  </criteriaReference>
               </precondition>
               <component typeCode="COMP">
                  <measureAttribute>
                     <code code="SDE" codeSystem="2.16.840.1.113883.5.4">
                        <displayName value="Supplemental Data Element"/>
                     </code>
                     <value mediaType="text/plain" value="Supplemental Data Elements" xsi:type="ED"/>
                  </measureAttribute>
               </component>
            </stratifierCriteria>
         </component>
      </populationCriteriaSection>
   </component>
</QualityMeasureDocument>