<?xml version="1.0" encoding="UTF-8"?><measure><measureDetails><uuid>40280381-4555-e1c1-0145-8eb06e66277a</uuid><title>Depression Utilization of the PHQ-9 Tool</title><shortTitle>Dep_PHQ-9</shortTitle><emeasureid>160</emeasureid><guid>a4b9763c-847e-4e02-bb7e-acc596e90e2c</guid><version>3</version><status>Complete</status><nqfid extension="0712" root="2.16.840.1.113883.3.560.1"/><period uuid="40280381-3d61-56a7-013e-8a363827334a"><startDate uuid="40280381-3d61-56a7-013e-8a363827334b">00000101</startDate><stopDate uuid="40280381-3d61-56a7-013e-8a363829338c">00001231</stopDate></period><steward>MN Community Measurement</steward><developers><developer id="d0b4e0a2-2429-466e-b766-f7725fcc87bf">MN Community Measurement</developer></developers><endorsement id="2.16.840.1.113883.3.560">National Quality Forum</endorsement><description>Adult patients age 18 and older with the diagnosis of major depression or dysthymia who have a PHQ-9 tool administered at least once during a 4-month period in which there was a qualifying visit.</description><copyright>Copyright MN Community Measurement, 2014. All rights reserved</copyright><disclaimer>This measure is “re-tooled” from the existing NQF # 712 measure. eMeasure development was a collaboration between MN Community Measurement and Telligen with technical assistance provided by Telligen.</disclaimer><scoring id="PROPOR">Proportion</scoring><types><type id="PROCESS">Process</type></types><stratification>None</stratification><riskAdjustment>None</riskAdjustment><aggregation>None</aggregation><rationale>The Centers for Disease Control and Prevention states that nationally 15.7% of people report being told by a health care professional that they had depression at some point in their lifetime. Persons with a current diagnosis of depression and a lifetime diagnosis of depression or anxiety were significantly more likely than persons without these conditions to have cardiovascular disease, diabetes, asthma and obesity and to be a current smoker, to be physically inactive and to drink heavily. According to National Institute of Mental Health (NIMH), 6.7 percent of the U.S. population ages 18 and older (14.8 million people) in any given year have a diagnosis of a major depressive disorder. Major depression is the leading cause of disability in the U.S. for ages 15 - 44. Additionally, dysthymia accounts for an additional 3.3 million Americans.</rationale><recommendations>This process measure for using the PHQ-9 tool is directly related to the desired outcomes of demonstrating improvement in symptoms of depression (remission). Improvement in the symptoms of depression and an ongoing assessment of the current treatment plan is crucial to the reduction of symptoms and psychosocial well being of patients with major depression. Most people treated for initial depression need to be on medication at least six to twelve months after adequate response to symptoms, patients with recurrent depression need to be treated for three years or more and response with psychotherapy can take eight to twelve weeks of regular and frequent therapy to show improvement. Remission is defined as a PHQ-9 score of less than five at twelve months. The Patient Health Questionnaire (PHQ-9) tool is a widely accepted, standardized tool [Developed by Drs. Robert L. Spitzer, Janet B.W. Williams, Kurt Kroenke and colleagues, with an educational grant from Pfizer Inc. No permission required to reproduce, translate, display or distribute.] that is completed by the patient, ideally at each visit, and utilized by the provider to monitor treatment progress. This tool was selected for measuring outcomes for this population because it is 1) validated with a sensitivity of .080 and a specificity of 0.92 with substantial heterogeneity I2 = 82%, 2) widely accepted and utilized in Minnesota, 3) available for clinical use, 4) translated into many languages and 5) easy for the patient to complete and the provider to score. Available at www.phqscreeners.com. This nine question tool contains the following questions which are scored on a scale of 0 to 27 based on the scale of Not at All (0), Several Days (1), More Than Half the Days (2), or Nearly Every Day (3) for responses to the questions over the last 2 weeks. &#xD;
• Little interest or pleasure in doing things &#xD;
• Feeling down, depressed, or hopeless&#xD;
• Feeling tired or having little energy &#xD;
• Poor appetite or overeating &#xD;
• Feeling bad about yourself - or that you are a failure or have let yourself or your family down &#xD;
• Trouble concentrating on things, such as reading the newspaper or watching television &#xD;
• Moving or speaking so slowly that other people could have noticed? Or the opposite - being so fidgety or restless that you have been moving around a lot more than usual &#xD;
• Thoughts that you would be better off dead or of hurting yourself in some way</recommendations><improvementNotations>Higher scores indicate better quality</improvementNotations><references><reference>Centers for Disease Control and Prevention: Anxiety and Depression Effective Treatments Exist: People with depression and anxiety should seek help as early as possible to reduce health effects and improve quality of life. March 2009. Based on 2006 Behavior Risk Factor Surveillance System www.cdc.gov/Features/dsBRFSSDepressionAnxiety/</reference><reference>Suicide Prevention Resource Center: Minnesota Suicide Fact Sheet; Suicides 1999 - 2005 www.sprc.org/</reference><reference>www.nimh.nih.gov/health/publications/the-numbers-count-mental-disorders-in-america</reference><reference>National Institute of Mental Health: The Numbers Count: Mental Disorders in America August 2009</reference><reference>Screening for Depression in Medical Settings with the Patient Health Questionnaire (PHQ) A Diagnostic Meta Analysis. Gilbody, Simon et al Journal of General Internal Medicine Sept 2007</reference><reference>The PHQ-9: Validity of a Brief Depression Severity Measure Kurt Kroenke, MD, Robert Spitzer, MD J Gen Intern Med 2001 16:606-613</reference><reference>Collaborative Care for Depression: a Cumulative Meta-analysis and Review of Longer-term Outcomes. Gilbody, Simon et al Archives Internal Medicine Dec 2006</reference></references><definitions>None</definitions><guidance>None</guidance><transmissionFormat>TBD</transmissionFormat><initialPatientPopDescription>Adult patients age 18 and older with an office visit and the diagnosis of major depression or dysthymia during each four month period</initialPatientPopDescription><denominatorDescription>Equals the Initial Patient Population</denominatorDescription><denominatorExclusionsDescription>1: Patients who died&#xD;
2: Patients who received hospice services&#xD;
3: Patients who were permanent nursing home residents &#xD;
4: Patients with a diagnosis of bipolar disorder&#xD;
5: Patients with a diagnosis of personality disorder</denominatorExclusionsDescription><numeratorDescription>Adult patients who have a PHQ-9 tool administered at least once during the four-month period.</numeratorDescription><numeratorExclusionsDescription>Not applicable</numeratorExclusionsDescription><denominatorExceptionsDescription>None</denominatorExceptionsDescription><measurePopulationDescription>Not applicable</measurePopulationDescription><measureObservationsDescription>Not applicable</measureObservationsDescription><supplementalData>For every patient evaluated by this measure also identify payer, race, ethnicity and sex.</supplementalData><qualityMeasureSet uuid="b1021e36-3807-4978-be68-18d7fa525c31">None</qualityMeasureSet></measureDetails><supplementalDataElements><elementRef id="40280381-3d61-56a7-013e-8a3638273345" name="ONC Administrative Sex"/><elementRef id="40280381-3d61-56a7-013e-8a3638273346" name="Race"/><elementRef id="40280381-3d61-56a7-013e-8a3638273347" name="Ethnicity"/><elementRef id="40280381-3d61-56a7-013e-8a3638273348" name="Payer"/></supplementalDataElements><measureGrouping><group sequence="1"><clause displayName="Initial Patient Population 1" type="initialPatientPopulation" uuid="F1961D80-9B7A-4313-A17B-BACD0566DA8A"><logicalOp displayName="AND" type="and"><relationalOp displayName="&gt;= 18 years Starts Before Start Of" operatorType="Greater Than or Equal To" quantity="18" type="SBS" unit="years"><elementRef displayName="birth date : Patient Characteristic Birthdate" id="40280381-3d61-56a7-013e-8a3638273349" type="qdm"/><elementRef displayName="Measurement Period : Timing Element" id="40280381-3d61-56a7-013e-8a363827334a" type="qdm"/></relationalOp><logicalOp displayName="OR" type="or"><logicalOp displayName="AND" type="and"><relationalOp displayName="Starts Before Or During" type="SBOD"><elementRef displayName="Occurrence A of Major Depression Including Remission : Diagnosis, Active" id="40280381-3d61-56a7-013e-8a36382a3396" type="qdm"/><elementRef displayName="Occurrence A of Office Visit : Encounter, Performed" id="40280381-3d61-56a7-013e-8a363827335b" type="qdm"/></relationalOp><functionalOp displayName="NOT" type="NOT" uuid="c39fd8b4-d57b-42a5-ac10-a7ad6772bfc5"><relationalOp displayName="Ends Before Start Of" type="EBS"><elementRef displayName="Occurrence A of Major Depression Including Remission : Diagnosis, Active" id="40280381-3d61-56a7-013e-8a36382a3396" type="qdm"/><elementRef displayName="Occurrence A of Office Visit : Encounter, Performed" id="40280381-3d61-56a7-013e-8a363827335b" type="qdm"/></relationalOp></functionalOp></logicalOp><logicalOp displayName="AND" type="and"><relationalOp displayName="Starts Before Or During" type="SBOD"><elementRef displayName="Occurrence A of Dysthymia : Diagnosis, Active" id="40280381-3d61-56a7-013e-8a36382a3392" type="qdm"/><elementRef displayName="Occurrence A of Office Visit : Encounter, Performed" id="40280381-3d61-56a7-013e-8a363827335b" type="qdm"/></relationalOp><functionalOp displayName="NOT" type="NOT" uuid="62abe367-710a-4a5a-959d-6fff9ec8273f"><relationalOp displayName="Ends Before Start Of" type="EBS"><elementRef displayName="Occurrence A of Dysthymia : Diagnosis, Active" id="40280381-3d61-56a7-013e-8a36382a3392" type="qdm"/><elementRef displayName="Occurrence A of Office Visit : Encounter, Performed" id="40280381-3d61-56a7-013e-8a363827335b" type="qdm"/></relationalOp></functionalOp></logicalOp><logicalOp displayName="AND" type="and"><relationalOp displayName="Starts Before Or During" type="SBOD"><elementRef displayName="Occurrence A of Major Depression Including Remission : Diagnosis, Active" id="40280381-3d61-56a7-013e-8a36382a3396" type="qdm"><attribute mode="Value Set" name="ordinality" qdmUUID="745063bc-6d73-4630-be06-8b87145b9e12"/></elementRef><elementRef displayName="Occurrence A of Psych Visit : Encounter, Performed" id="40280381-3d61-56a7-013e-8a36382a3394" type="qdm"/></relationalOp><functionalOp displayName="NOT" type="NOT" uuid="95185a07-3f04-4e88-9099-840704a268f0"><relationalOp displayName="Ends Before Start Of" type="EBS"><elementRef displayName="Occurrence A of Major Depression Including Remission : Diagnosis, Active" id="40280381-3d61-56a7-013e-8a36382a3396" type="qdm"><attribute mode="Value Set" name="ordinality" qdmUUID="745063bc-6d73-4630-be06-8b87145b9e12"/></elementRef><elementRef displayName="Occurrence A of Psych Visit : Encounter, Performed" id="40280381-3d61-56a7-013e-8a36382a3394" type="qdm"/></relationalOp></functionalOp></logicalOp><logicalOp displayName="AND" type="and"><relationalOp displayName="Starts Before Or During" type="SBOD"><elementRef displayName="Occurrence A of Dysthymia : Diagnosis, Active" id="40280381-3d61-56a7-013e-8a36382a3392" type="qdm"><attribute mode="Value Set" name="ordinality" qdmUUID="745063bc-6d73-4630-be06-8b87145b9e12"/></elementRef><elementRef displayName="Occurrence A of Psych Visit : Encounter, Performed" id="40280381-3d61-56a7-013e-8a36382a3394" type="qdm"/></relationalOp><functionalOp displayName="NOT" type="NOT" uuid="6fc4acdc-392e-4cfe-85a0-2a105fb33701"><relationalOp displayName="Ends Before Start Of" type="EBS"><elementRef displayName="Occurrence A of Dysthymia : Diagnosis, Active" id="40280381-3d61-56a7-013e-8a36382a3392" type="qdm"><attribute mode="Value Set" name="ordinality" qdmUUID="745063bc-6d73-4630-be06-8b87145b9e12"/></elementRef><elementRef displayName="Occurrence A of Psych Visit : Encounter, Performed" id="40280381-3d61-56a7-013e-8a36382a3394" type="qdm"/></relationalOp></functionalOp></logicalOp><logicalOp displayName="AND" type="and"><relationalOp displayName="Starts Before Or During" type="SBOD"><elementRef displayName="Occurrence A of Major Depression Including Remission : Diagnosis, Active" id="40280381-3d61-56a7-013e-8a36382a3396" type="qdm"/><elementRef displayName="Occurrence A of Face to Face Interaction - No ED : Encounter, Performed" id="f8b251d6-6be0-4d91-9f53-2ff545b9664a" type="qdm"/></relationalOp><functionalOp displayName="NOT" type="NOT" uuid="572f9ae3-ae8e-4c0d-a0bd-bc4a47645381"><relationalOp displayName="Ends Before Start Of" type="EBS"><elementRef displayName="Occurrence A of Major Depression Including Remission : Diagnosis, Active" id="40280381-3d61-56a7-013e-8a36382a3396" type="qdm"/><elementRef displayName="Occurrence A of Face to Face Interaction - No ED : Encounter, Performed" id="f8b251d6-6be0-4d91-9f53-2ff545b9664a" type="qdm"/></relationalOp></functionalOp></logicalOp><logicalOp displayName="AND" type="and"><relationalOp displayName="Starts Before Or During" type="SBOD"><elementRef displayName="Occurrence A of Dysthymia : Diagnosis, Active" id="40280381-3d61-56a7-013e-8a36382a3392" type="qdm"/><elementRef displayName="Occurrence A of Face to Face Interaction - No ED : Encounter, Performed" id="f8b251d6-6be0-4d91-9f53-2ff545b9664a" type="qdm"/></relationalOp><functionalOp displayName="NOT" type="NOT" uuid="12fa8d4f-d557-4905-839f-678b73ec13fb"><relationalOp displayName="Ends Before Start Of" type="EBS"><elementRef displayName="Occurrence A of Dysthymia : Diagnosis, Active" id="40280381-3d61-56a7-013e-8a36382a3392" type="qdm"/><elementRef displayName="Occurrence A of Face to Face Interaction - No ED : Encounter, Performed" id="f8b251d6-6be0-4d91-9f53-2ff545b9664a" type="qdm"/></relationalOp></functionalOp></logicalOp></logicalOp><relationalOp displayName="&lt; 4 months Ends Before Or During" operatorType="Less Than" quantity="4" type="EBOD" unit="months"><logicalOp displayName="OR" type="or"><elementRef displayName="Occurrence A of Office Visit : Encounter, Performed" id="40280381-3d61-56a7-013e-8a363827335b" type="qdm"/><elementRef displayName="Occurrence A of Psych Visit : Encounter, Performed" id="40280381-3d61-56a7-013e-8a36382a3394" type="qdm"/><elementRef displayName="Occurrence A of Face to Face Interaction - No ED : Encounter, Performed" id="f8b251d6-6be0-4d91-9f53-2ff545b9664a" type="qdm"/></logicalOp><elementRef displayName="Measurement End Date : Timing Element" id="40280381-3d61-56a7-013e-8a363829338c" type="qdm"/></relationalOp></logicalOp></clause><clause displayName="Denominator 1" type="denominator" uuid="691C6D8D-6993-4391-9D17-F0825D9A46CA"><logicalOp displayName="AND" type="and"/></clause><clause displayName="Denominator Exclusions 1" type="denominatorExclusions" uuid="45452AF3-C740-4D23-AA6E-9755388F4BAC"><logicalOp displayName="AND" type="and"><relationalOp displayName="&lt; 4 months Starts Before Or During" operatorType="Less Than" quantity="4" type="SBOD" unit="months"><logicalOp displayName="OR" type="or"><elementRef displayName="Deceased : Patient Characteristic Expired" id="40280381-3d61-56a7-013e-8a3638283367" type="qdm"/><elementRef displayName="Palliative Care : Intervention, Order" id="40280381-3d61-56a7-013e-8a3638283368" type="qdm"/><elementRef displayName="Bipolar Disorder : Diagnosis, Active" id="40280381-3d61-56a7-013e-8a3638283369" type="qdm"/><elementRef displayName="Personality Disorder : Diagnosis, Active" id="40280381-3d61-56a7-013e-8a363828336a" type="qdm"/><elementRef displayName="Care Services in Long-Term Residential Facility : Encounter, Performed" id="40280381-3e93-d1af-013e-a8c4e64a4ad3" type="qdm"/></logicalOp><elementRef displayName="Measurement End Date : Timing Element" id="40280381-3d61-56a7-013e-8a363829338c" type="qdm"/></relationalOp></logicalOp></clause><clause displayName="Numerator 1" type="numerator" uuid="865257DC-F1FE-4690-8568-9492ECBC1450"><logicalOp displayName="AND" type="and"><relationalOp displayName="&lt; 4 months Ends Before Or During" operatorType="Less Than" quantity="4" type="EBOD" unit="months"><elementRef displayName="PHQ-9 Tool : Risk Category Assessment" id="40280381-3d61-56a7-013e-8a363828336d" type="qdm"><attribute mode="Check if Present" name="result"/></elementRef><elementRef displayName="Measurement End Date : Timing Element" id="40280381-3d61-56a7-013e-8a363829338c" type="qdm"/></relationalOp></logicalOp></clause></group><group sequence="2"><clause displayName="Initial Patient Population 2" type="initialPatientPopulation" uuid="72D538B6-70F2-45A4-B5A2-345B0AEE2ABC"><logicalOp displayName="AND" type="and"><relationalOp displayName="&gt;= 18 years Starts Before Start Of" operatorType="Greater Than or Equal To" quantity="18" type="SBS" unit="years"><elementRef displayName="birth date : Patient Characteristic Birthdate" id="40280381-3d61-56a7-013e-8a3638273349" type="qdm"/><elementRef displayName="Measurement Period : Timing Element" id="40280381-3d61-56a7-013e-8a363827334a" type="qdm"/></relationalOp><logicalOp displayName="OR" type="or"><logicalOp displayName="AND" type="and"><relationalOp displayName="&gt; 4 months Starts After Start Of" operatorType="Greater Than" quantity="4" type="SAS" unit="months"><elementRef displayName="Occurrence A of Office Visit : Encounter, Performed" id="40280381-3d61-56a7-013e-8a363827335b" type="qdm"/><elementRef displayName="Measurement Start Date : Timing Element" id="40280381-3d61-56a7-013e-8a363827334b" type="qdm"/></relationalOp><relationalOp displayName="&lt; 8 months Starts After Start Of" operatorType="Less Than" quantity="8" type="SAS" unit="months"><elementRef displayName="Occurrence A of Office Visit : Encounter, Performed" id="40280381-3d61-56a7-013e-8a363827335b" type="qdm"/><elementRef displayName="Measurement Start Date : Timing Element" id="40280381-3d61-56a7-013e-8a363827334b" type="qdm"/></relationalOp></logicalOp><logicalOp displayName="AND" type="and"><relationalOp displayName="&gt; 4 months Starts After Start Of" operatorType="Greater Than" quantity="4" type="SAS" unit="months"><elementRef displayName="Occurrence A of Psych Visit : Encounter, Performed" id="40280381-3d61-56a7-013e-8a36382a3394" type="qdm"/><elementRef displayName="Measurement Start Date : Timing Element" id="40280381-3d61-56a7-013e-8a363827334b" type="qdm"/></relationalOp><relationalOp displayName="&lt; 8 months Starts After Start Of" operatorType="Less Than" quantity="8" type="SAS" unit="months"><elementRef displayName="Occurrence A of Psych Visit : Encounter, Performed" id="40280381-3d61-56a7-013e-8a36382a3394" type="qdm"/><elementRef displayName="Measurement Start Date : Timing Element" id="40280381-3d61-56a7-013e-8a363827334b" type="qdm"/></relationalOp></logicalOp><logicalOp displayName="AND" type="and"><relationalOp displayName="&gt; 4 months Starts After Start Of" operatorType="Greater Than" quantity="4" type="SAS" unit="months"><elementRef displayName="Occurrence A of Face to Face Interaction - No ED : Encounter, Performed" id="f8b251d6-6be0-4d91-9f53-2ff545b9664a" type="qdm"/><elementRef displayName="Measurement Start Date : Timing Element" id="40280381-3d61-56a7-013e-8a363827334b" type="qdm"/></relationalOp><relationalOp displayName="&lt; 8 months Starts After Start Of" operatorType="Less Than" quantity="8" type="SAS" unit="months"><elementRef displayName="Occurrence A of Face to Face Interaction - No ED : Encounter, Performed" id="f8b251d6-6be0-4d91-9f53-2ff545b9664a" type="qdm"/><elementRef displayName="Measurement Start Date : Timing Element" id="40280381-3d61-56a7-013e-8a363827334b" type="qdm"/></relationalOp></logicalOp></logicalOp><logicalOp displayName="OR" type="or"><logicalOp displayName="AND" type="and"><relationalOp displayName="Starts Before Or During" type="SBOD"><elementRef displayName="Occurrence A of Major Depression Including Remission : Diagnosis, Active" id="40280381-3d61-56a7-013e-8a36382a3396" type="qdm"/><elementRef displayName="Occurrence A of Office Visit : Encounter, Performed" id="40280381-3d61-56a7-013e-8a363827335b" type="qdm"/></relationalOp><functionalOp displayName="NOT" type="NOT" uuid="f6baad7d-6eeb-463a-b6b9-425ff94b4fd9"><relationalOp displayName="Ends Before Start Of" type="EBS"><elementRef displayName="Occurrence A of Major Depression Including Remission : Diagnosis, Active" id="40280381-3d61-56a7-013e-8a36382a3396" type="qdm"/><elementRef displayName="Occurrence A of Office Visit : Encounter, Performed" id="40280381-3d61-56a7-013e-8a363827335b" type="qdm"/></relationalOp></functionalOp></logicalOp><logicalOp displayName="AND" type="and"><relationalOp displayName="Starts Before Or During" type="SBOD"><elementRef displayName="Occurrence A of Dysthymia : Diagnosis, Active" id="40280381-3d61-56a7-013e-8a36382a3392" type="qdm"/><elementRef displayName="Occurrence A of Office Visit : Encounter, Performed" id="40280381-3d61-56a7-013e-8a363827335b" type="qdm"/></relationalOp><functionalOp displayName="NOT" type="NOT" uuid="f6b31e35-baa6-42d8-a37a-bb5999bcf9f6"><relationalOp displayName="Ends Before Start Of" type="EBS"><elementRef displayName="Occurrence A of Dysthymia : Diagnosis, Active" id="40280381-3d61-56a7-013e-8a36382a3392" type="qdm"/><elementRef displayName="Occurrence A of Office Visit : Encounter, Performed" id="40280381-3d61-56a7-013e-8a363827335b" type="qdm"/></relationalOp></functionalOp></logicalOp><logicalOp displayName="AND" type="and"><relationalOp displayName="Starts Before Or During" type="SBOD"><elementRef displayName="Occurrence A of Major Depression Including Remission : Diagnosis, Active" id="40280381-3d61-56a7-013e-8a36382a3396" type="qdm"><attribute mode="Value Set" name="ordinality" qdmUUID="745063bc-6d73-4630-be06-8b87145b9e12"/></elementRef><elementRef displayName="Occurrence A of Psych Visit : Encounter, Performed" id="40280381-3d61-56a7-013e-8a36382a3394" type="qdm"/></relationalOp><functionalOp displayName="NOT" type="NOT" uuid="5c0590f8-35cb-4988-a42d-e3ba7ec2e2af"><relationalOp displayName="Ends Before Start Of" type="EBS"><elementRef displayName="Occurrence A of Major Depression Including Remission : Diagnosis, Active" id="40280381-3d61-56a7-013e-8a36382a3396" type="qdm"><attribute mode="Value Set" name="ordinality" qdmUUID="745063bc-6d73-4630-be06-8b87145b9e12"/></elementRef><elementRef displayName="Occurrence A of Psych Visit : Encounter, Performed" id="40280381-3d61-56a7-013e-8a36382a3394" type="qdm"/></relationalOp></functionalOp></logicalOp><logicalOp displayName="AND" type="and"><relationalOp displayName="Starts Before Or During" type="SBOD"><elementRef displayName="Occurrence A of Dysthymia : Diagnosis, Active" id="40280381-3d61-56a7-013e-8a36382a3392" type="qdm"><attribute mode="Value Set" name="ordinality" qdmUUID="745063bc-6d73-4630-be06-8b87145b9e12"/></elementRef><elementRef displayName="Occurrence A of Psych Visit : Encounter, Performed" id="40280381-3d61-56a7-013e-8a36382a3394" type="qdm"/></relationalOp><functionalOp displayName="NOT" type="NOT" uuid="d44fc31c-8fc7-4b22-a319-78024ce34e22"><relationalOp displayName="Ends Before Start Of" type="EBS"><elementRef displayName="Occurrence A of Dysthymia : Diagnosis, Active" id="40280381-3d61-56a7-013e-8a36382a3392" type="qdm"><attribute mode="Value Set" name="ordinality" qdmUUID="745063bc-6d73-4630-be06-8b87145b9e12"/></elementRef><elementRef displayName="Occurrence A of Psych Visit : Encounter, Performed" id="40280381-3d61-56a7-013e-8a36382a3394" type="qdm"/></relationalOp></functionalOp></logicalOp><logicalOp displayName="AND" type="and"><relationalOp displayName="Starts Before Or During" type="SBOD"><elementRef displayName="Occurrence A of Major Depression Including Remission : Diagnosis, Active" id="40280381-3d61-56a7-013e-8a36382a3396" type="qdm"/><elementRef displayName="Occurrence A of Face to Face Interaction - No ED : Encounter, Performed" id="f8b251d6-6be0-4d91-9f53-2ff545b9664a" type="qdm"/></relationalOp><functionalOp displayName="NOT" type="NOT" uuid="9675b190-4e79-4616-a40a-7f4c9b34001c"><relationalOp displayName="Ends Before Start Of" type="EBS"><elementRef displayName="Occurrence A of Major Depression Including Remission : Diagnosis, Active" id="40280381-3d61-56a7-013e-8a36382a3396" type="qdm"/><elementRef displayName="Occurrence A of Face to Face Interaction - No ED : Encounter, Performed" id="f8b251d6-6be0-4d91-9f53-2ff545b9664a" type="qdm"/></relationalOp></functionalOp></logicalOp><logicalOp displayName="AND" type="and"><relationalOp displayName="Starts Before Or During" type="SBOD"><elementRef displayName="Occurrence A of Dysthymia : Diagnosis, Active" id="40280381-3d61-56a7-013e-8a36382a3392" type="qdm"/><elementRef displayName="Occurrence A of Face to Face Interaction - No ED : Encounter, Performed" id="f8b251d6-6be0-4d91-9f53-2ff545b9664a" type="qdm"/></relationalOp><functionalOp displayName="NOT" type="NOT" uuid="19fa9ac8-4caa-4a5c-af79-25bbd1d82598"><relationalOp displayName="Ends Before Start Of" type="EBS"><elementRef displayName="Occurrence A of Dysthymia : Diagnosis, Active" id="40280381-3d61-56a7-013e-8a36382a3392" type="qdm"/><elementRef displayName="Occurrence A of Face to Face Interaction - No ED : Encounter, Performed" id="f8b251d6-6be0-4d91-9f53-2ff545b9664a" type="qdm"/></relationalOp></functionalOp></logicalOp></logicalOp></logicalOp></clause><clause displayName="Denominator 2" type="denominator" uuid="E20967E1-6CD1-465F-BDAD-D577F537E1FE"><logicalOp displayName="AND" type="and"/></clause><clause displayName="Denominator Exclusions 2" type="denominatorExclusions" uuid="7576339A-8595-436C-83F9-4C1F53D222EE"><logicalOp displayName="AND" type="and"><logicalOp displayName="OR" type="or"><logicalOp displayName="AND" type="and"><relationalOp displayName="&gt; 4 months Starts After Start Of" operatorType="Greater Than" quantity="4" type="SAS" unit="months"><elementRef displayName="Deceased : Patient Characteristic Expired" id="40280381-3d61-56a7-013e-8a3638283367" type="qdm"/><elementRef displayName="Measurement Start Date : Timing Element" id="40280381-3d61-56a7-013e-8a363827334b" type="qdm"/></relationalOp><relationalOp displayName="&lt; 8 months Starts After Start Of" operatorType="Less Than" quantity="8" type="SAS" unit="months"><elementRef displayName="Deceased : Patient Characteristic Expired" id="40280381-3d61-56a7-013e-8a3638283367" type="qdm"/><elementRef displayName="Measurement Start Date : Timing Element" id="40280381-3d61-56a7-013e-8a363827334b" type="qdm"/></relationalOp></logicalOp><logicalOp displayName="AND" type="and"><relationalOp displayName="&gt; 4 months Starts After Start Of" operatorType="Greater Than" quantity="4" type="SAS" unit="months"><elementRef displayName="Occurrence A of Palliative Care : Intervention, Order" id="40280381-3d61-56a7-013e-8a3638293388" type="qdm"/><elementRef displayName="Measurement Start Date : Timing Element" id="40280381-3d61-56a7-013e-8a363827334b" type="qdm"/></relationalOp><relationalOp displayName="&lt; 8 months Starts After Start Of" operatorType="Less Than" quantity="8" type="SAS" unit="months"><elementRef displayName="Occurrence A of Palliative Care : Intervention, Order" id="40280381-3d61-56a7-013e-8a3638293388" type="qdm"/><elementRef displayName="Measurement Start Date : Timing Element" id="40280381-3d61-56a7-013e-8a363827334b" type="qdm"/></relationalOp></logicalOp><logicalOp displayName="AND" type="and"><relationalOp displayName="&gt; 4 months Starts After Start Of" operatorType="Greater Than" quantity="4" type="SAS" unit="months"><elementRef displayName="Occurrence A of Bipolar Disorder : Diagnosis, Active" id="40280381-3d61-56a7-013e-8a3638293389" type="qdm"/><elementRef displayName="Measurement Start Date : Timing Element" id="40280381-3d61-56a7-013e-8a363827334b" type="qdm"/></relationalOp><relationalOp displayName="&lt; 8 months Starts After Start Of" operatorType="Less Than" quantity="8" type="SAS" unit="months"><elementRef displayName="Occurrence A of Bipolar Disorder : Diagnosis, Active" id="40280381-3d61-56a7-013e-8a3638293389" type="qdm"/><elementRef displayName="Measurement Start Date : Timing Element" id="40280381-3d61-56a7-013e-8a363827334b" type="qdm"/></relationalOp></logicalOp><logicalOp displayName="AND" type="and"><relationalOp displayName="&gt; 4 months Starts After Start Of" operatorType="Greater Than" quantity="4" type="SAS" unit="months"><elementRef displayName="Occurrence A of Personality Disorder : Diagnosis, Active" id="40280381-3d61-56a7-013e-8a363829338a" type="qdm"/><elementRef displayName="Measurement Start Date : Timing Element" id="40280381-3d61-56a7-013e-8a363827334b" type="qdm"/></relationalOp><relationalOp displayName="&lt; 8 months Starts After Start Of" operatorType="Less Than" quantity="8" type="SAS" unit="months"><elementRef displayName="Occurrence A of Personality Disorder : Diagnosis, Active" id="40280381-3d61-56a7-013e-8a363829338a" type="qdm"/><elementRef displayName="Measurement Start Date : Timing Element" id="40280381-3d61-56a7-013e-8a363827334b" type="qdm"/></relationalOp></logicalOp><logicalOp displayName="AND" type="and"><relationalOp displayName="&gt; 4 months Starts After Start Of" operatorType="Greater Than" quantity="4" type="SAS" unit="months"><elementRef displayName="Occurrence A of Care Services in Long-Term Residential Facility : Encounter, Performed" id="40280381-3d61-56a7-013e-8a36382a3395" type="qdm"/><elementRef displayName="Measurement Start Date : Timing Element" id="40280381-3d61-56a7-013e-8a363827334b" type="qdm"/></relationalOp><relationalOp displayName="&lt; 8 months Starts After Start Of" operatorType="Less Than" quantity="8" type="SAS" unit="months"><elementRef displayName="Occurrence A of Care Services in Long-Term Residential Facility : Encounter, Performed" id="40280381-3d61-56a7-013e-8a36382a3395" type="qdm"/><elementRef displayName="Measurement Start Date : Timing Element" id="40280381-3d61-56a7-013e-8a363827334b" type="qdm"/></relationalOp></logicalOp></logicalOp></logicalOp></clause><clause displayName="Numerator 2" type="numerator" uuid="A4E5DFEA-7BD3-42D3-B0D5-13B44AF854F3"><logicalOp displayName="AND" type="and"><relationalOp displayName="&gt; 4 months Ends After Start Of" operatorType="Greater Than" quantity="4" type="EAS" unit="months"><elementRef displayName="Occurrence A of PHQ-9 Tool : Risk Category Assessment" id="40280381-3d61-56a7-013e-8a3638293387" type="qdm"><attribute mode="Check if Present" name="result"/></elementRef><elementRef displayName="Measurement Start Date : Timing Element" id="40280381-3d61-56a7-013e-8a363827334b" type="qdm"/></relationalOp><relationalOp displayName="&lt; 8 months Ends After Start Of" operatorType="Less Than" quantity="8" type="EAS" unit="months"><elementRef displayName="Occurrence A of PHQ-9 Tool : Risk Category Assessment" id="40280381-3d61-56a7-013e-8a3638293387" type="qdm"/><elementRef displayName="Measurement Start Date : Timing Element" id="40280381-3d61-56a7-013e-8a363827334b" type="qdm"/></relationalOp></logicalOp></clause></group><group sequence="3"><clause displayName="Initial Patient Population 3" type="initialPatientPopulation" uuid="14779348-165F-4F5D-BC7F-C150697E1F13"><logicalOp displayName="AND" type="and"><relationalOp displayName="&gt;= 18 years Starts Before Start Of" operatorType="Greater Than or Equal To" quantity="18" type="SBS" unit="years"><elementRef displayName="birth date : Patient Characteristic Birthdate" id="40280381-3d61-56a7-013e-8a3638273349" type="qdm"/><elementRef displayName="Measurement Period : Timing Element" id="40280381-3d61-56a7-013e-8a363827334a" type="qdm"/></relationalOp><logicalOp displayName="OR" type="or"><logicalOp displayName="AND" type="and"><relationalOp displayName="Starts Before Or During" type="SBOD"><elementRef displayName="Occurrence A of Major Depression Including Remission : Diagnosis, Active" id="40280381-3d61-56a7-013e-8a36382a3396" type="qdm"/><elementRef displayName="Occurrence A of Office Visit : Encounter, Performed" id="40280381-3d61-56a7-013e-8a363827335b" type="qdm"/></relationalOp><functionalOp displayName="NOT" type="NOT" uuid="21f2903f-10ce-4575-85a9-a4e866ddc79e"><relationalOp displayName="Ends Before Start Of" type="EBS"><elementRef displayName="Occurrence A of Major Depression Including Remission : Diagnosis, Active" id="40280381-3d61-56a7-013e-8a36382a3396" type="qdm"/><elementRef displayName="Occurrence A of Office Visit : Encounter, Performed" id="40280381-3d61-56a7-013e-8a363827335b" type="qdm"/></relationalOp></functionalOp></logicalOp><logicalOp displayName="AND" type="and"><relationalOp displayName="Starts Before Or During" type="SBOD"><elementRef displayName="Occurrence A of Dysthymia : Diagnosis, Active" id="40280381-3d61-56a7-013e-8a36382a3392" type="qdm"/><elementRef displayName="Occurrence A of Office Visit : Encounter, Performed" id="40280381-3d61-56a7-013e-8a363827335b" type="qdm"/></relationalOp><functionalOp displayName="NOT" type="NOT" uuid="4e5058a8-dd6f-441b-a09c-3ee2c57642d5"><relationalOp displayName="Ends Before Start Of" type="EBS"><elementRef displayName="Occurrence A of Dysthymia : Diagnosis, Active" id="40280381-3d61-56a7-013e-8a36382a3392" type="qdm"/><elementRef displayName="Occurrence A of Office Visit : Encounter, Performed" id="40280381-3d61-56a7-013e-8a363827335b" type="qdm"/></relationalOp></functionalOp></logicalOp><logicalOp displayName="AND" type="and"><relationalOp displayName="Starts Before Or During" type="SBOD"><elementRef displayName="Occurrence A of Major Depression Including Remission : Diagnosis, Active" id="40280381-3d61-56a7-013e-8a36382a3396" type="qdm"><attribute mode="Value Set" name="ordinality" qdmUUID="745063bc-6d73-4630-be06-8b87145b9e12"/></elementRef><elementRef displayName="Occurrence A of Psych Visit : Encounter, Performed" id="40280381-3d61-56a7-013e-8a36382a3394" type="qdm"/></relationalOp><functionalOp displayName="NOT" type="NOT" uuid="6c09a5fb-24b7-4568-a6f2-63dea62721de"><relationalOp displayName="Ends Before Start Of" type="EBS"><elementRef displayName="Occurrence A of Major Depression Including Remission : Diagnosis, Active" id="40280381-3d61-56a7-013e-8a36382a3396" type="qdm"><attribute mode="Value Set" name="ordinality" qdmUUID="745063bc-6d73-4630-be06-8b87145b9e12"/></elementRef><elementRef displayName="Occurrence A of Psych Visit : Encounter, Performed" id="40280381-3d61-56a7-013e-8a36382a3394" type="qdm"/></relationalOp></functionalOp></logicalOp><logicalOp displayName="AND" type="and"><relationalOp displayName="Starts Before Or During" type="SBOD"><elementRef displayName="Occurrence A of Dysthymia : Diagnosis, Active" id="40280381-3d61-56a7-013e-8a36382a3392" type="qdm"><attribute mode="Value Set" name="ordinality" qdmUUID="745063bc-6d73-4630-be06-8b87145b9e12"/></elementRef><elementRef displayName="Occurrence A of Psych Visit : Encounter, Performed" id="40280381-3d61-56a7-013e-8a36382a3394" type="qdm"/></relationalOp><functionalOp displayName="NOT" type="NOT" uuid="9d0f5027-0f65-4b97-8696-3de332b3a22e"><relationalOp displayName="Ends Before Start Of" type="EBS"><elementRef displayName="Occurrence A of Dysthymia : Diagnosis, Active" id="40280381-3d61-56a7-013e-8a36382a3392" type="qdm"><attribute mode="Value Set" name="ordinality" qdmUUID="745063bc-6d73-4630-be06-8b87145b9e12"/></elementRef><elementRef displayName="Occurrence A of Psych Visit : Encounter, Performed" id="40280381-3d61-56a7-013e-8a36382a3394" type="qdm"/></relationalOp></functionalOp></logicalOp><logicalOp displayName="AND" type="and"><relationalOp displayName="Starts Before Or During" type="SBOD"><elementRef displayName="Occurrence A of Major Depression Including Remission : Diagnosis, Active" id="40280381-3d61-56a7-013e-8a36382a3396" type="qdm"/><elementRef displayName="Occurrence A of Face to Face Interaction - No ED : Encounter, Performed" id="f8b251d6-6be0-4d91-9f53-2ff545b9664a" type="qdm"/></relationalOp><functionalOp displayName="NOT" type="NOT" uuid="843da80a-f1f2-422f-93fd-86033b3c3de5"><relationalOp displayName="Ends Before Start Of" type="EBS"><elementRef displayName="Occurrence A of Major Depression Including Remission : Diagnosis, Active" id="40280381-3d61-56a7-013e-8a36382a3396" type="qdm"/><elementRef displayName="Occurrence A of Face to Face Interaction - No ED : Encounter, Performed" id="f8b251d6-6be0-4d91-9f53-2ff545b9664a" type="qdm"/></relationalOp></functionalOp></logicalOp><logicalOp displayName="AND" type="and"><relationalOp displayName="Starts Before Or During" type="SBOD"><elementRef displayName="Occurrence A of Dysthymia : Diagnosis, Active" id="40280381-3d61-56a7-013e-8a36382a3392" type="qdm"/><elementRef displayName="Occurrence A of Face to Face Interaction - No ED : Encounter, Performed" id="f8b251d6-6be0-4d91-9f53-2ff545b9664a" type="qdm"/></relationalOp><functionalOp displayName="NOT" type="NOT" uuid="c134389e-2a84-4e18-83bb-dda13a3ec394"><relationalOp displayName="Ends Before Start Of" type="EBS"><elementRef displayName="Occurrence A of Dysthymia : Diagnosis, Active" id="40280381-3d61-56a7-013e-8a36382a3392" type="qdm"/><elementRef displayName="Occurrence A of Face to Face Interaction - No ED : Encounter, Performed" id="f8b251d6-6be0-4d91-9f53-2ff545b9664a" type="qdm"/></relationalOp></functionalOp></logicalOp></logicalOp><relationalOp displayName="&lt; 4 months Ends After Start Of" operatorType="Less Than" quantity="4" type="EAS" unit="months"><logicalOp displayName="OR" type="or"><elementRef displayName="Occurrence A of Office Visit : Encounter, Performed" id="40280381-3d61-56a7-013e-8a363827335b" type="qdm"/><elementRef displayName="Occurrence A of Psych Visit : Encounter, Performed" id="40280381-3d61-56a7-013e-8a36382a3394" type="qdm"/><elementRef displayName="Occurrence A of Face to Face Interaction - No ED : Encounter, Performed" id="f8b251d6-6be0-4d91-9f53-2ff545b9664a" type="qdm"/></logicalOp><elementRef displayName="Measurement Start Date : Timing Element" id="40280381-3d61-56a7-013e-8a363827334b" type="qdm"/></relationalOp></logicalOp></clause><clause displayName="Denominator 3" type="denominator" uuid="7BEC1A92-35BD-4465-B32F-B0C5495E9178"><logicalOp displayName="AND" type="and"/></clause><clause displayName="Denominator Exclusions 3" type="denominatorExclusions" uuid="20ED133C-9204-4BB4-827C-3A850DB9F3EE"><logicalOp displayName="AND" type="and"><relationalOp displayName="&lt; 4 months Starts After Start Of" operatorType="Less Than" quantity="4" type="SAS" unit="months"><logicalOp displayName="OR" type="or"><elementRef displayName="Deceased : Patient Characteristic Expired" id="40280381-3d61-56a7-013e-8a3638283367" type="qdm"/><elementRef displayName="Palliative Care : Intervention, Order" id="40280381-3d61-56a7-013e-8a3638283368" type="qdm"/><elementRef displayName="Bipolar Disorder : Diagnosis, Active" id="40280381-3d61-56a7-013e-8a3638283369" type="qdm"/><elementRef displayName="Personality Disorder : Diagnosis, Active" id="40280381-3d61-56a7-013e-8a363828336a" type="qdm"/><elementRef displayName="Care Services in Long-Term Residential Facility : Encounter, Performed" id="40280381-3e93-d1af-013e-a8c4e64a4ad3" type="qdm"/></logicalOp><elementRef displayName="Measurement Start Date : Timing Element" id="40280381-3d61-56a7-013e-8a363827334b" type="qdm"/></relationalOp></logicalOp></clause><clause displayName="Numerator 3" type="numerator" uuid="940F4D8A-D602-412F-952E-364D66C68BB9"><logicalOp displayName="AND" type="and"><relationalOp displayName="&lt; 4 months Ends After Start Of" operatorType="Less Than" quantity="4" type="EAS" unit="months"><elementRef displayName="PHQ-9 Tool : Risk Category Assessment" id="40280381-3d61-56a7-013e-8a363828336d" type="qdm"><attribute mode="Check if Present" name="result"/></elementRef><elementRef displayName="Measurement Start Date : Timing Element" id="40280381-3d61-56a7-013e-8a363827334b" type="qdm"/></relationalOp></logicalOp></clause></group></measureGrouping><elementLookUp><qdm codeSystemName="Telligen" datatype="Diagnosis, Active" id="40280381-3d61-56a7-013e-8a3638293389" instance="Occurrence A" name="Bipolar Disorder" oid="2.16.840.1.113883.3.67.1.101.1.128" suppDataElement="false" taxonomy="Grouping" uuid="40280381-3d61-56a7-013e-8a3638293389" version="1"/><qdm codeSystemName="National Quality Forum" datatype="Patient Characteristic Birthdate" id="40280381-3d61-56a7-013e-8a3638273349" name="birth date" oid="2.16.840.1.113883.3.560.100.4" suppDataElement="false" taxonomy="LOINC" uuid="40280381-3d61-56a7-013e-8a3638273349" version="1"/><qdm codeSystemName="National Committee for Quality Assurance" datatype="Encounter, Performed" id="40280381-3d61-56a7-013e-8a36382a3395" instance="Occurrence A" name="Care Services in Long-Term Residential Facility" oid="2.16.840.1.113883.3.464.1003.101.12.1014" suppDataElement="false" taxonomy="Grouping" uuid="40280381-3d61-56a7-013e-8a36382a3395" version="1"/><qdm codeSystemName="Telligen" datatype="Patient Characteristic Expired" id="40280381-3d61-56a7-013e-8a3638283367" name="Deceased" oid="2.16.840.1.113883.3.67.1.101.11.721" suppDataElement="false" taxonomy="Grouping" uuid="40280381-3d61-56a7-013e-8a3638283367" version="1"/><qdm codeSystemName="Telligen" datatype="Diagnosis, Active" id="40280381-3d61-56a7-013e-8a36382a3392" instance="Occurrence A" name="Dysthymia" oid="2.16.840.1.113883.3.67.1.101.1.254" suppDataElement="false" taxonomy="Grouping" uuid="40280381-3d61-56a7-013e-8a36382a3392" version="1"/><qdm codeSystemName="CDC NCHS" datatype="Patient Characteristic Ethnicity" id="40280381-3d61-56a7-013e-8a3638273347" name="Ethnicity" oid="2.16.840.1.114222.4.11.837" suppDataElement="true" taxonomy="CDCREC" uuid="40280381-3d61-56a7-013e-8a3638273347" version="1"/><qdm datatype="Encounter, Performed" id="f8b251d6-6be0-4d91-9f53-2ff545b9664a" instance="Occurrence A" name="Face to Face Interaction - No ED" oid="2.16.840.1.113762.1.4.1080.2" suppDataElement="false" taxonomy="Grouping" uuid="f8b251d6-6be0-4d91-9f53-2ff545b9664a" version="1.0"/><qdm codeSystemName="Telligen" datatype="Diagnosis, Active" id="40280381-3d61-56a7-013e-8a36382a3396" instance="Occurrence A" name="Major Depression Including Remission" oid="2.16.840.113883.3.67.1.101.3.2444" suppDataElement="false" taxonomy="Grouping" uuid="40280381-3d61-56a7-013e-8a36382a3396" version="1"/><qdm codeSystemName="National Quality Forum" datatype="Timing Element" id="40280381-3d61-56a7-013e-8a363829338c" name="Measurement End Date" oid="2.16.840.1.113883.3.67.1.101.1.55" suppDataElement="false" taxonomy="NQF" uuid="40280381-3d61-56a7-013e-8a363829338c" version="1"/><qdm codeSystemName="National Quality Forum" datatype="Timing Element" id="40280381-3d61-56a7-013e-8a363827334a" name="Measurement Period" oid="2.16.840.1.113883.3.67.1.101.1.53" suppDataElement="false" taxonomy="NQF" uuid="40280381-3d61-56a7-013e-8a363827334a" version="1"/><qdm codeSystemName="National Quality Forum" datatype="Timing Element" id="40280381-3d61-56a7-013e-8a363827334b" name="Measurement Start Date" oid="2.16.840.1.113883.3.67.1.101.1.54" suppDataElement="false" taxonomy="NQF" uuid="40280381-3d61-56a7-013e-8a363827334b" version="1"/><qdm codeSystemName="National Committee for Quality Assurance" datatype="Encounter, Performed" id="40280381-3d61-56a7-013e-8a363827335b" instance="Occurrence A" name="Office Visit" oid="2.16.840.1.113883.3.464.1003.101.12.1001" suppDataElement="false" taxonomy="Grouping" uuid="40280381-3d61-56a7-013e-8a363827335b" version="1"/><qdm codeSystemName="National Library of Medicine" datatype="Patient Characteristic Sex" id="40280381-3d61-56a7-013e-8a3638273345" name="ONC Administrative Sex" oid="2.16.840.1.113762.1.4.1" suppDataElement="true" taxonomy="AdministrativeSex" uuid="40280381-3d61-56a7-013e-8a3638273345" version="1"/><qdm codeSystemName="American Medical Association-convened Physician Consortium for Performance Improvement(R) (AMA-PCPI)" datatype="Intervention, Order" id="40280381-3d61-56a7-013e-8a3638293388" instance="Occurrence A" name="Palliative Care" oid="2.16.840.1.113883.3.526.3.1024" suppDataElement="false" taxonomy="Grouping" uuid="40280381-3d61-56a7-013e-8a3638293388" version="1"/><qdm codeSystemName="PHDSC" datatype="Patient Characteristic Payer" id="40280381-3d61-56a7-013e-8a3638273348" name="Payer" oid="2.16.840.1.114222.4.11.3591" suppDataElement="true" taxonomy="SOP" uuid="40280381-3d61-56a7-013e-8a3638273348" version="1"/><qdm codeSystemName="Telligen" datatype="Diagnosis, Active" id="40280381-3d61-56a7-013e-8a363829338a" instance="Occurrence A" name="Personality Disorder" oid="2.16.840.1.113883.3.67.1.101.1.246" suppDataElement="false" taxonomy="Grouping" uuid="40280381-3d61-56a7-013e-8a363829338a" version="1"/><qdm codeSystemName="Telligen" datatype="Risk Category Assessment" id="40280381-3d61-56a7-013e-8a3638293387" instance="Occurrence A" name="PHQ-9 Tool" oid="2.16.840.1.113883.3.67.1.101.11.723" suppDataElement="false" taxonomy="Grouping" uuid="40280381-3d61-56a7-013e-8a3638293387" version="1"/><qdm datatype="attribute" id="745063bc-6d73-4630-be06-8b87145b9e12" name="Principal" oid="2.16.840.1.113883.3.117.1.7.1.14" suppDataElement="false" taxonomy="SNOMEDCT" uuid="745063bc-6d73-4630-be06-8b87145b9e12" version="1.0"/><qdm codeSystemName="Telligen" datatype="Encounter, Performed" id="40280381-3d61-56a7-013e-8a36382a3394" instance="Occurrence A" name="Psych Visit" oid="2.16.840.113883.3.67.1.101.3.2445" suppDataElement="false" taxonomy="Grouping" uuid="40280381-3d61-56a7-013e-8a36382a3394" version="1"/><qdm codeSystemName="CDC NCHS" datatype="Patient Characteristic Race" id="40280381-3d61-56a7-013e-8a3638273346" name="Race" oid="2.16.840.1.114222.4.11.836" suppDataElement="true" taxonomy="CDCREC" uuid="40280381-3d61-56a7-013e-8a3638273346" version="1"/><qdm codeSystemName="Telligen" datatype="Diagnosis, Active" id="40280381-3d61-56a7-013e-8a3638283369" name="Bipolar Disorder" oid="2.16.840.1.113883.3.67.1.101.1.128" suppDataElement="false" taxonomy="Grouping" uuid="40280381-3d61-56a7-013e-8a3638283369" version="1"/><qdm codeSystemName="National Committee for Quality Assurance" datatype="Encounter, Performed" id="40280381-3e93-d1af-013e-a8c4e64a4ad3" name="Care Services in Long-Term Residential Facility" oid="2.16.840.1.113883.3.464.1003.101.12.1014" suppDataElement="false" taxonomy="Grouping" uuid="40280381-3e93-d1af-013e-a8c4e64a4ad3" version="1"/><qdm codeSystemName="Telligen" datatype="Diagnosis, Active" id="feb60621-fb4e-4629-899b-1862f284770a" name="Dysthymia" oid="2.16.840.1.113883.3.67.1.101.1.254" suppDataElement="false" taxonomy="Grouping" uuid="feb60621-fb4e-4629-899b-1862f284770a" version="1"/><qdm datatype="Encounter, Performed" id="ae8c1aa1-8b11-418e-9935-67ce4627d1f1" name="Face to Face Interaction - No ED" oid="2.16.840.1.113762.1.4.1080.2" suppDataElement="false" taxonomy="Grouping" uuid="ae8c1aa1-8b11-418e-9935-67ce4627d1f1" version="1.0"/><qdm codeSystemName="Telligen" datatype="Diagnosis, Active" id="cb8085b4-93d1-4048-8f45-bf89e0dbc7f9" name="Major Depression Including Remission" oid="2.16.840.113883.3.67.1.101.3.2444" suppDataElement="false" taxonomy="Grouping" uuid="cb8085b4-93d1-4048-8f45-bf89e0dbc7f9" version="1"/><qdm codeSystemName="National Committee for Quality Assurance" datatype="Encounter, Performed" id="3127476a-f39b-441e-92b0-508bf83bfc50" name="Office Visit" oid="2.16.840.1.113883.3.464.1003.101.12.1001" suppDataElement="false" taxonomy="Grouping" uuid="3127476a-f39b-441e-92b0-508bf83bfc50" version="1"/><qdm codeSystemName="American Medical Association-convened Physician Consortium for Performance Improvement(R) (AMA-PCPI)" datatype="Intervention, Order" id="40280381-3d61-56a7-013e-8a3638283368" name="Palliative Care" oid="2.16.840.1.113883.3.526.3.1024" suppDataElement="false" taxonomy="Grouping" uuid="40280381-3d61-56a7-013e-8a3638283368" version="1"/><qdm codeSystemName="Telligen" datatype="Diagnosis, Active" id="40280381-3d61-56a7-013e-8a363828336a" name="Personality Disorder" oid="2.16.840.1.113883.3.67.1.101.1.246" suppDataElement="false" taxonomy="Grouping" uuid="40280381-3d61-56a7-013e-8a363828336a" version="1"/><qdm codeSystemName="Telligen" datatype="Risk Category Assessment" id="40280381-3d61-56a7-013e-8a363828336d" name="PHQ-9 Tool" oid="2.16.840.1.113883.3.67.1.101.11.723" suppDataElement="false" taxonomy="Grouping" uuid="40280381-3d61-56a7-013e-8a363828336d" version="1"/><qdm codeSystemName="Telligen" datatype="Encounter, Performed" id="d2efe7c1-2730-4070-a3a9-b344d6858d25" name="Psych Visit" oid="2.16.840.113883.3.67.1.101.3.2445" suppDataElement="false" taxonomy="Grouping" uuid="d2efe7c1-2730-4070-a3a9-b344d6858d25" version="1"/></elementLookUp><strata displayName="Stratification"><clause displayName="Stratum 1" type="stratum" uuid="40280381-3d61-56a7-013e-8a37a5993512"><logicalOp displayName="AND" type="and"/></clause></strata></measure>