<?xml version="1.0" encoding="UTF-8"?><measure><measureDetails><uuid>40280381-528a-60ff-0152-98658e5d0928</uuid><title>Antithrombotic Therapy By End of Hospital Day 2</title><shortTitle>CMS72</shortTitle><emeasureid>72</emeasureid><guid>93f3479f-75d8-4731-9a3f-b7749d8bcd37</guid><version>5.1.000</version><nqfid extension="0438" root="2.16.840.1.113883.3.560.1"/><period calenderYear="true" uuid="40280381-3d27-5493-013d-37e60ad43207"><startDate>00000101</startDate><stopDate>00001231</stopDate></period><steward id="1.3.6.1.4.1.33895">The Joint Commission</steward><developers><developer id="1.3.6.1.4.1.33895">The Joint Commission</developer></developers><endorsement id="2.16.840.1.113883.3.560">National Quality Forum</endorsement><description>Ischemic stroke patients administered antithrombotic therapy by the end of hospital day 2</description><copyright>Measure specifications are in the Public Domain

LOINC(R) is a registered trademark of the Regenstrief Institute.

This material contains SNOMED Clinical Terms(R) (SNOMED CT(C)) copyright 2004-2015 International Health Terminology Standards Development Organization. All rights reserved.</copyright><disclaimer>These performance measures are not clinical guidelines and do not establish a standard of medical care, and have not been tested for all potential applications. The measures and specifications are provided without warranty.</disclaimer><scoring id="PROPOR">Proportion</scoring><types><type id="PROCESS">Process</type></types><componentMeasures/><itemCount><elementRef dataType="Encounter, Performed" id="40280381-3d61-56a7-013d-7eaaa5735421" name="Non-Elective Inpatient Encounter" oid="2.16.840.1.113883.3.117.1.7.1.424"/></itemCount><stratification>None</stratification><riskAdjustment>None</riskAdjustment><aggregation>None</aggregation><rationale>The effectiveness of antithrombotic agents in reducing stroke mortality, stroke-related morbidity and recurrence rates has been studied in several large clinical trials. While the use of these agents for patients with acute ischemic stroke and transient ischemic attacks continues to be the subject of study, substantial evidence is available from completed studies. Data at this time suggest that antithrombotic therapy should be administered within 2 days of symptom onset in acute ischemic stroke patients to reduce stroke mortality and morbidity as long as no contraindications exist.

Anticoagulants at doses to prevent venous thromboembolism are insufficient antithrombotic therapy to prevent recurrent ischemic stroke or TIA.</rationale><recommendations>Antithrombotic therapy should be administered within 2 days of symptom onset in acute ischemic stroke patients to reduce stroke mortality and morbidity as long as no contraindications exist</recommendations><improvementNotations>Improvement noted as an increase in rate</improvementNotations><references><reference>Antithrombotic Trialists, Collaboration. "Collaborative Meta-Analysis of Randomised Trials of Antiplatelet Therapy for Prevention of Death, Myocardial Infarction, and Stroke in High Risk Patients." [In eng]. BMJ 324, no. 7329 (Jan 12 2002): 71-86.</reference><reference>Chen, Z. M., P. Sandercock, H. C. Pan, C. Counsell, R. Collins, L. S. Liu, J. X. Xie, C. Warlow, and R. Peto. "Indications for Early Aspirin Use in Acute Ischemic Stroke : A Combined Analysis of 40 000 Randomized Patients from the Chinese Acute Stroke Trial and the International Stroke Trial. On Behalf of the Cast and Ist Collaborative Groups." [In eng]. Stroke 31, no. 6 (Jun 2000): 1240-9.</reference><reference>Coull, B. M., L. S. Williams, L. B. Goldstein, J. F. Meschia, D. Heitzman, S. Chaturvedi, K. C. Johnston, et al. "Anticoagulants and Antiplatelet Agents in Acute Ischemic Stroke: Report of the Joint Stroke Guideline Development Committee of the American Academy of Neurology and the American Stroke Association (a Division of the American Heart Association)." [In eng]. Stroke 33, no. 7 (Jul 2002): 1934-42.</reference><reference>Furie, K. L., S. E. Kasner, R. J. Adams, G. W. Albers, R. L. Bush, S. C. Fagan, J. L. Halperin, et al. "Guidelines for the Prevention of Stroke in Patients with Stroke or Transient Ischemic Attack: A Guideline for Healthcare Professionals from the American Heart Association/American Stroke Association." [In eng]. Stroke 42, no. 1 (Jan 2011): 227-76.</reference><reference>Guyatt, G. H., E. A. Akl, M. Crowther, D. D. Gutterman, H. J. Schuunemann, Therapy American College of Chest Physicians Antithrombotic, and Panel Prevention of Thrombosis. "Executive Summary: Antithrombotic Therapy and Prevention of Thrombosis, 9th Ed: American College of Chest Physicians Evidence-Based Clinical Practice Guidelines." [In eng]. Chest 141, no. 2 Suppl (Feb 2012): 7S-47S.</reference><reference>Jauch, E. C., J. L. Saver, H. P. Adams, Jr., A. Bruno, J. J. Connors, B. M. Demaerschalk, P. Khatri, et al. "Guidelines for the Early Management of Patients with Acute Ischemic Stroke: A Guideline for Healthcare Professionals from the American Heart Association/American Stroke Association." [In Eng]. Stroke  (Jan 31 2013).</reference></references><definitions>None</definitions><guidance>The "Non-elective admissions" value set intends to capture all non-scheduled hospitalizations. This value set is a subset of the "Inpatient encounter" value set, excluding concepts that specifically refer to elective hospital admissions. Non-elective admissions include emergency, urgent and unplanned admissions.

In the denominator exclusions, the intent is to only exclude patients with a total length of stay of &lt;2 days, including ED visit (if there is one). For the eCQM we model both of the scenarios of admission via the ED as well as direct admits. This statement addresses direct admits:
AND: Intersection of: 
   Occurrence A of $EncounterInpatientNonElective
   "Encounter, Performed: Non-Elective Inpatient Encounter (length of stay &lt; 2 day(s))"
AND NOT: "Encounter, Performed: Emergency Department Visit" &lt;= 1 hour(s) ends before or concurrent with start of Occurrence A of $EncounterInpatientNonElective 
The following statement addresses patients who were admitted via the ED:
OR: "Encounter, Performed: Emergency Department Visit" satisfies all
    &lt;= 1 hour(s) ends before or concurrent with start of Occurrence A of $EncounterInpatientNonElective
    &lt; 2 day(s) starts before end of Occurrence A of $EncounterInpatientNonElective.</guidance><transmissionFormat>TBD</transmissionFormat><initialPopDescription>Patients age 18 and older discharged from inpatient care (non-elective admissions) with a principal diagnosis of ischemic or hemorrhagic stroke and a length of stay less than or equal to 120 days</initialPopDescription><denominatorDescription>Patients with a principal diagnosis of Ischemic stroke</denominatorDescription><denominatorExclusionsDescription>Patients who have a duration of stay less than 2 days

Patients with comfort measures documented on day or the day after arrival

Patients with intra-venous or intra-arterial Thrombolytic (t-PA) Therapy administered within 24 hours prior to arrival or anytime during hospitalization</denominatorExclusionsDescription><numeratorDescription>Patients who had antithrombotic therapy administered the day of or day after hospital arrival</numeratorDescription><numeratorExclusionsDescription>Not Applicable</numeratorExclusionsDescription><denominatorExceptionsDescription>Patients with a documented reason for not administering antithrombotic therapy the day of or day after hospital arrival</denominatorExceptionsDescription><supplementalData>For every patient evaluated by this measure also identify payer, race, ethnicity and sex</supplementalData><qualityMeasureSet uuid="c47f1f14-0cb9-4bb8-b16f-b2fbebdf5f2e">eMeasure Stroke (eSTK)</qualityMeasureSet>
<finalizedDate value="201601311006-0600"/>
</measureDetails><supplementalDataElements><elementRef id="40280381-3d27-5493-013d-37e60ad43201" name="ONC Administrative Sex"/><elementRef id="40280381-3d27-5493-013d-37e60ad43202" name="Race"/><elementRef id="40280381-3d27-5493-013d-37e60ad43203" name="Ethnicity"/><elementRef id="40280381-3d27-5493-013d-37e60ad43204" name="Payer"/></supplementalDataElements><riskAdjustmentVariables/><subTreeLookUp><subTree displayName="Occurrence A of $EncounterInpatientNonElective" instance="A" instanceOf="AB104BED-002B-4C85-9D2C-54353090167E" qdmVariable="true" uuid="AC529047-977F-481D-B32D-7CF423F0E457"><functionalOp displayName="Satisfies All" type="SATISFIES ALL"><elementRef displayName="Non-Elective Inpatient Encounter : Encounter, Performed" id="40280381-3d61-56a7-013d-7eaaa5735421" type="qdm"/><elementRef displayName="Non-Elective Inpatient Encounter : Encounter, Performed" id="40280381-3d61-56a7-013d-7eaaa5735421" type="qdm"><attribute attrUUID="AD8C960B-BC86-4C94-B759-5A75EBF020F7" comparisonValue="120" mode="Less Than Or Equal To" name="length of stay" unit="days"/></elementRef><relationalOp displayName="Ends During" type="EDU"><elementRef displayName="Non-Elective Inpatient Encounter : Encounter, Performed" id="40280381-3d61-56a7-013d-7eaaa5735421" type="qdm"/><elementRef displayName="Measurement Period : Timing Element" id="40280381-3d27-5493-013d-37e60ad43207" type="qdm"/></relationalOp></functionalOp></subTree><subTree displayName="Comfort Measures less_equal days after ED" qdmVariable="false" uuid="CE3BD6F2-F149-442C-9A75-F54000849D23"><relationalOp displayName="&lt;= 1 days Starts After Start Of" operatorType="Less Than or Equal To" quantity="1" type="SAS" unit="days"><subTreeRef displayName="InterventionComfortMeasures" id="1D45567E-802B-42C0-A4F7-A59068C8041D" type="subTree"/><elementRef displayName="Occurrence A of Emergency Department Visit : Encounter, Performed" id="40280381-3d27-5493-013d-37e7cd0132f6" type="qdm"/></relationalOp></subTree><subTree displayName="Comfort Measures less_equal days after Non Elective" qdmVariable="false" uuid="8A8337FC-D798-424B-A460-C6726CC6E673"><relationalOp displayName="&lt;= 1 days Starts After Start Of" operatorType="Less Than or Equal To" quantity="1" type="SAS" unit="days"><subTreeRef displayName="InterventionComfortMeasures" id="1D45567E-802B-42C0-A4F7-A59068C8041D" type="subTree"/><subTreeRef displayName="EncounterInpatientNonElective" id="AB104BED-002B-4C85-9D2C-54353090167E" type="subTree"/></relationalOp></subTree><subTree displayName="Denom Exceptions Not Done after ED" qdmVariable="false" uuid="410EEFEC-8899-48CA-AAD6-4B7A0BC5FD08"><relationalOp displayName="&lt;= 1 days Starts After Start Of" operatorType="Less Than or Equal To" quantity="1" type="SAS" unit="days"><setOp displayName="Union" type="union"><elementRef displayName="Antithrombotic ingredient specific : Medication, Order" id="09ade391-4137-47fa-b8ed-653b8abf484b" type="qdm"><attribute attrUUID="3c3e1102-fbfc-42da-87f9-28a208674cb9" mode="Value Set" name="negation rationale" qdmUUID="40280381-3d27-5493-013d-37e60ad53212"/></elementRef><elementRef displayName="Antithrombotic Therapy : Medication, Administered" id="40280381-3d27-5493-013d-37e60ad4320f" type="qdm"><attribute attrUUID="23d04eb5-6561-417a-944b-2ae62021a44f" mode="Value Set" name="negation rationale" qdmUUID="40280381-3d27-5493-013d-37e60ad53212"/></elementRef><elementRef displayName="Antithrombotic ingredient specific : Medication, Order" id="09ade391-4137-47fa-b8ed-653b8abf484b" type="qdm"><attribute attrUUID="3da1a2f6-361c-4492-bf58-824277da5d05" mode="Value Set" name="negation rationale" qdmUUID="40280381-3d27-5493-013d-37e60ad53219"/></elementRef><elementRef displayName="Antithrombotic Therapy : Medication, Administered" id="40280381-3d27-5493-013d-37e60ad4320f" type="qdm"><attribute attrUUID="b18b04b4-0b59-46f7-aae6-b1e088662d08" mode="Value Set" name="negation rationale" qdmUUID="40280381-3d27-5493-013d-37e60ad53219"/></elementRef></setOp><elementRef displayName="Occurrence A of Emergency Department Visit : Encounter, Performed" id="40280381-3d27-5493-013d-37e7cd0132f6" type="qdm"/></relationalOp></subTree><subTree displayName="Denom Exceptions Not Done after Non Elective" qdmVariable="false" uuid="2B346281-4A20-4FE9-839B-02836E3F6F75"><relationalOp displayName="&lt;= 1 days Starts After Start Of" operatorType="Less Than or Equal To" quantity="1" type="SAS" unit="days"><setOp displayName="Union" type="union"><elementRef displayName="Antithrombotic ingredient specific : Medication, Order" id="09ade391-4137-47fa-b8ed-653b8abf484b" type="qdm"><attribute attrUUID="c8f73775-8031-478d-84c8-4bfe04dcd2de" mode="Value Set" name="negation rationale" qdmUUID="40280381-3d27-5493-013d-37e60ad53212"/></elementRef><elementRef displayName="Antithrombotic Therapy : Medication, Administered" id="40280381-3d27-5493-013d-37e60ad4320f" type="qdm"><attribute attrUUID="3c95cc6e-ac86-4937-976a-cae0335e14e9" mode="Value Set" name="negation rationale" qdmUUID="40280381-3d27-5493-013d-37e60ad53212"/></elementRef><elementRef displayName="Antithrombotic ingredient specific : Medication, Order" id="09ade391-4137-47fa-b8ed-653b8abf484b" type="qdm"><attribute attrUUID="fbd7799a-8c72-40b1-9123-59baa606f8a0" mode="Value Set" name="negation rationale" qdmUUID="40280381-3d27-5493-013d-37e60ad53219"/></elementRef><elementRef displayName="Antithrombotic Therapy : Medication, Administered" id="40280381-3d27-5493-013d-37e60ad4320f" type="qdm"><attribute attrUUID="4e8903a3-9d85-464e-b41d-8a239c36d16a" mode="Value Set" name="negation rationale" qdmUUID="40280381-3d27-5493-013d-37e60ad53219"/></elementRef></setOp><subTreeRef displayName="Occurrence A of EncounterInpatientNonElective" id="AC529047-977F-481D-B32D-7CF423F0E457" type="subTree"/></relationalOp></subTree><subTree displayName="Denom Excl Med Admin Satisfies All" qdmVariable="false" uuid="051D16CA-0D04-401A-8D77-58CB27C1D729"><functionalOp displayName="Satisfies All" type="SATISFIES ALL"><elementRef displayName="Thrombolytic (t-PA) Therapy : Medication, Administered" id="40280381-3d27-5493-013d-37e60ad53213" type="qdm"/><relationalOp displayName="Starts After Start Of" type="SAS"><elementRef displayName="Thrombolytic (t-PA) Therapy : Medication, Administered" id="40280381-3d27-5493-013d-37e60ad53213" type="qdm"/><elementRef displayName="Occurrence A of Emergency Department Visit : Encounter, Performed" id="40280381-3d27-5493-013d-37e7cd0132f6" type="qdm"/></relationalOp><relationalOp displayName="Starts Before End Of" type="SBE"><elementRef displayName="Thrombolytic (t-PA) Therapy : Medication, Administered" id="40280381-3d27-5493-013d-37e60ad53213" type="qdm"/><subTreeRef displayName="Occurrence A of EncounterInpatientNonElective" id="AC529047-977F-481D-B32D-7CF423F0E457" type="subTree"/></relationalOp></functionalOp></subTree><subTree displayName="Denom Exclusions ED Satisfies All" qdmVariable="false" uuid="8F72142F-50A1-4F7F-89E9-C79400B0F565"><functionalOp displayName="Satisfies All" type="SATISFIES ALL"><elementRef displayName="Emergency Department Visit : Encounter, Performed" id="a326acba-44d7-4bd7-bcd2-bb071546e319" type="qdm"/><relationalOp displayName="&lt;= 1 hours Ends Before Or Concurrent With Start Of" operatorType="Less Than or Equal To" quantity="1" type="EBSORECWS" unit="hours"><elementRef displayName="Emergency Department Visit : Encounter, Performed" id="a326acba-44d7-4bd7-bcd2-bb071546e319" type="qdm"/><subTreeRef displayName="Occurrence A of EncounterInpatientNonElective" id="AC529047-977F-481D-B32D-7CF423F0E457" type="subTree"/></relationalOp><relationalOp displayName="&lt; 2 days Starts Before End Of" operatorType="Less Than" quantity="2" type="SBE" unit="days"><elementRef displayName="Emergency Department Visit : Encounter, Performed" id="a326acba-44d7-4bd7-bcd2-bb071546e319" type="qdm"/><subTreeRef displayName="Occurrence A of EncounterInpatientNonElective" id="AC529047-977F-481D-B32D-7CF423F0E457" type="subTree"/></relationalOp></functionalOp></subTree><subTree displayName="Denom Excl_Med_Procedure_less_equal to 24 before ED" qdmVariable="false" uuid="45083DCE-82AF-4509-B995-D0A524EFEFA2"><relationalOp displayName="&lt;= 24 hours Starts Before Start Of" operatorType="Less Than or Equal To" quantity="24" type="SBS" unit="hours"><setOp displayName="Union" type="union"><elementRef displayName="Thrombolytic (t-PA) Therapy : Medication, Administered" id="40280381-3d27-5493-013d-37e60ad53213" type="qdm"/><elementRef displayName="Intravenous or Intra-arterial Thrombolytic (t-PA) Therapy : Procedure, Performed" id="ab769faa-565f-4bfa-8ac7-df46b25317d9" type="qdm"/></setOp><elementRef displayName="Occurrence A of Emergency Department Visit : Encounter, Performed" id="40280381-3d27-5493-013d-37e7cd0132f6" type="qdm"/></relationalOp></subTree><subTree displayName="Denom Excl_Med_Procedure_less_equal to 24 before NonElective" qdmVariable="false" uuid="0C1DB408-7796-4FD1-819C-830DD0440651"><relationalOp displayName="&lt;= 24 hours Starts Before Start Of" operatorType="Less Than or Equal To" quantity="24" type="SBS" unit="hours"><setOp displayName="Union" type="union"><elementRef displayName="Thrombolytic (t-PA) Therapy : Medication, Administered" id="40280381-3d27-5493-013d-37e60ad53213" type="qdm"/><elementRef displayName="Intravenous or Intra-arterial Thrombolytic (t-PA) Therapy : Procedure, Performed" id="ab769faa-565f-4bfa-8ac7-df46b25317d9" type="qdm"/></setOp><subTreeRef displayName="Occurrence A of EncounterInpatientNonElective" id="AC529047-977F-481D-B32D-7CF423F0E457" type="subTree"/></relationalOp></subTree><subTree displayName="Denom_Exclusion_LOS" qdmVariable="false" uuid="DBF62ADF-F52F-426A-88ED-B643AE3F345A"><setOp displayName="Intersection" type="intersection"><subTreeRef displayName="Occurrence A of EncounterInpatientNonElective" id="AC529047-977F-481D-B32D-7CF423F0E457" type="subTree"/><elementRef displayName="Non-Elective Inpatient Encounter : Encounter, Performed" id="40280381-3d61-56a7-013d-7eaaa5735421" type="qdm"><attribute attrUUID="2c79a7a6-48c6-4a4b-a572-264fd277cf76" comparisonValue="2" mode="Less Than" name="length of stay" unit="days"/></elementRef></setOp></subTree><subTree displayName="ED less or equal to 1 hour" qdmVariable="false" uuid="11465200-9504-4B31-B68A-E78923451BC9"><relationalOp displayName="&lt;= 1 hours Ends Before Or Concurrent With Start Of" operatorType="Less Than or Equal To" quantity="1" type="EBSORECWS" unit="hours"><elementRef displayName="Emergency Department Visit : Encounter, Performed" id="a326acba-44d7-4bd7-bcd2-bb071546e319" type="qdm"/><subTreeRef displayName="Occurrence A of EncounterInpatientNonElective" id="AC529047-977F-481D-B32D-7CF423F0E457" type="subTree"/></relationalOp></subTree><subTree displayName="EncounterInpatientNonElective" qdmVariable="true" uuid="AB104BED-002B-4C85-9D2C-54353090167E"><functionalOp displayName="Satisfies All" type="SATISFIES ALL"><elementRef displayName="Non-Elective Inpatient Encounter : Encounter, Performed" id="40280381-3d61-56a7-013d-7eaaa5735421" type="qdm"/><elementRef displayName="Non-Elective Inpatient Encounter : Encounter, Performed" id="40280381-3d61-56a7-013d-7eaaa5735421" type="qdm"><attribute attrUUID="9b4d8282-c7fd-4417-bcc2-8da8d92c08af" comparisonValue="120" mode="Less Than Or Equal To" name="length of stay" unit="days"/></elementRef><relationalOp displayName="Ends During" type="EDU"><elementRef displayName="Non-Elective Inpatient Encounter : Encounter, Performed" id="40280381-3d61-56a7-013d-7eaaa5735421" type="qdm"/><elementRef displayName="Measurement Period : Timing Element" id="40280381-3d27-5493-013d-37e60ad43207" type="qdm"/></relationalOp></functionalOp></subTree><subTree displayName="InterventionComfortMeasures" qdmVariable="true" uuid="1D45567E-802B-42C0-A4F7-A59068C8041D"><setOp displayName="Union" type="union"><elementRef displayName="Comfort Measures : Intervention, Order" id="ffc164df-32a5-40b3-8d0f-4c470acae88f" type="qdm"/><elementRef displayName="Comfort Measures : Intervention, Performed" id="d0756d20-5904-42f2-a433-c84a7592f2a0" type="qdm"/></setOp></subTree><subTree displayName="Med Admin Antithrombotic less_equal 1 days after OccA NonElective" qdmVariable="false" uuid="C43CDF45-1575-4757-B1B8-89F3760BFE4B"><relationalOp displayName="&lt;= 1 days Starts After Start Of" operatorType="Less Than or Equal To" quantity="1" type="SAS" unit="days"><elementRef displayName="Antithrombotic Therapy : Medication, Administered" id="40280381-3d27-5493-013d-37e60ad4320f" type="qdm"/><subTreeRef displayName="Occurrence A of EncounterInpatientNonElective" id="AC529047-977F-481D-B32D-7CF423F0E457" type="subTree"/></relationalOp></subTree><subTree displayName="Med Admin during OccA of NonElective" qdmVariable="false" uuid="5D8AAFC2-FA36-4F1E-9C5B-22957322AD23"><relationalOp displayName="Starts During" type="SDU"><elementRef displayName="Thrombolytic (t-PA) Therapy : Medication, Administered" id="40280381-3d27-5493-013d-37e60ad53213" type="qdm"/><subTreeRef displayName="Occurrence A of EncounterInpatientNonElective" id="AC529047-977F-481D-B32D-7CF423F0E457" type="subTree"/></relationalOp></subTree><subTree displayName="NUM ED Satisfies All" qdmVariable="false" uuid="A649F006-DFFA-4044-A1F5-D2311313190B"><functionalOp displayName="Satisfies All" type="SATISFIES ALL"><elementRef displayName="Emergency Department Visit : Encounter, Performed" id="a326acba-44d7-4bd7-bcd2-bb071546e319" type="qdm"/><relationalOp displayName="&lt;= 1 days Starts Before Start Of" operatorType="Less Than or Equal To" quantity="1" type="SBS" unit="days"><elementRef displayName="Emergency Department Visit : Encounter, Performed" id="a326acba-44d7-4bd7-bcd2-bb071546e319" type="qdm"/><elementRef displayName="Antithrombotic Therapy : Medication, Administered" id="40280381-3d27-5493-013d-37e60ad4320f" type="qdm"/></relationalOp><relationalOp displayName="&lt;= 1 hours Ends Before Or Concurrent With Start Of" operatorType="Less Than or Equal To" quantity="1" type="EBSORECWS" unit="hours"><elementRef displayName="Emergency Department Visit : Encounter, Performed" id="a326acba-44d7-4bd7-bcd2-bb071546e319" type="qdm"/><subTreeRef displayName="Occurrence A of EncounterInpatientNonElective" id="AC529047-977F-481D-B32D-7CF423F0E457" type="subTree"/></relationalOp></functionalOp></subTree><subTree displayName="OccA EncounterInpatient Princ Dx Hemorrhagic Stroke" qdmVariable="false" uuid="C99F6315-77A5-4E4A-B944-AFC8EF9CCF78"><setOp displayName="Intersection" type="intersection"><subTreeRef displayName="Occurrence A of EncounterInpatientNonElective" id="AC529047-977F-481D-B32D-7CF423F0E457" type="subTree"/><elementRef displayName="Non-Elective Inpatient Encounter : Encounter, Performed" id="40280381-3d61-56a7-013d-7eaaa5735421" type="qdm"><attribute attrUUID="456537fe-9050-4bea-a377-794e7cfb0c6e" mode="Value Set" name="principal diagnosis" qdmUUID="399a5d69-816e-40a4-8651-18bfcdf5aeab"/></elementRef></setOp></subTree><subTree displayName="OccA EncounterInpatient Princ Dx Ischemic Stroke" qdmVariable="false" uuid="E4BAD36E-8DB2-40C8-9342-9238403B2A42"><setOp displayName="Intersection" type="intersection"><subTreeRef displayName="Occurrence A of EncounterInpatientNonElective" id="AC529047-977F-481D-B32D-7CF423F0E457" type="subTree"/><elementRef displayName="Non-Elective Inpatient Encounter : Encounter, Performed" id="40280381-3d61-56a7-013d-7eaaa5735421" type="qdm"><attribute attrUUID="f1d34bc0-ad2b-4e22-a343-5b6a4634b9aa" mode="Value Set" name="principal diagnosis" qdmUUID="4ca51ac0-5345-41f6-b37b-35b333ff427e"/></elementRef></setOp></subTree><subTree displayName="Occurrence A ED less or equal to 1 hour" qdmVariable="false" uuid="3960360E-1154-41EE-9103-5E7E44369EDD"><relationalOp displayName="&lt;= 1 hours Ends Before Or Concurrent With Start Of" operatorType="Less Than or Equal To" quantity="1" type="EBSORECWS" unit="hours"><elementRef displayName="Occurrence A of Emergency Department Visit : Encounter, Performed" id="40280381-3d27-5493-013d-37e7cd0132f6" type="qdm"/><subTreeRef displayName="Occurrence A of EncounterInpatientNonElective" id="AC529047-977F-481D-B32D-7CF423F0E457" type="subTree"/></relationalOp></subTree><subTree displayName="STK_5 Initial Patient Population_Age" qdmVariable="false" uuid="A4002ADE-3628-46F4-8967-AA0943A85143"><functionalOp displayName="Age&gt;= 18 years at" operatorType="Greater Than or Equal To" quantity="18" type="AGE AT" unit="years"><subTreeRef displayName="Occurrence A of EncounterInpatientNonElective" id="AC529047-977F-481D-B32D-7CF423F0E457" type="subTree"/></functionalOp></subTree></subTreeLookUp><measureGrouping><group sequence="1"><clause displayName="Initial Population 1" type="initialPopulation" uuid="D813032C-05B6-4BB7-A0B1-B02D1CFF2618"><logicalOp displayName="AND" type="and"><subTreeRef displayName="STK_5 Initial Patient Population_Age" id="A4002ADE-3628-46F4-8967-AA0943A85143" type="subTree"/><logicalOp displayName="OR" type="or"><subTreeRef displayName="OccA EncounterInpatient Princ Dx Ischemic Stroke" id="E4BAD36E-8DB2-40C8-9342-9238403B2A42" type="subTree"/><subTreeRef displayName="OccA EncounterInpatient Princ Dx Hemorrhagic Stroke" id="C99F6315-77A5-4E4A-B944-AFC8EF9CCF78" type="subTree"/></logicalOp></logicalOp></clause><clause displayName="Denominator 1" type="denominator" uuid="C35059B1-8ED0-49C0-8BD0-76F18EEDB644"><logicalOp displayName="AND" type="and"><subTreeRef displayName="OccA EncounterInpatient Princ Dx Ischemic Stroke" id="E4BAD36E-8DB2-40C8-9342-9238403B2A42" type="subTree"/></logicalOp></clause><clause displayName="Denominator Exclusions 1" type="denominatorExclusions" uuid="14928C5A-E37B-4F29-8BB1-BB98E7FC95B8"><logicalOp displayName="OR" type="or"><logicalOp displayName="AND" type="and"><subTreeRef displayName="Denom_Exclusion_LOS" id="DBF62ADF-F52F-426A-88ED-B643AE3F345A" type="subTree"/><logicalOp displayName="AND NOT" type="andNot"><subTreeRef displayName="ED less or equal to 1 hour" id="11465200-9504-4B31-B68A-E78923451BC9" type="subTree"/></logicalOp></logicalOp><subTreeRef displayName="Denom Exclusions ED Satisfies All" id="8F72142F-50A1-4F7F-89E9-C79400B0F565" type="subTree"/><logicalOp displayName="AND" type="and"><subTreeRef displayName="Occurrence A ED less or equal to 1 hour" id="3960360E-1154-41EE-9103-5E7E44369EDD" type="subTree"/><logicalOp displayName="OR" type="or"><subTreeRef displayName="Denom Excl_Med_Procedure_less_equal to 24 before ED" id="45083DCE-82AF-4509-B995-D0A524EFEFA2" type="subTree"/><subTreeRef displayName="Denom Excl Med Admin Satisfies All" id="051D16CA-0D04-401A-8D77-58CB27C1D729" type="subTree"/></logicalOp></logicalOp><subTreeRef displayName="Denom Excl_Med_Procedure_less_equal to 24 before NonElective" id="0C1DB408-7796-4FD1-819C-830DD0440651" type="subTree"/><subTreeRef displayName="Med Admin during OccA of NonElective" id="5D8AAFC2-FA36-4F1E-9C5B-22957322AD23" type="subTree"/><logicalOp displayName="AND" type="and"><subTreeRef displayName="Occurrence A ED less or equal to 1 hour" id="3960360E-1154-41EE-9103-5E7E44369EDD" type="subTree"/><subTreeRef displayName="Comfort Measures less_equal days after ED" id="CE3BD6F2-F149-442C-9A75-F54000849D23" type="subTree"/></logicalOp><subTreeRef displayName="Comfort Measures less_equal days after Non Elective" id="8A8337FC-D798-424B-A460-C6726CC6E673" type="subTree"/></logicalOp></clause><clause displayName="Denominator Exceptions 1" type="denominatorExceptions" uuid="F92D2F60-4694-4DBC-B488-DA8ED136597E"><logicalOp displayName="OR" type="or"><logicalOp displayName="AND" type="and"><subTreeRef displayName="Occurrence A ED less or equal to 1 hour" id="3960360E-1154-41EE-9103-5E7E44369EDD" type="subTree"/><subTreeRef displayName="Denom Exceptions Not Done after ED" id="410EEFEC-8899-48CA-AAD6-4B7A0BC5FD08" type="subTree"/></logicalOp><logicalOp displayName="AND" type="and"><subTreeRef displayName="Denom Exceptions Not Done after Non Elective" id="2B346281-4A20-4FE9-839B-02836E3F6F75" type="subTree"/><logicalOp displayName="AND NOT" type="andNot"><subTreeRef displayName="ED less or equal to 1 hour" id="11465200-9504-4B31-B68A-E78923451BC9" type="subTree"/></logicalOp></logicalOp></logicalOp></clause><clause displayName="Numerator 1" type="numerator" uuid="BDA2CDAE-7DEC-4929-9283-D915188617CA"><logicalOp displayName="AND" type="and"><logicalOp displayName="OR" type="or"><subTreeRef displayName="Med Admin Antithrombotic less_equal 1 days after OccA NonElective" id="C43CDF45-1575-4757-B1B8-89F3760BFE4B" type="subTree"/><subTreeRef displayName="NUM ED Satisfies All" id="A649F006-DFFA-4044-A1F5-D2311313190B" type="subTree"/></logicalOp></logicalOp></clause><clause displayName="numeratorExclusions" type="numeratorExclusions" uuid="db1988e8-9af9-44a5-89b2-4cd564591ca7"><logicalOp displayName="AND" type="and"/></clause><clause displayName="stratum" type="stratum" uuid="e17ed4b2-3fa9-46e0-91e0-e2089d456a12"/></group></measureGrouping><elementLookUp><qdm datatype="Medication, Order" id="09ade391-4137-47fa-b8ed-653b8abf484b" name="Antithrombotic ingredient specific" oid="2.16.840.1.113762.1.4.1021.8" suppDataElement="false" taxonomy="RXNORM" uuid="09ade391-4137-47fa-b8ed-653b8abf484b" version="1.0"/><qdm codeSystemName="Joint Commission" datatype="Medication, Administered" id="40280381-3d27-5493-013d-37e60ad4320f" name="Antithrombotic Therapy" oid="2.16.840.1.113883.3.117.1.7.1.201" suppDataElement="false" taxonomy="RXNORM" uuid="40280381-3d27-5493-013d-37e60ad4320f" version="1"/><qdm datatype="Patient Characteristic Birthdate" id="edd8f672-e639-4509-87bc-205a599314ea" name="Birthdate" oid="21112-8" suppDataElement="false" taxonomy="SNOMED-CT" uuid="edd8f672-e639-4509-87bc-205a599314ea" version="1.0"/><qdm datatype="Intervention, Order" id="ffc164df-32a5-40b3-8d0f-4c470acae88f" name="Comfort Measures" oid="1.3.6.1.4.1.33895.1.3.0.45" suppDataElement="false" taxonomy="SNOMEDCT" uuid="ffc164df-32a5-40b3-8d0f-4c470acae88f" version="1.0"/><qdm datatype="Intervention, Performed" id="d0756d20-5904-42f2-a433-c84a7592f2a0" name="Comfort Measures" oid="1.3.6.1.4.1.33895.1.3.0.45" suppDataElement="false" taxonomy="SNOMEDCT" uuid="d0756d20-5904-42f2-a433-c84a7592f2a0" version="1.0"/><qdm codeSystemName="Lantana" datatype="Encounter, Performed" id="40280381-3d27-5493-013d-37e7cd0132f6" instance="Occurrence A" name="Emergency Department Visit" oid="2.16.840.1.113883.3.117.1.7.1.292" suppDataElement="false" taxonomy="SNOMEDCT" uuid="40280381-3d27-5493-013d-37e7cd0132f6" version="1"/><qdm codeSystemName="CDC NCHS" datatype="Patient Characteristic Ethnicity" id="40280381-3d27-5493-013d-37e60ad43203" name="Ethnicity" oid="2.16.840.1.114222.4.11.837" suppDataElement="true" taxonomy="CDCREC" uuid="40280381-3d27-5493-013d-37e60ad43203" version="1"/><qdm datatype="Patient Characteristic Expired" id="1d804095-aa70-4972-9237-edc1a4fe0e9d" name="Expired" oid="419099009" suppDataElement="false" taxonomy="SNOMED-CT" uuid="1d804095-aa70-4972-9237-edc1a4fe0e9d" version="1.0"/><qdm datatype="attribute" id="399a5d69-816e-40a4-8651-18bfcdf5aeab" name="Hemorrhagic Stroke" oid="2.16.840.1.113883.3.117.1.7.1.212" suppDataElement="false" taxonomy="Grouping" uuid="399a5d69-816e-40a4-8651-18bfcdf5aeab" version="1.0"/><qdm datatype="Procedure, Performed" id="ab769faa-565f-4bfa-8ac7-df46b25317d9" name="Intravenous or Intra-arterial Thrombolytic (t-PA) Therapy" oid="2.16.840.1.113762.1.4.1045.21" suppDataElement="false" taxonomy="Grouping" uuid="ab769faa-565f-4bfa-8ac7-df46b25317d9" version="1.0"/><qdm datatype="attribute" id="4ca51ac0-5345-41f6-b37b-35b333ff427e" name="Ischemic Stroke" oid="2.16.840.1.113883.3.117.1.7.1.247" suppDataElement="false" taxonomy="Grouping" uuid="4ca51ac0-5345-41f6-b37b-35b333ff427e" version="1.0"/><qdm codeSystemName="National Quality Forum" datatype="Timing Element" id="40280381-3d27-5493-013d-37e60ad43207" name="Measurement Period" oid="2.16.840.1.113883.3.67.1.101.1.53" suppDataElement="false" taxonomy="NQF" uuid="40280381-3d27-5493-013d-37e60ad43207" version="1"/><qdm codeSystemName="Joint Commission" datatype="attribute" id="40280381-3d27-5493-013d-37e60ad53212" name="Medical Reason" oid="2.16.840.1.113883.3.117.1.7.1.473" suppDataElement="false" taxonomy="SNOMEDCT" uuid="40280381-3d27-5493-013d-37e60ad53212" version="1"/><qdm codeSystemName="Joint Commission" datatype="Encounter, Performed" id="40280381-3d61-56a7-013d-7eaaa5735421" name="Non-Elective Inpatient Encounter" oid="2.16.840.1.113883.3.117.1.7.1.424" suppDataElement="false" taxonomy="SNOMEDCT" uuid="40280381-3d61-56a7-013d-7eaaa5735421" version="1.0"/><qdm codeSystemName="National Library of Medicine" datatype="Patient Characteristic Sex" id="40280381-3d27-5493-013d-37e60ad43201" name="ONC Administrative Sex" oid="2.16.840.1.113762.1.4.1" suppDataElement="true" taxonomy="AdministrativeGender" uuid="40280381-3d27-5493-013d-37e60ad43201" version="1"/><qdm codeSystemName="Joint Commission" datatype="attribute" id="40280381-3d27-5493-013d-37e60ad53219" name="Patient Refusal" oid="2.16.840.1.113883.3.117.1.7.1.93" suppDataElement="false" taxonomy="SNOMEDCT" uuid="40280381-3d27-5493-013d-37e60ad53219" version="1"/><qdm codeSystemName="PHDSC" datatype="Patient Characteristic Payer" id="40280381-3d27-5493-013d-37e60ad43204" name="Payer" oid="2.16.840.1.114222.4.11.3591" suppDataElement="true" taxonomy="SOP" uuid="40280381-3d27-5493-013d-37e60ad43204" version="1"/><qdm codeSystemName="CDC NCHS" datatype="Patient Characteristic Race" id="40280381-3d27-5493-013d-37e60ad43202" name="Race" oid="2.16.840.1.114222.4.11.836" suppDataElement="true" taxonomy="CDCREC" uuid="40280381-3d27-5493-013d-37e60ad43202" version="1"/><qdm codeSystemName="Joint Commission" datatype="Medication, Administered" id="40280381-3d27-5493-013d-37e60ad53213" name="Thrombolytic (t-PA) Therapy" oid="2.16.840.1.113883.3.117.1.7.1.226" suppDataElement="false" taxonomy="RXNORM" uuid="40280381-3d27-5493-013d-37e60ad53213" version="1"/><qdm datatype="Encounter, Performed" id="a326acba-44d7-4bd7-bcd2-bb071546e319" name="Emergency Department Visit" oid="2.16.840.1.113883.3.117.1.7.1.292" suppDataElement="false" taxonomy="SNOMEDCT" uuid="a326acba-44d7-4bd7-bcd2-bb071546e319" version="1.0"/></elementLookUp></measure>